#pragma once
#include "epd_driver.h"
const uint8_t RobotoBitmaps[30893] = {
    0x78, 0x9C, 0x03, 0x00, 0x00, 0x00, 0x00, 0x01, 0x78, 0x9C, 0xFB, 0xF1, 0x9F, 0xFF, 0x07, 0xF5,
    0x10, 0x03, 0x2A, 0x38, 0x74, 0x9E, 0xE9, 0xCF, 0x7F, 0x9E, 0xFF, 0xFF, 0xF9, 0x81, 0x24, 0x90,
    0x0D, 0x00, 0xAF, 0x9A, 0x3D, 0xDE, 0x78, 0x9C, 0xFB, 0xCF, 0xCF, 0xF0, 0xE1, 0xFF, 0x7F, 0x34,
    0x82, 0x8F, 0xE1, 0xC3, 0xFB, 0xFF, 0xBC, 0x0C, 0x1F, 0xEE, 0xFF, 0xE7, 0x61, 0xF8, 0x70, 0xFE,
    0x3F, 0x37, 0xC3, 0x87, 0xFD, 0xFF, 0x39, 0x19, 0x3E, 0xCC, 0xFF, 0xCF, 0xC1, 0xF0, 0xA1, 0xFF,
    0x3F, 0x3B, 0xC3, 0x87, 0xFA, 0xFF, 0x6C, 0x0C, 0x1F, 0xF2, 0x01, 0x1A, 0xA0, 0x21, 0x35, 0x78,
    0x9C, 0x9D, 0x91, 0xC9, 0x51, 0x02, 0x51, 0x14, 0x45, 0x2F, 0xC8, 0xA0, 0x34, 0x53, 0x06, 0x98,
    0x81, 0x66, 0x80, 0x19, 0x40, 0x06, 0x92, 0x01, 0x64, 0x20, 0x19, 0x40, 0x06, 0x10, 0x02, 0xFB,
    0x5F, 0x85, 0x64, 0x80, 0x19, 0x68, 0x06, 0xB4, 0x4C, 0x32, 0x14, 0x5C, 0xFB, 0x0D, 0x5D, 0xC5,
    0x8A, 0x45, 0x9F, 0xC5, 0xAB, 0x3A, 0xBD, 0x3A, 0x7D, 0x3F, 0x90, 0xB0, 0x63, 0x0E, 0x38, 0x2D,
    0x61, 0x1C, 0x56, 0xC9, 0xB9, 0x4C, 0xDC, 0xCE, 0x9F, 0xC9, 0x61, 0xDF, 0xED, 0x3A, 0x02, 0x5E,
    0xD9, 0x36, 0x69, 0xF2, 0x1D, 0xE8, 0xB1, 0x61, 0xF6, 0xC6, 0x17, 0x60, 0xCC, 0x9A, 0xD9, 0x40,
    0x3E, 0x2F, 0x58, 0x31, 0x9B, 0xB2, 0x0A, 0xC4, 0x2C, 0x9B, 0x7D, 0xF1, 0x09, 0x58, 0xB3, 0x60,
    0x16, 0xB3, 0xE4, 0x05, 0x08, 0x21, 0x90, 0x73, 0x39, 0x21, 0x44, 0xE0, 0x0D, 0x8D, 0xBB, 0x26,
    0x85, 0x1F, 0x5E, 0x20, 0x3C, 0xB3, 0xE3, 0x05, 0x42, 0x97, 0x2D, 0x2F, 0x10, 0x86, 0xAC, 0x7B,
    0x81, 0x30, 0x63, 0xE4, 0x05, 0xC2, 0x0F, 0x1F, 0x81, 0x0D, 0x1F, 0xCC, 0x7E, 0x59, 0x04, 0xF6,
    0xF4, 0x3F, 0xDF, 0x32, 0x0F, 0x1C, 0xBF, 0x91, 0x66, 0x86, 0x2C, 0x99, 0x3A, 0x9D, 0x16, 0x08,
    0x3A, 0x9D, 0x16, 0x08, 0x3A, 0x9D, 0x16, 0x08, 0x3A, 0x9D, 0x16, 0xD8, 0x46, 0x65, 0x2F, 0x10,
    0x74, 0xBA, 0xBF, 0x34, 0x2C, 0xDB, 0xE3, 0xFD, 0x03, 0x46, 0x7F, 0xBB, 0xF3, 0x78, 0x9C, 0x9D,
    0x91, 0x31, 0x4E, 0xC3, 0x40, 0x10, 0x45, 0x27, 0x81, 0x60, 0x23, 0x40, 0xB8, 0xA1, 0xC6, 0x37,
    0x21, 0x45, 0x3A, 0x0A, 0x72, 0x01, 0x04, 0x17, 0x40, 0xA2, 0xA7, 0xC0, 0x52, 0x1A, 0x0A, 0xEE,
    0xC0, 0x11, 0xE0, 0x06, 0x2E, 0xA8, 0xA8, 0x02, 0x15, 0x55, 0x44, 0x85, 0x28, 0x41, 0x0A, 0x52,
    0x40, 0x36, 0x7E, 0xCC, 0xEC, 0xEE, 0xB8, 0x46, 0x7C, 0xC9, 0xDA, 0x37, 0x3B, 0x33, 0xBB, 0x7F,
    0xD6, 0x22, 0x2A, 0x90, 0x5E, 0xFF, 0xE7, 0xF1, 0x03, 0x5C, 0xAF, 0x45, 0xFC, 0x41, 0x55, 0x0F,
    0x8D, 0xBF, 0x08, 0x3A, 0x52, 0xAC, 0x74, 0x7D, 0xB7, 0x40, 0xAB, 0x96, 0x70, 0x28, 0xC5, 0x0A,
    0x76, 0x44, 0x1A, 0x2E, 0x35, 0x5B, 0x76, 0x9C, 0x48, 0x01, 0x5B, 0xD6, 0xB5, 0x64, 0x2E, 0x53,
    0x58, 0x37, 0xBE, 0xD3, 0x3B, 0xCE, 0x61, 0x60, 0x6C, 0x7B, 0x55, 0xBA, 0xB3, 0x84, 0x0D, 0xDF,
    0x57, 0x1F, 0x99, 0xE6, 0x46, 0x81, 0x27, 0x93, 0x61, 0x11, 0x0E, 0x4E, 0x6A, 0xA9, 0x07, 0xCE,
    0x7A, 0xEF, 0xB1, 0xB3, 0x36, 0x73, 0xE6, 0x99, 0x95, 0x39, 0x1E, 0xA5, 0x51, 0x3A, 0x73, 0x9A,
    0xA5, 0xAA, 0x10, 0xA4, 0xCC, 0xB4, 0xD1, 0xE0, 0x26, 0xB5, 0x14, 0xCF, 0x1A, 0x6C, 0xFA, 0x69,
    0xAF, 0x71, 0xC8, 0x98, 0x69, 0xD5, 0xBF, 0xEB, 0x09, 0x86, 0xCE, 0xA7, 0xEA, 0x71, 0xB1, 0x88,
    0x27, 0xAB, 0xC7, 0xAC, 0xF3, 0x7E, 0xC8, 0x5B, 0xB6, 0x7D, 0xAE, 0xEC, 0x9B, 0xFD, 0xBE, 0xFE,
    0x93, 0xDB, 0xC0, 0x8F, 0x3A, 0xAB, 0x7E, 0xB9, 0xB5, 0x36, 0xD4, 0x32, 0x86, 0xF9, 0x9E, 0x94,
    0x6F, 0x70, 0xD0, 0x3F, 0xB3, 0xB6, 0xC6, 0x77, 0x36, 0xD9, 0xAB, 0xCA, 0x7D, 0xC0, 0x3A, 0xFE,
    0x98, 0x59, 0xC3, 0xCB, 0x85, 0x9B, 0xF9, 0x60, 0xB7, 0xF7, 0xF8, 0x17, 0xAE, 0xAE, 0xF2, 0xB0,
    0xFE, 0x02, 0x29, 0xD8, 0xC0, 0xAB, 0x78, 0x9C, 0x6D, 0x91, 0xCD, 0x51, 0x02, 0x51, 0x10, 0x84,
    0x9B, 0x1F, 0xF5, 0x80, 0x28, 0x26, 0x20, 0x1B, 0x02, 0x01, 0x78, 0x30, 0x00, 0x50, 0x32, 0x80,
    0x0C, 0x08, 0xC1, 0x04, 0xA4, 0x88, 0xC0, 0x32, 0x14, 0xA8, 0xD2, 0x83, 0x37, 0x38, 0x78, 0xD0,
    0x13, 0x90, 0x00, 0x08, 0x85, 0x0B, 0x55, 0xAC, 0xDB, 0xCE, 0xBC, 0xBF, 0xDD, 0xAD, 0x62, 0x0E,
    0x53, 0xAF, 0x6B, 0xBF, 0x9D, 0xE9, 0xD7, 0x0F, 0xD1, 0x17, 0x87, 0x65, 0x64, 0x15, 0x93, 0x1C,
    0x64, 0xB2, 0x4F, 0xAD, 0xF3, 0xA0, 0xB7, 0xBC, 0xC3, 0x1B, 0x9B, 0x41, 0x1F, 0xA6, 0xD2, 0x92,
    0x91, 0x1E, 0x27, 0x17, 0xD2, 0xFE, 0x1E, 0xA5, 0xED, 0xA6, 0xE1, 0x53, 0x7A, 0x2D, 0x6D, 0xB3,
    0x96, 0xD6, 0x32, 0x63, 0xA9, 0xFA, 0x87, 0xD2, 0x66, 0xAC, 0x15, 0xF4, 0x81, 0x6A, 0x23, 0x6D,
    0x3A, 0xDE, 0xE2, 0x48, 0xFC, 0xBC, 0x19, 0x2F, 0x0B, 0xFB, 0x2C, 0x8E, 0x0D, 0xDB, 0x78, 0x17,
    0x3F, 0x2D, 0x3E, 0x19, 0x3F, 0x5D, 0xE7, 0xD7, 0xE1, 0xC0, 0xAF, 0xBD, 0x8F, 0xC3, 0x81, 0xC6,
    0xC7, 0xEA, 0xB9, 0x84, 0xC8, 0xE1, 0xBE, 0x26, 0x1E, 0x77, 0xB5, 0x67, 0x3E, 0x93, 0x13, 0x78,
    0xDD, 0x0D, 0xF2, 0x78, 0x05, 0x3B, 0x59, 0xF4, 0xE0, 0xF1, 0x11, 0xEE, 0x8D, 0x91, 0x6A, 0xC0,
    0x17, 0xEC, 0xDC, 0x7C, 0xF2, 0x2A, 0xE0, 0xF1, 0xBA, 0x84, 0x46, 0x3A, 0xF0, 0x38, 0x8E, 0x7A,
    0x8C, 0xC7, 0x1E, 0xCF, 0x82, 0xB0, 0x78, 0x2E, 0xA8, 0x88, 0xAF, 0x85, 0xE0, 0x0C, 0x9E, 0xD3,
    0x7B, 0xB3, 0x35, 0xFC, 0x6F, 0x71, 0x24, 0x3D, 0x0D, 0x43, 0xE6, 0x47, 0x47, 0x63, 0x22, 0x9E,
    0xEB, 0x6B, 0xE9, 0xD2, 0xBE, 0x31, 0xB9, 0x34, 0x0F, 0x7B, 0x1B, 0xAE, 0x68, 0xFD, 0x9F, 0x65,
    0x77, 0xD6, 0x20, 0x7B, 0xF9, 0x4C, 0xBE, 0xF9, 0x52, 0xC6, 0x3F, 0xED, 0xAD, 0xA6, 0x62, 0x78,
    0x9C, 0x55, 0x91, 0x3B, 0x4E, 0xC3, 0x50, 0x10, 0x45, 0x27, 0x0E, 0x49, 0x84, 0xF8, 0x45, 0xD4,
    0x20, 0xB2, 0x03, 0xB2, 0x03, 0x76, 0x00, 0xEC, 0x80, 0xF4, 0x14, 0x44, 0x69, 0x29, 0x92, 0x1D,
    0x64, 0x09, 0xB0, 0x03, 0x43, 0x01, 0x15, 0x12, 0x91, 0xE8, 0xF1, 0x02, 0x90, 0x30, 0x29, 0xA8,
    0x8D, 0x82, 0x14, 0x7E, 0xB1, 0x2F, 0x73, 0x67, 0x9E, 0x31, 0x99, 0xC2, 0x4F, 0xE7, 0x8D, 0xE7,
    0x73, 0xEF, 0x13, 0x91, 0xF6, 0x6D, 0x9E, 0x9D, 0xCA, 0x5F, 0x7C, 0x40, 0xE3, 0xB0, 0xA4, 0x2B,
    0x58, 0xB4, 0x02, 0x7E, 0x01, 0x8F, 0x0B, 0xE0, 0xC8, 0xA9, 0x03, 0x9C, 0xF1, 0x2E, 0x75, 0x1C,
    0x01, 0x4D, 0x91, 0x4B, 0xA0, 0x6E, 0x38, 0x41, 0xE6, 0xFF, 0x78, 0xF1, 0x1B, 0x2E, 0x78, 0x54,
    0x38, 0xF6, 0x6C, 0xD3, 0xF0, 0x05, 0xB1, 0x7E, 0x7B, 0x40, 0x14, 0xC6, 0xB2, 0x76, 0x8A, 0xC4,
    0x3B, 0xF7, 0x58, 0xD5, 0xC9, 0x71, 0x10, 0xD6, 0x28, 0xB0, 0x27, 0xF3, 0x6A, 0xAB, 0x39, 0x92,
    0x6B, 0x5B, 0xE5, 0xDF, 0xCE, 0xD9, 0x4A, 0x89, 0xED, 0x42, 0x71, 0x67, 0x49, 0xE0, 0xB0, 0x22,
    0x6D, 0x8D, 0xFD, 0x0A, 0xBF, 0x15, 0xD3, 0xDA, 0xB2, 0xFA, 0xB5, 0x12, 0x7F, 0x90, 0x6E, 0x17,
    0x26, 0x83, 0xB3, 0x47, 0xCC, 0xCC, 0x6C, 0x33, 0xAA, 0x98, 0xD1, 0x86, 0x63, 0x7A, 0xD3, 0x05,
    0x1A, 0xF2, 0x69, 0x26, 0xE9, 0xAC, 0xA8, 0x4F, 0x51, 0x39, 0x36, 0xC4, 0xBC, 0xD9, 0x9D, 0x00,
    0x14, 0xB0, 0xCA, 0x86, 0x0B, 0x24, 0xEF, 0xB8, 0x67, 0x3B, 0xC3, 0x29, 0xA7, 0x9D, 0x30, 0x6B,
    0x23, 0xBB, 0xC4, 0x4D, 0x8E, 0xDD, 0x0A, 0x32, 0xD9, 0x58, 0x8F, 0x61, 0xB9, 0x5C, 0x6A, 0xCE,
    0xF1, 0x52, 0xE4, 0x55, 0xB3, 0x35, 0xD3, 0x13, 0xAB, 0xFF, 0x37, 0xAC, 0x5D, 0xF7, 0x17, 0xCB,
    0xEE, 0x72, 0xD3, 0x11, 0xFB, 0x1B, 0x59, 0x24, 0xC1, 0xBE, 0x07, 0xA7, 0x46, 0xDF, 0x06, 0x8B,
    0x0C, 0x9E, 0xF0, 0x7C, 0x1E, 0x99, 0x0F, 0xF5, 0x5F, 0x4F, 0x18, 0xE0, 0x1D, 0x78, 0x9C, 0xFB,
    0xCF, 0xFF, 0x1F, 0x2B, 0x04, 0x00, 0xA3, 0xEC, 0x0C, 0xA9, 0x78, 0x9C, 0x6D, 0x8F, 0xDD, 0x11,
    0xC1, 0x50, 0x14, 0x84, 0xAF, 0xC8, 0x8C, 0x24, 0xE2, 0xA7, 0x03, 0x2A, 0x20, 0x1D, 0x28, 0x41,
    0x09, 0x74, 0x40, 0x07, 0x74, 0x22, 0x1D, 0x50, 0x82, 0x0E, 0xE8, 0xC0, 0x8B, 0x77, 0x66, 0xFC,
    0x24, 0x26, 0x62, 0xDD, 0xBD, 0xCB, 0xC8, 0x83, 0xFB, 0x70, 0xBE, 0xB9, 0x67, 0xF6, 0xEC, 0xD9,
    0x63, 0xCC, 0xEF, 0x1D, 0x3D, 0xD6, 0x39, 0x1A, 0x44, 0x86, 0xD8, 0xD6, 0x29, 0x4E, 0x6C, 0x5E,
    0x31, 0xB0, 0xB5, 0xFB, 0x42, 0xDD, 0x22, 0xC5, 0xC2, 0xB8, 0x5E, 0x8B, 0x28, 0xE1, 0x3B, 0xDD,
    0x8E, 0x9F, 0x3D, 0xC6, 0xC4, 0x0D, 0x6D, 0xA2, 0x40, 0xC0, 0x29, 0xC0, 0x93, 0x13, 0x7B, 0x1B,
    0xAC, 0x89, 0x33, 0x66, 0xC4, 0x05, 0x23, 0xE2, 0x8E, 0x1E, 0x91, 0x7F, 0xC7, 0xB8, 0xD9, 0x3C,
    0x11, 0x11, 0x2F, 0x01, 0x08, 0x85, 0xE0, 0x1F, 0xC2, 0x8A, 0xB2, 0x14, 0x0A, 0x34, 0x89, 0x87,
    0x3C, 0x33, 0x74, 0x94, 0x79, 0xA8, 0xED, 0x13, 0x62, 0x8B, 0x95, 0x0E, 0x3E, 0x10, 0x7D, 0xA0,
    0xA6, 0xBD, 0x0D, 0x65, 0x8A, 0x25, 0x75, 0x13, 0x4B, 0xC5, 0xFE, 0xDC, 0x62, 0xED, 0xA2, 0xCA,
    0xB9, 0x89, 0x0C, 0x6C, 0xD7, 0xAD, 0x4C, 0x65, 0x6B, 0x13, 0x84, 0xBA, 0xD8, 0x69, 0x4D, 0xEE,
    0x3B, 0x24, 0xE6, 0x0D, 0xBF, 0x03, 0x67, 0xEE, 0x78, 0x9C, 0x4D, 0x90, 0x69, 0x0D, 0xC2, 0x50,
    0x10, 0x84, 0xDB, 0x70, 0x86, 0x5B, 0x01, 0xA0, 0x80, 0xD4, 0x00, 0xA9, 0x04, 0x70, 0x00, 0x0E,
    0x8A, 0x03, 0x24, 0x14, 0x07, 0xE0, 0x00, 0x1C, 0x80, 0x04, 0x1C, 0x40, 0x30, 0x00, 0x85, 0x86,
    0xA3, 0xA4, 0x0C, 0x99, 0x9D, 0xBC, 0xA4, 0xEF, 0xCF, 0x97, 0xB7, 0xD9, 0x99, 0x9D, 0x5D, 0xCF,
    0xB3, 0xB7, 0x69, 0x18, 0x6E, 0x27, 0x9F, 0x78, 0x60, 0x44, 0xCC, 0xA1, 0xEF, 0x0B, 0x2D, 0x62,
    0x87, 0x98, 0xE8, 0xFD, 0x50, 0x22, 0x9F, 0xAA, 0x1E, 0x11, 0x11, 0x53, 0x5C, 0xCD, 0x21, 0x47,
    0x55, 0x92, 0x36, 0x91, 0x20, 0x94, 0x72, 0x4D, 0x2C, 0xD4, 0x13, 0x40, 0x06, 0x40, 0x8D, 0xF8,
    0xA2, 0x49, 0x7C, 0xD0, 0x91, 0xEB, 0x80, 0x48, 0x25, 0xBC, 0x63, 0x22, 0x44, 0x72, 0x5B, 0x5A,
    0x48, 0x87, 0xB8, 0xF0, 0x4B, 0x1C, 0x22, 0x09, 0x66, 0xDA, 0x23, 0x2C, 0x78, 0xBE, 0xD1, 0x25,
    0x32, 0xE5, 0xCE, 0x51, 0xE7, 0x32, 0x40, 0xD9, 0xD2, 0x83, 0xB5, 0x15, 0xB6, 0xC4, 0x59, 0xEA,
    0x54, 0x89, 0x32, 0xD7, 0xE8, 0x5B, 0x47, 0xAC, 0x31, 0x7D, 0x45, 0xAF, 0x98, 0x78, 0xAF, 0x99,
    0xAC, 0x0D, 0x75, 0x9D, 0x8B, 0x0B, 0x4E, 0x77, 0xEF, 0x30, 0xB6, 0xDB, 0x04, 0xBA, 0xF5, 0x1F,
    0xD4, 0x1C, 0x6B, 0x90, 0x78, 0x9C, 0x63, 0x60, 0x60, 0x60, 0xF8, 0xF0, 0x9F, 0x9F, 0x01, 0x0A,
    0x88, 0x65, 0x0A, 0x20, 0x98, 0x0D, 0xEB, 0x59, 0xC0, 0x4C, 0x85, 0x17, 0xAC, 0x07, 0xFE, 0xBF,
    0xD7, 0x00, 0x32, 0x13, 0xFE, 0xFC, 0xE7, 0xFA, 0xF8, 0xFF, 0xFF, 0xFF, 0x3F, 0xFF, 0xD7, 0x03,
    0x49, 0xBE, 0x45, 0xFF, 0xFE, 0x43, 0x81, 0x2C, 0x83, 0xC1, 0x0D, 0x30, 0x63, 0xBF, 0x18, 0x48,
    0x67, 0x13, 0x90, 0x15, 0x09, 0x31, 0x76, 0x01, 0x90, 0xC9, 0x02, 0x61, 0x7E, 0xFB, 0xFF, 0xEF,
    0xBF, 0x1C, 0x98, 0xA5, 0xF0, 0xFF, 0xFF, 0xE2, 0xFF, 0xFB, 0xC1, 0xCC, 0x0B, 0xFF, 0xFB, 0x05,
    0xFE, 0xFD, 0x67, 0x07, 0x31, 0x7F, 0xFE, 0xE7, 0x65, 0xF8, 0xFA, 0xDF, 0x1E, 0xC8, 0x0A, 0xF8,
    0xFF, 0x9F, 0x19, 0xA8, 0xF3, 0x3E, 0x90, 0x39, 0xE1, 0x7F, 0x3F, 0xD0, 0x51, 0xFF, 0xFE, 0xB3,
    0x82, 0x0C, 0xE0, 0x05, 0x12, 0x5F, 0xFC, 0xC0, 0x26, 0x30, 0x01, 0x89, 0x02, 0x46, 0x06, 0x06,
    0x00, 0x21, 0x3B, 0x56, 0x35, 0x78, 0x9C, 0x63, 0x60, 0x00, 0x82, 0x8E, 0x0E, 0x16, 0x06, 0x38,
    0xF8, 0xFF, 0x9F, 0x63, 0xE0, 0x38, 0xBB, 0x41, 0xE0, 0xFF, 0xFF, 0xFD, 0x20, 0x8A, 0xF5, 0x3F,
    0x12, 0xE0, 0xC0, 0xCD, 0x19, 0x78, 0x57, 0x63, 0x72, 0x60, 0x21, 0x0A, 0x00, 0xC2, 0x84, 0x59,
    0xF0, 0x78, 0x9C, 0x63, 0xF8, 0xF0, 0xBF, 0x9F, 0x01, 0x15, 0xD7, 0x33, 0x7C, 0xFA, 0xEF, 0xCF,
    0xF0, 0xF5, 0xBF, 0x3C, 0xC3, 0xAF, 0xFF, 0xDC, 0x0A, 0xFF, 0xFF, 0xB3, 0x2C, 0xF8, 0xBF, 0x9E,
    0xE1, 0xF3, 0x7F, 0x39, 0x86, 0x80, 0xFF, 0xCC, 0x0C, 0x0C, 0x86, 0x0C, 0x0C, 0x00, 0x1F, 0x85,
    0x1A, 0xC1, 0x78, 0x9C, 0xDB, 0xBD, 0x1B, 0x04, 0xFE, 0x63, 0x00, 0x00, 0x08, 0xB7, 0x16, 0x51,
    0x78, 0x9C, 0x5B, 0xF8, 0x4E, 0xEA, 0xF7, 0xFF, 0xFD, 0xFF, 0xFF, 0xFF, 0x07, 0x92, 0x0B, 0xDF,
    0x49, 0x01, 0x00, 0x5F, 0x9D, 0x0B, 0xC2, 0x78, 0x9C, 0x7D, 0xD0, 0xDB, 0x0D, 0x01, 0x51, 0x14,
    0x85, 0xE1, 0xC3, 0x20, 0x2E, 0x19, 0x74, 0x60, 0x3A, 0xA0, 0x03, 0x3A, 0xA0, 0x03, 0x3A, 0xA0,
    0x03, 0x12, 0x2F, 0xDE, 0xE8, 0xC0, 0x74, 0x40, 0x07, 0x74, 0x30, 0xD3, 0x01, 0x1D, 0xB8, 0xCB,
    0x10, 0xFC, 0x12, 0x67, 0x21, 0x91, 0x89, 0xFD, 0xF4, 0x65, 0x25, 0x3B, 0x3B, 0x6B, 0x1B, 0xF3,
    0x9A, 0x90, 0x92, 0x85, 0x39, 0x92, 0x93, 0xAE, 0x38, 0x16, 0x65, 0x56, 0x8A, 0x3A, 0xF4, 0xA5,
    0x25, 0x15, 0xE9, 0x40, 0x5E, 0xBA, 0x90, 0x92, 0x1E, 0x1B, 0xA1, 0xC5, 0x58, 0x9A, 0x53, 0x95,
    0xF6, 0x14, 0xA4, 0x88, 0xF4, 0xEF, 0x42, 0x83, 0xA9, 0xE4, 0x53, 0x97, 0x76, 0xB8, 0xD2, 0x99,
    0x8C, 0x74, 0x27, 0x61, 0x51, 0x63, 0xA6, 0x68, 0x42, 0x53, 0xDA, 0x52, 0x94, 0x4E, 0x64, 0xA5,
    0x1B, 0x49, 0x0B, 0x8F, 0x85, 0xA2, 0x01, 0x6D, 0x69, 0xFD, 0x59, 0x88, 0xAD, 0x1F, 0x28, 0xEA,
    0xD1, 0x95, 0xC2, 0xBF, 0xF5, 0x79, 0xB7, 0x89, 0xFB, 0xD7, 0xB7, 0xFE, 0x70, 0xA4, 0x0B, 0xE6,
    0x09, 0x8D, 0xFC, 0x4A, 0x61, 0x78, 0x9C, 0xAD, 0x91, 0x49, 0xB2, 0x41, 0x41, 0x10, 0x45, 0x93,
    0xCF, 0xD7, 0x87, 0xB7, 0x01, 0x11, 0x96, 0x60, 0x07, 0xEC, 0x80, 0xA9, 0x01, 0x6B, 0xC0, 0x46,
    0x2C, 0x01, 0x2B, 0x20, 0x8C, 0x0D, 0xEC, 0xE0, 0x2F, 0x40, 0x04, 0x61, 0x6C, 0xA0, 0x09, 0x42,
    0xFF, 0x8E, 0xAC, 0xE4, 0x69, 0x06, 0x66, 0x3F, 0x27, 0x75, 0xAA, 0xC9, 0xAA, 0x7B, 0x6F, 0x89,
    0x48, 0x6B, 0xC2, 0xB4, 0x2A, 0x56, 0x43, 0x5C, 0xD5, 0x1D, 0x16, 0x7C, 0x63, 0x12, 0xCA, 0x1B,
    0x58, 0x8E, 0xAE, 0xD0, 0x56, 0xBE, 0x30, 0x8B, 0x88, 0x77, 0x80, 0x88, 0x94, 0x20, 0xAD, 0x2B,
    0x15, 0x37, 0x0C, 0x20, 0xE4, 0xDA, 0x0E, 0x14, 0x65, 0x4D, 0xC7, 0x6E, 0x5B, 0x6B, 0xC3, 0x4E,
    0xE7, 0xAE, 0x06, 0xFC, 0xE9, 0x5E, 0xD6, 0xB8, 0x01, 0x72, 0xB6, 0x56, 0x71, 0x77, 0x84, 0xAF,
    0x24, 0x8D, 0xF3, 0x10, 0xF5, 0xED, 0x41, 0x11, 0x0F, 0x7E, 0x21, 0x7E, 0x97, 0x05, 0xB1, 0x2F,
    0x1C, 0xFF, 0x27, 0x8E, 0xF9, 0x1F, 0xFC, 0xD2, 0x70, 0x21, 0xF5, 0xD4, 0x76, 0x22, 0x63, 0xAC,
    0x86, 0xC3, 0xFB, 0x37, 0x2F, 0x5B, 0xCA, 0xC6, 0x63, 0xF5, 0xB8, 0xA2, 0xFF, 0xF4, 0xDE, 0xD5,
    0x73, 0x8E, 0x8F, 0x9A, 0x41, 0x01, 0x72, 0x41, 0x56, 0x72, 0x0A, 0x32, 0xFC, 0x11, 0x99, 0x6B,
    0xC6, 0x41, 0xB6, 0xF9, 0x47, 0xE6, 0x26, 0xA5, 0x67, 0x58, 0xBB, 0xAB, 0x6A, 0x2E, 0x1E, 0x7F,
    0x74, 0x03, 0x1D, 0x0D, 0xAE, 0xAE, 0x78, 0x9C, 0x63, 0x60, 0x00, 0x82, 0xC2, 0x5E, 0x10, 0xB9,
    0xF5, 0x7F, 0x3F, 0x03, 0x83, 0xC1, 0xCB, 0xFF, 0x40, 0x2A, 0xF1, 0xCF, 0x7F, 0x20, 0xB5, 0xE4,
    0x3F, 0x08, 0xF4, 0x83, 0x88, 0xBF, 0x60, 0xCA, 0xF2, 0x03, 0x90, 0xDA, 0xCF, 0xCA, 0x00, 0xA4,
    0x6A, 0x19, 0x19, 0x40, 0x14, 0x48, 0xDF, 0x90, 0xA5, 0x00, 0x3E, 0xEF, 0x68, 0xC1, 0x78, 0x9C,
    0x75, 0x90, 0xCB, 0x0D, 0xC2, 0x30, 0x0C, 0x86, 0x5D, 0x4A, 0x79, 0x0A, 0xA9, 0x0B, 0x80, 0xBA,
    0x09, 0x6C, 0x00, 0x23, 0xC0, 0x04, 0x8C, 0x00, 0x03, 0x20, 0x21, 0x36, 0x60, 0x03, 0xB8, 0x83,
    0xC4, 0x04, 0xA8, 0x70, 0xE0, 0xC2, 0x05, 0xB1, 0x40, 0x41, 0x3C, 0x25, 0x4A, 0xF3, 0xE3, 0x44,
    0x71, 0xDB, 0x0B, 0xDF, 0x21, 0xF9, 0x12, 0x27, 0xB6, 0x65, 0x22, 0x1A, 0x1C, 0xD5, 0x65, 0xE2,
    0x92, 0x66, 0x06, 0x4D, 0xA8, 0x0F, 0x1D, 0x65, 0x1C, 0x23, 0xF6, 0x07, 0xEF, 0xDB, 0x84, 0x97,
    0x32, 0xF9, 0x1C, 0xF6, 0x88, 0x0E, 0x40, 0x9B, 0xE6, 0x40, 0x55, 0xFF, 0x8A, 0xB1, 0xA1, 0x1B,
    0x42, 0x93, 0xE1, 0x0C, 0x38, 0x6F, 0x8E, 0x69, 0xC6, 0x80, 0x17, 0xA3, 0x61, 0x3C, 0xE0, 0xCF,
    0x0A, 0x35, 0xE3, 0xC4, 0x1E, 0x45, 0x15, 0xF1, 0x12, 0x59, 0xF8, 0x4D, 0x51, 0xBC, 0x0F, 0x88,
    0xD2, 0x0E, 0x8B, 0xD4, 0x9F, 0x36, 0x37, 0xE3, 0x2B, 0xD4, 0xC5, 0x97, 0x40, 0x41, 0xFC, 0x6D,
    0x7A, 0x36, 0xF4, 0x90, 0x3D, 0xB9, 0xE3, 0xE4, 0x48, 0x21, 0x85, 0x96, 0x5C, 0xEF, 0x01, 0x57,
    0xFC, 0x8B, 0x6E, 0x2E, 0xA1, 0x27, 0xFE, 0xC1, 0x50, 0x74, 0xAC, 0x67, 0x60, 0x79, 0x61, 0x9A,
    0xAB, 0x53, 0xCD, 0xEA, 0xA4, 0xDD, 0x06, 0xB9, 0x0E, 0xCF, 0x76, 0x40, 0x9A, 0x04, 0xCD, 0x5C,
    0x9D, 0xF5, 0xCA, 0x72, 0x45, 0xC6, 0x3F, 0xFF, 0x01, 0x6C, 0x25, 0x9C, 0x45, 0x78, 0x9C, 0x4D,
    0x90, 0x4B, 0x4E, 0x02, 0x51, 0x10, 0x45, 0xAB, 0xC3, 0x2F, 0x44, 0x13, 0x7A, 0x07, 0xBA, 0x00,
    0x41, 0x77, 0x20, 0x4B, 0x70, 0xCA, 0x88, 0x44, 0x13, 0x07, 0x8E, 0xD4, 0x0D, 0xC0, 0x0A, 0x94,
    0x1D, 0x80, 0x2B, 0x60, 0xE0, 0x50, 0x07, 0xEE, 0x00, 0x07, 0x32, 0xEA, 0xC4, 0xCF, 0x0A, 0x20,
    0x06, 0x95, 0x84, 0xCF, 0xB1, 0xAA, 0x7C, 0xAF, 0xED, 0x3B, 0xE8, 0x9C, 0x57, 0xFD, 0x5E, 0xDD,
    0x5B, 0x25, 0x22, 0x57, 0x19, 0x6F, 0x17, 0x89, 0x98, 0xEE, 0x30, 0x0D, 0xED, 0xD0, 0xDE, 0x3A,
    0xD3, 0x52, 0x5E, 0xC0, 0xEC, 0x71, 0xA3, 0x9F, 0x44, 0xD2, 0x2D, 0x93, 0xB2, 0xC8, 0x0B, 0xEC,
    0xC8, 0x00, 0xEA, 0xF6, 0x6A, 0xCD, 0xB1, 0xCC, 0x99, 0x78, 0x87, 0x4F, 0x86, 0x7A, 0xBD, 0xEB,
    0xFC, 0xA4, 0xB5, 0x1F, 0xF6, 0x9C, 0x07, 0xCC, 0xE4, 0xEC, 0xBC, 0xEA, 0xDC, 0x07, 0x89, 0x1A,
    0x69, 0x3D, 0xEA, 0x99, 0x71, 0xCE, 0x5F, 0xA1, 0x87, 0xEA, 0x08, 0x76, 0x03, 0xEE, 0x2F, 0x2D,
    0x83, 0xEA, 0xF2, 0x21, 0xD3, 0x7C, 0x4D, 0x2F, 0xCE, 0x2D, 0xE6, 0xAD, 0x14, 0x38, 0x09, 0x96,
    0xA6, 0xD8, 0x26, 0x3D, 0x5D, 0x43, 0x25, 0xF6, 0x3C, 0x81, 0xC3, 0xDC, 0x6B, 0x51, 0xF0, 0x1D,
    0x15, 0xB2, 0xB5, 0xA1, 0x1C, 0x39, 0x85, 0x6A, 0xFE, 0x03, 0x6A, 0x61, 0x74, 0xAF, 0x6F, 0x74,
    0x17, 0x21, 0x68, 0x65, 0x45, 0x23, 0xCE, 0x98, 0x7C, 0xD3, 0x73, 0xFE, 0xD0, 0x3D, 0xBC, 0x07,
    0xF3, 0x95, 0x06, 0x52, 0xF3, 0x71, 0x49, 0x64, 0xEA, 0x73, 0x2D, 0xFF, 0x77, 0x6B, 0x8F, 0x5C,
    0x07, 0x76, 0xF3, 0xDE, 0xF1, 0xE6, 0xCF, 0xF1, 0x3A, 0xE3, 0xB5, 0x63, 0xF0, 0x0B, 0xED, 0xE6,
    0xA1, 0xA0, 0x78, 0x9C, 0xB5, 0xD0, 0xC1, 0x0D, 0xC1, 0x70, 0x18, 0x86, 0xF1, 0xAF, 0x11, 0x41,
    0x1A, 0x62, 0x04, 0x1B, 0x18, 0x81, 0x0D, 0xF4, 0xEE, 0xC0, 0x08, 0x36, 0x60, 0x03, 0x36, 0x60,
    0x8F, 0x1E, 0x6A, 0x04, 0x1B, 0x34, 0x9D, 0x40, 0x52, 0x22, 0x52, 0xEA, 0x91, 0x88, 0xBE, 0xFF,
    0xEF, 0xE2, 0xE8, 0xB9, 0xFD, 0xAE, 0x8F, 0xD9, 0xA7, 0x1D, 0x74, 0xAD, 0xE9, 0xE2, 0x51, 0x3B,
    0xAC, 0x70, 0x28, 0x3D, 0x1E, 0x0E, 0x09, 0x79, 0x40, 0xC1, 0x2C, 0xA0, 0x22, 0x16, 0xA6, 0x10,
    0x09, 0x27, 0xD6, 0x26, 0xDC, 0xE9, 0x0B, 0x23, 0x68, 0x09, 0x47, 0xF6, 0x26, 0xDC, 0x18, 0x08,
    0xC3, 0x17, 0x6D, 0xE1, 0x40, 0x66, 0xC2, 0x95, 0x71, 0x40, 0x4D, 0x47, 0xD8, 0x90, 0x9B, 0x50,
    0x32, 0x09, 0x78, 0xD2, 0x13, 0x96, 0x9C, 0x23, 0xA1, 0x60, 0x61, 0x42, 0x45, 0x68, 0xCB, 0x4F,
    0xA4, 0xDF, 0x20, 0x4B, 0xE7, 0xCD, 0x2C, 0xBF, 0xF7, 0x1F, 0x78, 0x03, 0x54, 0xD5, 0x9E, 0xF3,
    0x78, 0x9C, 0x6D, 0xD0, 0x4D, 0x0E, 0xC1, 0x50, 0x10, 0x07, 0xF0, 0xD1, 0xA2, 0xBE, 0x35, 0xE2,
    0x00, 0x56, 0xB6, 0x1C, 0x40, 0xC2, 0x11, 0x6C, 0xC5, 0x1D, 0x7C, 0xC5, 0xDE, 0x11, 0x58, 0xDB,
    0xE0, 0x04, 0xF6, 0x48, 0xEA, 0x06, 0xEC, 0x25, 0xD8, 0x5A, 0x95, 0xF8, 0x48, 0x45, 0xDA, 0xBF,
    0xF7, 0x9E, 0x76, 0xD2, 0x85, 0x59, 0xFD, 0xD2, 0x4C, 0x67, 0xFE, 0xF3, 0x68, 0x0B, 0xBF, 0x46,
    0x44, 0xE7, 0x90, 0xAF, 0x21, 0xDF, 0x60, 0xAD, 0x55, 0xB5, 0x89, 0xEE, 0xC8, 0x53, 0x50, 0x0F,
    0xE4, 0xD8, 0x2F, 0x64, 0xD8, 0x0E, 0x52, 0xEC, 0x37, 0x92, 0xEC, 0x0F, 0x0C, 0xB6, 0x8B, 0x18,
    0xDB, 0x43, 0x94, 0x0D, 0x68, 0xC3, 0xD5, 0xB4, 0x2C, 0x59, 0x02, 0x2E, 0x32, 0x41, 0x4D, 0xB8,
    0x1A, 0xC4, 0x49, 0x10, 0x35, 0x03, 0xCF, 0x88, 0x7A, 0xC0, 0xB2, 0x48, 0x03, 0x0F, 0x62, 0x5C,
    0xF5, 0x62, 0xEB, 0xA2, 0x75, 0x0E, 0x15, 0xAB, 0xE0, 0xAF, 0xEC, 0xF2, 0xE8, 0x1B, 0x4E, 0x6C,
    0xD1, 0x14, 0x09, 0x2C, 0xE6, 0xF1, 0x7E, 0x13, 0x88, 0x87, 0xB2, 0x18, 0xFF, 0x2C, 0x7B, 0x3E,
    0xFE, 0x59, 0x0D, 0xB1, 0xD8, 0x41, 0x56, 0x59, 0x64, 0xD1, 0x9E, 0xA8, 0x2B, 0xEF, 0x61, 0x8B,
    0x27, 0xB4, 0xFC, 0xA7, 0x19, 0xD3, 0x44, 0x25, 0x97, 0x67, 0x54, 0xE4, 0xBD, 0x96, 0x4E, 0xA6,
    0xA3, 0x3E, 0xDD, 0x01, 0x7B, 0xE3, 0x02, 0x3B, 0x39, 0xCC, 0xFB, 0xDD, 0x95, 0x96, 0x7F, 0x2D,
    0x14, 0x3B, 0xBF, 0x95, 0xFD, 0x03, 0x8E, 0x2D, 0x89, 0x2F, 0xA8, 0xF2, 0xA4, 0x48, 0x78, 0x9C,
    0x3D, 0x90, 0x3B, 0x4E, 0x02, 0x61, 0x14, 0x85, 0xAF, 0x08, 0xBE, 0x12, 0x71, 0x1A, 0x43, 0x08,
    0x31, 0xB2, 0x03, 0x59, 0x02, 0xAD, 0x25, 0xB5, 0x31, 0xBA, 0x03, 0x96, 0xA0, 0x0B, 0x20, 0x11,
    0x56, 0x00, 0x09, 0xB1, 0xB2, 0xB0, 0xA6, 0x30, 0xEE, 0x40, 0xA8, 0x2D, 0xC4, 0x58, 0xD0, 0x99,
    0x49, 0x7C, 0x8D, 0x21, 0xCE, 0x7C, 0xDE, 0xFB, 0x3F, 0xE6, 0x34, 0xF3, 0xCD, 0xCC, 0xB9, 0xF7,
    0x9C, 0xFF, 0x17, 0x51, 0xF5, 0x66, 0xEF, 0x7D, 0xF1, 0x9A, 0x02, 0x57, 0x1E, 0x47, 0x94, 0xDC,
    0xCE, 0x15, 0x9F, 0xCE, 0x1C, 0xBF, 0xC1, 0xE3, 0xA1, 0x77, 0x24, 0x05, 0xCB, 0xCD, 0x30, 0x38,
    0x81, 0xDD, 0x80, 0xF2, 0xC5, 0x7D, 0x44, 0xF9, 0x63, 0x3F, 0x62, 0x07, 0xAA, 0x91, 0x87, 0xCC,
    0x4B, 0xCB, 0x6B, 0x4C, 0x54, 0x7D, 0x70, 0x2C, 0xB7, 0x79, 0x3A, 0xA8, 0x28, 0x7F, 0x53, 0x5F,
    0x59, 0x87, 0xB1, 0x72, 0xC6, 0x1D, 0x4E, 0x47, 0x22, 0x6B, 0x7B, 0x3E, 0x68, 0xA5, 0xB9, 0xAD,
    0x27, 0x6D, 0x48, 0xF2, 0x0B, 0x3B, 0xA2, 0x5F, 0x5A, 0x6A, 0xED, 0xC2, 0x89, 0x14, 0x61, 0x7F,
    0xC6, 0x8D, 0xD8, 0xBB, 0xCF, 0x49, 0x95, 0x0F, 0x1C, 0x5F, 0x43, 0x85, 0x50, 0x4D, 0x07, 0x6A,
    0xB1, 0x7D, 0x02, 0x5B, 0x45, 0x3C, 0x09, 0x6C, 0xE7, 0xEC, 0x95, 0xBC, 0x0E, 0x7E, 0xF3, 0x64,
    0x61, 0x8F, 0xCE, 0x56, 0x3F, 0xE9, 0xC7, 0x9D, 0x1B, 0x0B, 0x96, 0x8E, 0x17, 0x9A, 0x7F, 0xA9,
    0x33, 0xC6, 0x3F, 0xF6, 0x3F, 0xE7, 0xC2, 0xDB, 0xEB, 0x76, 0x3F, 0x34, 0x5D, 0xE7, 0x9A, 0x98,
    0xC9, 0x9D, 0x65, 0xEC, 0xDB, 0x3A, 0xB9, 0xF8, 0x8E, 0xDD, 0x39, 0xE7, 0x3E, 0xBD, 0xFB, 0xCC,
    0xCB, 0xA9, 0xC1, 0x3F, 0xED, 0x38, 0xAA, 0x0E, 0x78, 0x9C, 0x85, 0xD0, 0xDD, 0x0D, 0xC1, 0x00,
    0x14, 0x86, 0x61, 0x04, 0x21, 0x7E, 0x37, 0x60, 0x03, 0x36, 0x30, 0x02, 0x23, 0xD8, 0xC0, 0x08,
    0xBA, 0x01, 0x1B, 0x18, 0x81, 0x7B, 0x17, 0x3A, 0x82, 0x0D, 0x74, 0x03, 0xD1, 0x46, 0xA3, 0xA9,
    0x7A, 0xF5, 0xC2, 0x77, 0x7A, 0xEE, 0x9C, 0xAB, 0xE7, 0xE2, 0x4B, 0xDE, 0xE4, 0xC0, 0xFF, 0x3B,
    0xEB, 0x72, 0x0E, 0x35, 0x5D, 0xCC, 0xCC, 0x9C, 0xD1, 0x13, 0xC7, 0xD0, 0x94, 0x03, 0x6E, 0x36,
    0x89, 0xD8, 0x98, 0x53, 0x86, 0xE6, 0x82, 0x8E, 0xB8, 0x82, 0xBA, 0x1C, 0xBA, 0x52, 0xE2, 0x4A,
    0x79, 0x55, 0x9A, 0xBA, 0xD2, 0xDE, 0x95, 0x1E, 0xAE, 0xF4, 0x62, 0x64, 0xFE, 0x54, 0xA5, 0xB5,
    0x2B, 0x5D, 0x39, 0xDA, 0xE4, 0xC9, 0xC2, 0xFC, 0xA6, 0x2F, 0xCE, 0xA1, 0x25, 0x9F, 0xB8, 0xDB,
    0x24, 0x66, 0x6B, 0xCE, 0x98, 0x88, 0xE5, 0x0B, 0xBA, 0x72, 0x00, 0x0D, 0x39, 0xE2, 0x62, 0xF3,
    0x94, 0xA5, 0xB9, 0x60, 0x20, 0x96, 0x2F, 0x68, 0xCB, 0xA1, 0x2B, 0x25, 0xEC, 0x7E, 0xFA, 0x02,
    0xE9, 0xE1, 0x75, 0x32, 0x78, 0x9C, 0x3D, 0x91, 0x41, 0x4E, 0xC2, 0x60, 0x10, 0x85, 0x1F, 0x14,
    0x01, 0x35, 0x24, 0xAC, 0x58, 0x0A, 0x07, 0x30, 0xA6, 0x17, 0x40, 0xBD, 0x81, 0xDE, 0x40, 0xDD,
    0x7A, 0x09, 0x4C, 0x38, 0x00, 0x78, 0x02, 0xE4, 0x04, 0x70, 0x00, 0x0D, 0x0B, 0xDD, 0x12, 0x5D,
    0xBB, 0xA9, 0x6C, 0xDC, 0xB8, 0x28, 0x09, 0x8A, 0x84, 0xD2, 0x3E, 0xDF, 0x0C, 0x95, 0xD9, 0xFC,
    0xDF, 0xDF, 0xBE, 0xBE, 0x79, 0x33, 0x05, 0x70, 0xF3, 0xCE, 0xE8, 0xB6, 0x00, 0xAB, 0x7B, 0x5A,
    0x0D, 0xEC, 0xD2, 0x4A, 0x9D, 0x79, 0x22, 0x9E, 0xE9, 0x7C, 0xD2, 0x3D, 0xD6, 0x8B, 0x84, 0x71,
    0x19, 0xF5, 0x5F, 0xF2, 0x10, 0xE7, 0xE4, 0x91, 0x29, 0xC9, 0x0B, 0xF4, 0xC9, 0x92, 0x39, 0xFC,
    0x70, 0x80, 0x37, 0x46, 0xEE, 0x66, 0xE7, 0x9C, 0x23, 0xE7, 0x07, 0x52, 0xDC, 0x73, 0xBE, 0x13,
    0x7F, 0xEC, 0x9E, 0xC7, 0x18, 0xEF, 0xF4, 0x13, 0x5C, 0xE6, 0x3E, 0xDF, 0xBC, 0x02, 0x52, 0xEF,
    0xDE, 0xCA, 0x58, 0x03, 0x16, 0x64, 0xC3, 0xFB, 0x16, 0x81, 0x30, 0x23, 0xA7, 0xCA, 0x73, 0x6A,
    0xCA, 0xA1, 0xC7, 0x1C, 0xF9, 0x00, 0xCF, 0xCE, 0x9D, 0xBC, 0x89, 0xD7, 0xB1, 0x78, 0xC5, 0xA8,
    0x81, 0x70, 0xCD, 0xB8, 0x68, 0xFE, 0x07, 0x7A, 0xA2, 0xE8, 0x35, 0x65, 0x78, 0xC5, 0x36, 0x73,
    0x07, 0x4B, 0x9E, 0x39, 0x8F, 0x95, 0x27, 0xB1, 0x7E, 0x2A, 0x69, 0x83, 0xD4, 0xE5, 0x3E, 0x64,
    0x99, 0xAC, 0x3A, 0x83, 0xAC, 0x90, 0xFB, 0x8E, 0x75, 0x71, 0xA6, 0x5D, 0x58, 0x85, 0xD2, 0x24,
    0x6C, 0xFE, 0xCF, 0x18, 0x2C, 0xF3, 0x79, 0x67, 0xF2, 0xD4, 0x0A, 0xF7, 0x4C, 0xBE, 0x51, 0xAF,
    0x6B, 0xC5, 0x0D, 0x80, 0x4F, 0xCB, 0x80, 0xB5, 0xD6, 0xFA, 0x68, 0xBB, 0xD5, 0x5C, 0xFD, 0x3C,
    0x73, 0xDB, 0xBE, 0x7A, 0x71, 0xDC, 0x3A, 0xA0, 0xFB, 0xA5, 0x7F, 0x64, 0xF0, 0x07, 0xAE, 0x8A,
    0xC6, 0xD1, 0x78, 0x9C, 0x3D, 0x90, 0x3B, 0x4E, 0xC3, 0x40, 0x14, 0x45, 0x5F, 0x42, 0x88, 0x03,
    0x8A, 0xC0, 0x1B, 0x08, 0xA4, 0x8C, 0xA8, 0x58, 0x42, 0x4A, 0x3A, 0xE8, 0x91, 0xF8, 0xAC, 0x80,
    0x25, 0x90, 0x1D, 0x00, 0x2B, 0x70, 0x9A, 0xD4, 0x91, 0xE8, 0x91, 0x58, 0x00, 0x22, 0x48, 0x94,
    0x14, 0x8E, 0xD8, 0x80, 0x29, 0xB0, 0xF8, 0x08, 0xFB, 0x70, 0x67, 0x3C, 0xE3, 0xDB, 0xCC, 0xF1,
    0x67, 0xEE, 0x9C, 0x37, 0x66, 0x76, 0xF9, 0xC6, 0xF3, 0xC4, 0x7C, 0xEE, 0x70, 0xD9, 0x76, 0x38,
    0xAE, 0x3D, 0x17, 0x1B, 0xE2, 0x77, 0xAD, 0x4F, 0x7A, 0xDE, 0x13, 0xFF, 0x91, 0xF7, 0x6C, 0x5A,
    0x91, 0x9B, 0x5D, 0xC0, 0x50, 0x6F, 0x1E, 0xA1, 0x6F, 0x2F, 0x14, 0x1D, 0x71, 0x5A, 0xB3, 0x63,
    0x9F, 0x5C, 0xF9, 0xB6, 0x92, 0x73, 0xFB, 0x66, 0xD7, 0xF3, 0x9A, 0xA5, 0xB6, 0x0E, 0x3D, 0xCF,
    0x28, 0xAC, 0x66, 0xCB, 0xF3, 0x09, 0x74, 0x61, 0xE0, 0x79, 0x0C, 0xBD, 0xC8, 0xA9, 0x4A, 0xE3,
    0x3F, 0x06, 0x49, 0xDC, 0x2B, 0x1E, 0xFC, 0xB0, 0xDF, 0x72, 0xC9, 0x75, 0xE8, 0x24, 0xF9, 0x68,
    0x1C, 0x74, 0x3E, 0xC9, 0x6D, 0xE3, 0xA6, 0x7A, 0xFA, 0x92, 0x92, 0xF3, 0xE1, 0xAF, 0x78, 0x53,
    0x52, 0x7E, 0x96, 0x95, 0xCE, 0x72, 0x03, 0xB8, 0x1C, 0xC8, 0xC1, 0xEC, 0xD5, 0xE1, 0xD9, 0x14,
    0x5C, 0xC5, 0xA2, 0xCA, 0x4F, 0xF5, 0x79, 0x65, 0x31, 0x73, 0xB2, 0x96, 0xD7, 0x1C, 0xB7, 0x5C,
    0x6A, 0xDE, 0x98, 0x2A, 0xB8, 0x37, 0x3A, 0x9D, 0xC8, 0x5F, 0xDC, 0x44, 0xBC, 0x27, 0x8E, 0x91,
    0x2E, 0x08, 0xB6, 0x73, 0x77, 0xB3, 0x8C, 0x42, 0xB3, 0x92, 0x59, 0xCB, 0x59, 0x37, 0x70, 0xF1,
    0x70, 0xD4, 0xD0, 0x3F, 0x56, 0xEB, 0xAA, 0x88, 0x78, 0x9C, 0x5B, 0xF8, 0x4E, 0xEA, 0xF7, 0xFF,
    0xFD, 0xFF, 0xFF, 0xFF, 0x07, 0x92, 0x0B, 0xDF, 0x49, 0x31, 0x90, 0x0E, 0x16, 0xA2, 0x9A, 0x00,
    0x00, 0xC7, 0x5C, 0x17, 0x83, 0x78, 0x9C, 0x63, 0x58, 0xF8, 0x4E, 0x8A, 0xE1, 0xF7, 0xFF, 0xFD,
    0x0C, 0xFF, 0xFF, 0xFF, 0x07, 0xD3, 0x20, 0x3E, 0xA5, 0xE0, 0xC7, 0x7F, 0x7E, 0x14, 0xFC, 0x13,
    0x88, 0x7F, 0xFF, 0xE7, 0x61, 0xF8, 0xFB, 0x9F, 0x43, 0xE1, 0xFF, 0x7F, 0xE6, 0x86, 0xFF, 0xE7,
    0x19, 0x3E, 0xFE, 0xD7, 0x67, 0xF8, 0xFE, 0x9F, 0x83, 0x61, 0xC1, 0x7A, 0xA0, 0x7A, 0x16, 0x06,
    0x06, 0x00, 0x88, 0xEE, 0x23, 0xCA, 0x78, 0x9C, 0x63, 0x60, 0x80, 0x82, 0xC5, 0x30, 0xC6, 0x96,
    0xFF, 0x50, 0xC6, 0xD5, 0xFF, 0x50, 0xD6, 0xB3, 0xFF, 0x10, 0x96, 0xC0, 0x8B, 0xFF, 0x10, 0x96,
    0xC2, 0x4F, 0x20, 0xFD, 0x5E, 0x82, 0x81, 0xC1, 0xE0, 0x17, 0x90, 0x71, 0x9E, 0x95, 0x81, 0xC1,
    0xE1, 0x37, 0x90, 0x31, 0x9F, 0x89, 0x81, 0x21, 0xE0, 0x0F, 0x90, 0x91, 0x0B, 0x52, 0xFD, 0x17,
    0xC8, 0xB0, 0x02, 0xEB, 0xFF, 0xFF, 0xFF, 0xBE, 0x38, 0x03, 0x94, 0xD5, 0xCF, 0x08, 0x63, 0xFD,
    0x5F, 0xCF, 0x02, 0x66, 0x4D, 0xFA, 0x0F, 0x97, 0x6F, 0xFC, 0x0F, 0xD7, 0x53, 0xF0, 0x0F, 0x64,
    0x0E, 0x58, 0x71, 0x02, 0xC8, 0xA4, 0xF9, 0xCC, 0x20, 0x26, 0xD8, 0xF4, 0xF3, 0x60, 0x05, 0x60,
    0x1B, 0x21, 0x66, 0x29, 0xFC, 0x82, 0xB1, 0x40, 0x2E, 0x83, 0xF9, 0x43, 0xE0, 0x05, 0x03, 0x1C,
    0x00, 0x00, 0xE7, 0xAE, 0x51, 0x97, 0x78, 0x9C, 0xFB, 0xFF, 0x1F, 0x1F, 0xD8, 0x0D, 0x07, 0x0C,
    0x14, 0x00, 0x84, 0x29, 0x78, 0x2D, 0xFB, 0x0F, 0x00, 0x7D, 0x28, 0x4A, 0x61, 0x78, 0x9C, 0xF3,
    0x66, 0x80, 0x83, 0xFF, 0xB9, 0x08, 0xE6, 0xFF, 0x3E, 0x46, 0x38, 0xF3, 0xFF, 0x7A, 0x66, 0x08,
    0xF3, 0x1F, 0x90, 0x7D, 0x9E, 0x15, 0xCC, 0x0C, 0xF8, 0x0D, 0x64, 0xDF, 0x67, 0x03, 0xB3, 0x05,
    0xAE, 0x03, 0xD9, 0xFF, 0x35, 0x20, 0x6A, 0x96, 0x80, 0xD8, 0x56, 0x10, 0x76, 0xE2, 0x1F, 0x20,
    0x3B, 0x06, 0xC2, 0x36, 0x78, 0x09, 0x64, 0xF3, 0x41, 0xCD, 0xDC, 0xFA, 0xFF, 0x3F, 0x3F, 0x94,
    0xB9, 0x18, 0xC6, 0x04, 0x9B, 0x02, 0x66, 0x3A, 0xFC, 0x02, 0xB2, 0xFA, 0x99, 0x80, 0xAC, 0xC2,
    0xBF, 0x40, 0x56, 0x2D, 0xDC, 0x58, 0x90, 0x51, 0x02, 0xCF, 0xE1, 0x16, 0x80, 0x9C, 0xF0, 0x5E,
    0x02, 0xE6, 0x48, 0xA8, 0x63, 0x80, 0xCC, 0xFD, 0x2C, 0x30, 0xA7, 0xAF, 0x67, 0x82, 0x79, 0x08,
    0xEE, 0x1D, 0x14, 0x00, 0x00, 0x2D, 0x8B, 0x4F, 0xCE, 0x78, 0x9C, 0x9D, 0xCE, 0x3D, 0x0A, 0xC2,
    0x40, 0x10, 0x05, 0xE0, 0xA7, 0x26, 0x08, 0x16, 0xC1, 0x0B, 0x28, 0x39, 0x80, 0x85, 0xBD, 0x85,
    0x47, 0x89, 0x37, 0xF0, 0x04, 0x82, 0x47, 0xB0, 0x0D, 0x08, 0x7A, 0x83, 0x88, 0x95, 0x9D, 0x9E,
    0xC0, 0x9F, 0x5E, 0xD9, 0xDC, 0x20, 0x0A, 0xA2, 0x90, 0x84, 0x7D, 0x6E, 0x9C, 0x5D, 0x2D, 0xEC,
    0x7C, 0xC5, 0xF0, 0x31, 0x0C, 0x33, 0x03, 0x84, 0x1B, 0x9D, 0xCD, 0x3D, 0x00, 0xED, 0x9C, 0x26,
    0xAA, 0x01, 0xDC, 0xF9, 0xCE, 0x18, 0x7D, 0x53, 0xF7, 0x67, 0x53, 0xBC, 0x94, 0x1C, 0x00, 0x6B,
    0x32, 0x78, 0x32, 0x31, 0xC3, 0xC8, 0x19, 0x15, 0x0C, 0x2A, 0xDD, 0x98, 0x68, 0xB6, 0x2A, 0xAD,
    0xA8, 0xE2, 0xD8, 0xAF, 0x34, 0x23, 0x21, 0x99, 0x7E, 0xB4, 0xA4, 0xB2, 0x4A, 0xB9, 0xB5, 0x7A,
    0x30, 0x12, 0x84, 0x5A, 0x96, 0x01, 0x27, 0xD2, 0x17, 0x95, 0x6E, 0x6C, 0x47, 0x76, 0x44, 0x05,
    0x55, 0x0D, 0xF6, 0x40, 0xD7, 0xAD, 0xC8, 0xEA, 0x22, 0xCD, 0xA1, 0x60, 0x44, 0x36, 0xDD, 0x4D,
    0x77, 0xFD, 0xC8, 0x83, 0xD5, 0x95, 0x0B, 0xD7, 0xBB, 0x4C, 0xF0, 0x6F, 0xC2, 0xB2, 0x07, 0xF7,
    0xDD, 0x77, 0x33, 0x7F, 0x7A, 0x76, 0xEE, 0x05, 0x72, 0xC5, 0x66, 0x75, 0x78, 0x9C, 0x65, 0x53,
    0xBF, 0x4F, 0xDB, 0x50, 0x10, 0x7E, 0x01, 0x17, 0x41, 0x01, 0x95, 0x01, 0x75, 0x40, 0x42, 0xC9,
    0x5E, 0x55, 0xF5, 0xCC, 0xD2, 0xCE, 0x5D, 0xC8, 0x7F, 0x00, 0x0B, 0xEA, 0xC0, 0x10, 0xC4, 0xC2,
    0x18, 0x3A, 0x56, 0x1D, 0x22, 0xA5, 0x4B, 0xB7, 0x44, 0xCC, 0xA8, 0x54, 0x1D, 0x10, 0x43, 0xD5,
    0x04, 0x16, 0x46, 0x83, 0xAA, 0x6E, 0x88, 0xA4, 0x7B, 0x91, 0x71, 0x42, 0x82, 0x13, 0x63, 0x7F,
    0xDC, 0x7D, 0x2F, 0x6E, 0x0C, 0xDC, 0xE0, 0xBB, 0xF7, 0xBD, 0xF3, 0xDD, 0x77, 0x3F, 0x9E, 0x31,
    0x94, 0xE2, 0x51, 0x8C, 0xD6, 0xE7, 0x67, 0x26, 0x23, 0x7B, 0xB0, 0xB2, 0x32, 0x86, 0x7E, 0x20,
    0x95, 0x57, 0x29, 0xB4, 0xA5, 0xA7, 0xCB, 0x9F, 0x57, 0xAA, 0xA6, 0x46, 0x58, 0x04, 0x1C, 0xBC,
    0x14, 0xED, 0x1E, 0x02, 0x35, 0x0B, 0x35, 0x81, 0x4A, 0xCE, 0x9A, 0x55, 0x60, 0x86, 0xC6, 0x1D,
    0xBC, 0x89, 0x34, 0xCC, 0x6F, 0x54, 0x54, 0xD5, 0xD3, 0x3B, 0x95, 0x85, 0x18, 0x93, 0xA2, 0xFA,
    0x69, 0x0C, 0xCA, 0x39, 0xE6, 0x8D, 0x29, 0x00, 0xCF, 0x33, 0x98, 0x8B, 0x35, 0xFD, 0xD5, 0xCF,
    0xB2, 0x37, 0x03, 0xCF, 0x98, 0x0E, 0xDE, 0xD2, 0xFE, 0x12, 0xB7, 0xDE, 0xAB, 0x0E, 0x24, 0xE0,
    0x10, 0xB3, 0xA3, 0x4C, 0xC0, 0x12, 0x8D, 0xE9, 0x05, 0x30, 0x91, 0xE4, 0x13, 0xF1, 0x27, 0x34,
    0xE0, 0xFC, 0x16, 0x1A, 0xEA, 0x76, 0x06, 0x78, 0xFF, 0x80, 0x17, 0x62, 0x22, 0xDF, 0x44, 0x49,
    0xB1, 0x21, 0xCA, 0xC6, 0x74, 0x49, 0x34, 0x5A, 0x0B, 0x90, 0x17, 0xFD, 0x0E, 0x70, 0x34, 0xFC,
    0xB4, 0xD8, 0x61, 0xB9, 0x87, 0x39, 0x96, 0xAC, 0xDE, 0x1D, 0x76, 0xA5, 0x5F, 0x0B, 0xE9, 0x7F,
    0xA3, 0xEC, 0xE5, 0xAB, 0x8D, 0xBE, 0xF1, 0x22, 0xDE, 0x0D, 0x79, 0xEA, 0x91, 0x42, 0xA7, 0x65,
    0x6B, 0x06, 0x34, 0xD1, 0x2D, 0xB4, 0x3F, 0x81, 0x9F, 0x80, 0x9C, 0x48, 0x28, 0xE4, 0x4D, 0xE0,
    0x03, 0x39, 0x6D, 0x7E, 0x99, 0xA5, 0x12, 0xBB, 0x06, 0xFF, 0xAA, 0x63, 0x95, 0x33, 0x68, 0x65,
    0xB0, 0x26, 0xDE, 0xB0, 0xE1, 0x9E, 0x19, 0xC5, 0xCB, 0x69, 0x65, 0x5A, 0x94, 0x49, 0x0E, 0xF4,
    0xDB, 0xF1, 0x62, 0xC5, 0xDA, 0x16, 0xB3, 0x0D, 0xEF, 0xD5, 0x62, 0xCD, 0x6B, 0xB1, 0x82, 0x9D,
    0xCF, 0xA0, 0x14, 0x69, 0xA1, 0x67, 0x2C, 0xBA, 0x6E, 0xB3, 0x27, 0xF9, 0x50, 0xEB, 0xF8, 0xAE,
    0x43, 0x90, 0x72, 0xD5, 0x6F, 0x1D, 0x73, 0x7D, 0xAD, 0x77, 0x97, 0x9C, 0xEF, 0xA0, 0x39, 0xFE,
    0xC2, 0xE9, 0x6A, 0x5F, 0x5C, 0x1D, 0xF1, 0x09, 0xC8, 0x3F, 0xF2, 0x24, 0x7C, 0x9E, 0x2E, 0xFE,
    0x05, 0x1A, 0xA1, 0xAC, 0xD5, 0x1F, 0xA1, 0x5A, 0x67, 0xA8, 0xAE, 0x4E, 0x63, 0xB9, 0xCD, 0x75,
    0x73, 0x4C, 0x91, 0xA1, 0x8A, 0x62, 0x37, 0x72, 0x6E, 0x22, 0xEA, 0xB5, 0xA6, 0x66, 0x83, 0xAA,
    0xF1, 0x2F, 0xE1, 0xF4, 0x31, 0xF6, 0x37, 0x6D, 0x83, 0xB2, 0xAB, 0x61, 0x25, 0x60, 0xC0, 0x87,
    0xB2, 0xCE, 0x49, 0x3F, 0x92, 0x08, 0xCB, 0x4F, 0xB0, 0x73, 0xF8, 0x93, 0x8F, 0x31, 0x59, 0x95,
    0x74, 0x9D, 0xDD, 0xFF, 0xE0, 0xB1, 0x6C, 0x3B, 0x3D, 0xB7, 0xE3, 0xB1, 0xE7, 0xAD, 0x50, 0xDD,
    0xFF, 0xF4, 0x55, 0x76, 0x68, 0xFC, 0xB8, 0x0A, 0x83, 0xD1, 0x2B, 0xF2, 0x9D, 0x4C, 0xC8, 0x53,
    0x42, 0xDF, 0x1E, 0xBC, 0x41, 0xE3, 0x6E, 0xEC, 0x7C, 0x58, 0x4C, 0x0F, 0xF7, 0x35, 0xFA, 0x42,
    0xCE, 0x78, 0x9C, 0x4D, 0x91, 0xDB, 0x55, 0x02, 0x41, 0x0C, 0x40, 0x97, 0x87, 0x8A, 0x88, 0x68,
    0x07, 0xD2, 0x01, 0x74, 0xA0, 0x1D, 0x60, 0x07, 0x6C, 0x07, 0xD8, 0x81, 0x74, 0x00, 0x1D, 0x48,
    0x07, 0xFA, 0xEF, 0x07, 0x74, 0x00, 0x1D, 0x40, 0x07, 0x2E, 0x08, 0x02, 0xCB, 0xE3, 0x9A, 0xCC,
    0xEC, 0x3C, 0xF2, 0x93, 0xBD, 0x73, 0x66, 0x33, 0xC9, 0x4D, 0x92, 0x68, 0xBC, 0x40, 0x25, 0x89,
    0x62, 0x0C, 0xB7, 0x31, 0xAF, 0xE0, 0x21, 0xE6, 0x3F, 0xE8, 0xC5, 0x7C, 0x82, 0x49, 0x84, 0x2D,
    0x24, 0x4A, 0x81, 0x47, 0xCC, 0xCE, 0xDC, 0x04, 0x5E, 0xD2, 0xDF, 0x71, 0x1F, 0x78, 0xCB, 0xD3,
    0x9A, 0xE7, 0xC0, 0x47, 0xEE, 0xA6, 0x7C, 0x78, 0x7C, 0x84, 0xAB, 0x94, 0x1F, 0xCF, 0x6F, 0xF2,
    0xAD, 0x67, 0x8E, 0xE7, 0x7A, 0x57, 0xFE, 0x71, 0xBC, 0xD1, 0x5A, 0x52, 0xD3, 0x71, 0xAE, 0x6F,
    0x65, 0xBC, 0x3B, 0x46, 0x7B, 0x19, 0xB3, 0x28, 0x30, 0x85, 0x72, 0xAC, 0x60, 0xCA, 0x4C, 0xD3,
    0x85, 0x9A, 0xE5, 0x35, 0x7D, 0x4D, 0x07, 0x9A, 0x96, 0xF7, 0xD6, 0xC5, 0x2F, 0x5D, 0xCB, 0x17,
    0xEA, 0xB6, 0x8B, 0x4F, 0x83, 0xAF, 0x50, 0xD5, 0x3C, 0x28, 0x14, 0x7C, 0x15, 0x9D, 0x8B, 0x94,
    0x6B, 0xCD, 0x2B, 0x7C, 0x34, 0x94, 0x77, 0x81, 0xDB, 0xCA, 0xE7, 0xC0, 0x43, 0xC1, 0x8E, 0xA8,
    0xFD, 0x36, 0x71, 0x34, 0x85, 0x46, 0xDE, 0x6C, 0x6A, 0x1E, 0xCA, 0xBC, 0x79, 0x51, 0x52, 0xD7,
    0xD5, 0xF8, 0xCD, 0xE4, 0xAA, 0xE0, 0x14, 0x36, 0xB7, 0x95, 0x41, 0x5A, 0xD1, 0x66, 0x33, 0x19,
    0x74, 0x10, 0x6D, 0x5E, 0x4A, 0x97, 0x97, 0x5E, 0x8B, 0x51, 0x52, 0xDB, 0x98, 0x26, 0x12, 0x37,
    0x69, 0x33, 0xB7, 0x4D, 0x3A, 0x13, 0xDD, 0x7F, 0x0B, 0x91, 0xB5, 0x30, 0x78, 0x9C, 0x4D, 0xD0,
    0x4B, 0x0A, 0xC2, 0x30, 0x10, 0x06, 0xE0, 0x40, 0x55, 0x22, 0xC5, 0xC7, 0xD6, 0x95, 0xEE, 0xDC,
    0x79, 0x02, 0x41, 0x0F, 0x22, 0xA8, 0x37, 0x10, 0x2F, 0x60, 0x8F, 0x20, 0xAE, 0x05, 0xBD, 0x81,
    0xEE, 0x4B, 0xB1, 0x37, 0xE8, 0x01, 0x14, 0x72, 0x84, 0x22, 0xB8, 0xF0, 0xD9, 0xDF, 0xA9, 0x76,
    0xA6, 0x33, 0xAB, 0x2F, 0x21, 0xC9, 0xFC, 0x13, 0x20, 0xAF, 0x74, 0x5B, 0x35, 0xC6, 0x80, 0xAB,
    0xA3, 0x9C, 0x7A, 0xE4, 0x28, 0x0C, 0xC3, 0x0B, 0x2D, 0x46, 0x64, 0x4B, 0x27, 0xCD, 0x3C, 0x43,
    0xC2, 0x36, 0x31, 0x50, 0x61, 0xF7, 0x80, 0x3A, 0xDB, 0xBC, 0xD1, 0x10, 0x3F, 0xD0, 0x14, 0xDF,
    0xD1, 0x12, 0x3F, 0xD5, 0x7E, 0x06, 0x9F, 0x3D, 0x03, 0x6A, 0xEC, 0x1B, 0x1C, 0xF7, 0xDA, 0x00,
    0x03, 0xB2, 0xFB, 0x67, 0x73, 0x5E, 0x99, 0xD3, 0xAA, 0xCC, 0x13, 0x65, 0xF8, 0xC5, 0xDD, 0xF6,
    0xF2, 0xA3, 0x32, 0x07, 0x04, 0x95, 0xA1, 0x2B, 0xBE, 0x62, 0x25, 0x8E, 0x91, 0x88, 0xF7, 0x48,
    0xC5, 0x41, 0xD1, 0x30, 0xAF, 0xB5, 0xF2, 0x31, 0x0F, 0x26, 0xEF, 0x1C, 0xD4, 0xEC, 0x53, 0xF6,
    0x02, 0x32, 0xEF, 0xF8, 0xF5, 0x9B, 0xF1, 0x44, 0x7F, 0x7B, 0xA6, 0x37, 0x76, 0x2A, 0xB3, 0x2D,
    0x3D, 0x94, 0x59, 0xA2, 0x3E, 0x5D, 0xFA, 0x02, 0xA9, 0x24, 0xDA, 0x85, 0x78, 0x9C, 0x63, 0x60,
    0x60, 0x60, 0x70, 0x38, 0xF1, 0xEF, 0xFD, 0x5A, 0x75, 0x06, 0x08, 0x28, 0xF8, 0xF7, 0x1F, 0x04,
    0xB4, 0xC1, 0x1C, 0x83, 0xBF, 0xFF, 0x21, 0x80, 0x1D, 0xC4, 0xFB, 0x02, 0x64, 0x9C, 0x3B, 0x0D,
    0x24, 0xE6, 0x83, 0xA4, 0xFE, 0xFF, 0xBF, 0x2F, 0x06, 0xA4, 0x7E, 0x83, 0x25, 0x2F, 0xFC, 0xFF,
    0xCF, 0x09, 0x52, 0x92, 0xF0, 0xFF, 0xBF, 0x3E, 0x03, 0xC3, 0xCF, 0xFF, 0xFD, 0x10, 0xC3, 0xBE,
    0xFF, 0xDF, 0xCF, 0xA0, 0xF0, 0xFF, 0x3F, 0x37, 0x84, 0x77, 0xE0, 0xFF, 0x7F, 0xA6, 0x06, 0x20,
    0x86, 0xF0, 0x02, 0xFE, 0xFF, 0xE7, 0xF8, 0x00, 0x94, 0x87, 0x82, 0xFF, 0xFF, 0x79, 0x3E, 0xFF,
    0x8F, 0x87, 0xF1, 0xFE, 0xFC, 0xE7, 0xFF, 0xFE, 0x9F, 0x1F, 0xC6, 0x5B, 0xB6, 0x4A, 0xEA, 0xF7,
    0x7F, 0x5E, 0x06, 0x04, 0xF8, 0x03, 0x33, 0x12, 0x0C, 0xFE, 0x41, 0xEC, 0x86, 0x1B, 0xC4, 0x41,
    0x75, 0x1E, 0xAA, 0x0D, 0x7F, 0x51, 0x6C, 0x47, 0x75, 0x19, 0x92, 0xAB, 0xA7, 0xCE, 0x94, 0x44,
    0xF5, 0xD1, 0x87, 0xFF, 0xEB, 0x11, 0xC6, 0xF3, 0x4C, 0x40, 0x0E, 0x09, 0x76, 0xD4, 0x50, 0x62,
    0xF8, 0xF5, 0xBF, 0x1E, 0x66, 0x1E, 0x50, 0xCF, 0x43, 0x68, 0x04, 0x40, 0x42, 0xD7, 0xE1, 0xFF,
    0xFF, 0xF3, 0xAC, 0x40, 0x0A, 0x18, 0xF2, 0x6C, 0x0C, 0x90, 0x58, 0xD9, 0x7B, 0x07, 0x48, 0x80,
    0xC3, 0x1C, 0x1E, 0x63, 0x6C, 0x60, 0xED, 0x05, 0x10, 0x8E, 0x14, 0xD4, 0xDA, 0x80, 0x5B, 0xFF,
    0xDF, 0xAF, 0x11, 0x03, 0xB1, 0x00, 0x8B, 0xC5, 0x9D, 0xCE, 0x78, 0x9C, 0xFB, 0xFF, 0x1F, 0x08,
    0xDE, 0xAF, 0x15, 0x63, 0x00, 0x81, 0xFF, 0x50, 0xE0, 0x8D, 0xCC, 0xF9, 0x2F, 0x05, 0xE6, 0xEC,
    0xDF, 0xBD, 0xFB, 0x0E, 0x48, 0x29, 0x33, 0x88, 0xC3, 0x01, 0x14, 0x32, 0xF8, 0xF1, 0xFF, 0xBF,
    0x3D, 0x8C, 0xC3, 0x20, 0xF0, 0xEB, 0xFF, 0x7D, 0x38, 0x87, 0xA1, 0xE1, 0xFF, 0x7F, 0x2E, 0x38,
    0x87, 0xE1, 0xD7, 0x7F, 0x7F, 0x04, 0xE7, 0xE1, 0xFF, 0xF3, 0x08, 0x4E, 0xC1, 0xFF, 0xFF, 0xCC,
    0x70, 0x8E, 0xC0, 0xFF, 0xFF, 0x9C, 0x70, 0x0E, 0xC3, 0xEF, 0xFF, 0xBC, 0x08, 0xCE, 0xF7, 0xFF,
    0xF2, 0x08, 0xCE, 0x97, 0xFF, 0xFE, 0x08, 0xCE, 0xA7, 0xFF, 0xF9, 0x08, 0xCE, 0xC7, 0xFF, 0xF5,
    0x08, 0xCE, 0x07, 0x54, 0x4E, 0x3F, 0x4E, 0x0E, 0x2E, 0x3D, 0x28, 0x46, 0xA3, 0x58, 0x8A, 0xE2,
    0x9C, 0x3F, 0x48, 0x0E, 0x45, 0xF1, 0x42, 0x03, 0xB2, 0xE7, 0x3E, 0xFD, 0xDF, 0x8F, 0xF0, 0xF6,
    0x1F, 0xA4, 0x00, 0x59, 0x80, 0x14, 0x54, 0x0A, 0x7F, 0x10, 0x81, 0xE8, 0xF0, 0xEB, 0xFF, 0x7F,
    0x3D, 0xA4, 0x80, 0xBF, 0xCF, 0x84, 0x14, 0x25, 0x9C, 0x48, 0xF1, 0x63, 0x05, 0x8F, 0xAC, 0xF7,
    0x73, 0x44, 0xC1, 0x46, 0x02, 0x00, 0x36, 0x6C, 0xBF, 0x82, 0x78, 0x9C, 0xFB, 0xFF, 0x1F, 0x0E,
    0x38, 0xFE, 0xE3, 0x64, 0xEF, 0xDF, 0x0D, 0x05, 0xAC, 0x40, 0x2E, 0x03, 0x0C, 0x0C, 0x0E, 0x36,
    0x0C, 0xE0, 0x63, 0xC3, 0xDC, 0x3F, 0x58, 0xDC, 0x8C, 0xCC, 0x46, 0x0E, 0x5B, 0xC2, 0x71, 0x01,
    0x00, 0xC0, 0x4A, 0xA9, 0x6F, 0x78, 0x9C, 0xFB, 0xFF, 0x9F, 0x20, 0xD8, 0xBF, 0x1B, 0x0A, 0xFE,
    0xFF, 0xE7, 0x60, 0x80, 0x82, 0x01, 0x64, 0x42, 0x9D, 0x13, 0xCD, 0x00, 0x77, 0x60, 0x3F, 0x4E,
    0xE6, 0x60, 0x70, 0x2F, 0xF1, 0x4C, 0x00, 0x1F, 0x96, 0x86, 0x29, 0x78, 0x9C, 0x7D, 0xD1, 0xB1,
    0x4A, 0x03, 0x41, 0x10, 0x80, 0xE1, 0x21, 0x16, 0x26, 0x51, 0x89, 0x95, 0x8D, 0x20, 0x79, 0x01,
    0x35, 0x6F, 0x60, 0x4A, 0x89, 0xA0, 0xF6, 0x16, 0xE6, 0x49, 0x02, 0x79, 0x82, 0xF3, 0x01, 0x2C,
    0xB4, 0xB1, 0xB0, 0xB1, 0xB2, 0x3A, 0x49, 0x6A, 0x09, 0x04, 0xED, 0x85, 0xE0, 0x13, 0x5C, 0x50,
    0xBC, 0x23, 0xB9, 0xCB, 0xFD, 0xCE, 0xEE, 0xDE, 0x71, 0x1B, 0x0B, 0xA7, 0x38, 0xF6, 0x3B, 0x76,
    0x67, 0x67, 0x66, 0x45, 0x44, 0x2E, 0x5F, 0x73, 0x46, 0xA7, 0xE2, 0x62, 0x88, 0x8D, 0x81, 0x45,
    0x37, 0x77, 0xE2, 0xD0, 0x28, 0xD6, 0xC5, 0x74, 0x62, 0x7E, 0x6D, 0xE8, 0x21, 0x98, 0xED, 0x89,
    0xB4, 0x13, 0x38, 0x10, 0xF9, 0x84, 0xBA, 0xD9, 0xD2, 0xCE, 0x18, 0x8B, 0xA4, 0x04, 0x2E, 0xD9,
    0xBB, 0x6E, 0xED, 0xC0, 0x96, 0x93, 0xAE, 0x9A, 0x37, 0x50, 0x2B, 0x6E, 0x4A, 0x69, 0xCD, 0x79,
    0x2A, 0x20, 0x3F, 0x5C, 0x7C, 0x73, 0x5D, 0xEA, 0xFE, 0xB1, 0x97, 0xD0, 0x92, 0x2A, 0x96, 0xEC,
    0x78, 0xCA, 0xCA, 0x94, 0x36, 0x56, 0x34, 0x3C, 0xE5, 0x6B, 0x2A, 0xEA, 0xFA, 0x4F, 0x89, 0xED,
    0x30, 0xF8, 0xAB, 0x86, 0xA7, 0x9C, 0xA6, 0xD1, 0x73, 0x18, 0x86, 0xDA, 0x5B, 0xC6, 0x76, 0x99,
    0x62, 0x4E, 0xB0, 0xAC, 0xEA, 0x54, 0xC5, 0x9C, 0x78, 0xFA, 0x2A, 0x07, 0x61, 0xF5, 0x46, 0xE4,
    0xA9, 0x0F, 0x9B, 0x95, 0xB4, 0xEC, 0x63, 0x4F, 0x31, 0x51, 0xAD, 0xD2, 0x1D, 0x9C, 0x5B, 0xE8,
    0x78, 0x03, 0xD3, 0x2F, 0x57, 0x8A, 0xEE, 0x02, 0x8E, 0xEC, 0x8C, 0x99, 0xBD, 0x7C, 0xE8, 0xD7,
    0x1E, 0x59, 0x14, 0x2F, 0xC6, 0xBE, 0x39, 0xD0, 0x49, 0x1D, 0xCE, 0x5C, 0xB2, 0xDD, 0x87, 0x15,
    0xD1, 0xAD, 0x3E, 0x9B, 0xFC, 0x02, 0xB3, 0x16, 0xC1, 0xD6, 0x78, 0x9C, 0xFB, 0xFF, 0x9F, 0x83,
    0x01, 0x0A, 0x7E, 0xFC, 0xE7, 0xFF, 0x3F, 0x0C, 0x79, 0x48, 0x80, 0x00, 0x6F, 0xFF, 0x6E, 0x28,
    0xF8, 0x3F, 0xF0, 0xAE, 0xA6, 0x35, 0x0F, 0x00, 0x46, 0x6B, 0xB3, 0x29, 0x78, 0x9C, 0xFB, 0xFF,
    0x9F, 0xE3, 0x3F, 0xBD, 0x10, 0x00, 0xA6, 0x05, 0x48, 0xD9, 0x78, 0x9C, 0x63, 0x60, 0x80, 0x82,
    0xFF, 0xFF, 0x39, 0x18, 0x46, 0xD9, 0x78, 0xD9, 0xC6, 0xC6, 0x8C, 0x30, 0x36, 0xFB, 0xFF, 0xFF,
    0x9C, 0x60, 0xA6, 0xC2, 0xFF, 0xFF, 0x6C, 0xFF, 0xFE, 0x73, 0x83, 0xD9, 0x0E, 0xFF, 0xFF, 0xB3,
    0xFC, 0xFE, 0xCF, 0x0F, 0x66, 0x2F, 0xF8, 0xFF, 0x9F, 0xF1, 0xFB, 0xFF, 0x7A, 0x30, 0xFB, 0xF3,
    0xFF, 0xF3, 0x0C, 0x1F, 0x81, 0x72, 0x20, 0xE5, 0xFF, 0xFE, 0xC7, 0x33, 0x34, 0xFC, 0xFF, 0x3F,
    0x9F, 0x89, 0x41, 0xE0, 0xFB, 0xFF, 0xFF, 0x3C, 0x0C, 0x0C, 0x7F, 0xFE, 0xFF, 0x7F, 0x7F, 0xE6,
    0x2F, 0x90, 0x00, 0x9A, 0xBD, 0xE1, 0x3F, 0x04, 0xE8, 0x82, 0x74, 0x3D, 0x03, 0x33, 0xFB, 0x21,
    0x36, 0x4E, 0x79, 0xF3, 0xFF, 0x7E, 0x14, 0x88, 0x01, 0x00, 0xD4, 0x40, 0x6D, 0x93, 0x78, 0x9C,
    0x4D, 0xD1, 0xCB, 0x09, 0x02, 0x31, 0x14, 0x85, 0xE1, 0x2B, 0x8A, 0x4F, 0x04, 0x1B, 0xF0, 0x51,
    0xC2, 0x74, 0x60, 0x09, 0xBA, 0xB4, 0x0B, 0xED, 0x40, 0x3B, 0xB0, 0x14, 0xED, 0x40, 0x3B, 0x10,
    0x2B, 0x10, 0xD7, 0x2E, 0x5C, 0x0C, 0x28, 0x3E, 0x7F, 0x27, 0xC9, 0xE4, 0xC4, 0x6C, 0xC2, 0x07,
    0x81, 0x73, 0xEF, 0x09, 0x34, 0xCD, 0x9F, 0x11, 0xAC, 0x8D, 0xA8, 0x33, 0xB4, 0xA5, 0xDE, 0x87,
    0x83, 0x49, 0x7B, 0xE8, 0x27, 0x3D, 0xB9, 0x56, 0xA4, 0x15, 0x8C, 0x4D, 0xBA, 0x41, 0x4D, 0x9A,
    0xC2, 0xDC, 0xA4, 0xBC, 0x7C, 0xE2, 0xAF, 0xD1, 0x97, 0x8D, 0x49, 0x47, 0xE8, 0x24, 0xBD, 0x39,
    0x99, 0xB4, 0x85, 0x41, 0xD2, 0x03, 0xAA, 0x52, 0x91, 0x3C, 0x31, 0xA9, 0x48, 0xAE, 0x4B, 0x33,
    0xA0, 0x21, 0xBD, 0x08, 0x33, 0x06, 0xB9, 0xE3, 0xE6, 0x8F, 0xBA, 0xC4, 0x70, 0xA7, 0x5D, 0x06,
    0x4B, 0xA9, 0x63, 0xF7, 0x18, 0x88, 0xAB, 0x43, 0xC3, 0xC0, 0xB0, 0xA8, 0xE8, 0xCB, 0xAE, 0x54,
    0x2B, 0xEC, 0xD7, 0x48, 0xDB, 0x2E, 0xCA, 0xC8, 0x72, 0xE9, 0x17, 0xA7, 0x4A, 0x92, 0x6F, 0x5A,
    0xCA, 0x42, 0x4D, 0xB1, 0xDD, 0x10, 0x19, 0x55, 0x44, 0x76, 0x93, 0x7A, 0xBE, 0x36, 0xFD, 0x58,
    0xEE, 0x76, 0x96, 0x7C, 0xA4, 0xE4, 0x22, 0xFF, 0xE4, 0x22, 0x7F, 0xE6, 0x1E, 0xB8, 0x85, 0x78,
    0x9C, 0xFB, 0xFF, 0x9F, 0x83, 0x01, 0x0A, 0xFE, 0x8F, 0x32, 0x69, 0xC1, 0xDC, 0xBF, 0x1B, 0x02,
    0xA2, 0xFF, 0xC3, 0x41, 0x3F, 0x76, 0x26, 0x00, 0x4F, 0xC2, 0x68, 0x85, 0x78, 0x9C, 0x4D, 0xD1,
    0xCD, 0x11, 0x41, 0x51, 0x0C, 0x86, 0xE1, 0x33, 0x06, 0xE3, 0x6F, 0x8C, 0x0E, 0x94, 0xC0, 0xD2,
    0x4E, 0x0B, 0x3A, 0xA0, 0x03, 0x3A, 0x50, 0x02, 0x1D, 0xB8, 0x4B, 0x4B, 0x1D, 0xD0, 0x01, 0x1D,
    0x28, 0x81, 0x8B, 0x71, 0x31, 0xC3, 0x27, 0xB9, 0x39, 0x49, 0x4E, 0x36, 0x99, 0x3C, 0x8B, 0x77,
    0x13, 0x00, 0xF5, 0x60, 0x73, 0x02, 0x56, 0x00, 0x3A, 0x2E, 0x0F, 0x91, 0xB1, 0xCB, 0x47, 0x64,
    0x63, 0xD0, 0x83, 0x08, 0x4C, 0x16, 0x2A, 0x96, 0x3E, 0xA9, 0x58, 0xFA, 0xAE, 0x32, 0x48, 0xC2,
    0x2C, 0x6F, 0x4F, 0xF3, 0x41, 0xB2, 0xC5, 0x25, 0xC2, 0x0C, 0xB8, 0xB1, 0x8C, 0x80, 0x9A, 0xC8,
    0x01, 0xC7, 0x2B, 0x4B, 0xE3, 0x8B, 0xB6, 0x86, 0xE7, 0x22, 0x85, 0xA6, 0xDF, 0xE8, 0x8A, 0xE4,
    0x58, 0x69, 0xB8, 0x29, 0x92, 0xC5, 0x34, 0x85, 0x2B, 0x22, 0xC3, 0x98, 0xA6, 0x70, 0x10, 0x09,
    0x31, 0x7D, 0xC3, 0x54, 0xA5, 0x40, 0x9F, 0xE5, 0x85, 0xAE, 0x4A, 0x4C, 0xFF, 0xD0, 0x54, 0x91,
    0xF4, 0x84, 0xC2, 0x2A, 0x94, 0xAE, 0x86, 0xB0, 0xA3, 0xB0, 0x8A, 0xA4, 0x39, 0x6C, 0xF2, 0xE4,
    0x34, 0x87, 0x4D, 0x72, 0x2C, 0x39, 0xDC, 0x70, 0xC9, 0x70, 0x96, 0xB0, 0x09, 0xA7, 0x77, 0xD8,
    0x07, 0x17, 0x4A, 0xB7, 0x72, 0x0E, 0xBB, 0x50, 0xBA, 0xE0, 0xB0, 0x0B, 0xA5, 0xCB, 0xB0, 0x4B,
    0xC6, 0x2F, 0xA9, 0xA4, 0x42, 0xE9, 0x32, 0xEC, 0x42, 0xE9, 0x32, 0x9C, 0xC8, 0x13, 0x65, 0x38,
    0x91, 0xAB, 0x6D, 0x95, 0xB5, 0x84, 0x13, 0x19, 0x4A, 0x98, 0xE5, 0x0F, 0x99, 0x7E, 0x30, 0x11,
    0x78, 0x9C, 0x55, 0xD0, 0x31, 0x0E, 0xC3, 0x30, 0x0C, 0x43, 0x51, 0x23, 0x5D, 0x3A, 0x24, 0x80,
    0xC7, 0xDC, 0x36, 0x47, 0xF0, 0x15, 0x3A, 0x76, 0xF4, 0xD1, 0x8A, 0x02, 0xED, 0x14, 0x44, 0xAD,
    0x24, 0x4A, 0x36, 0xB9, 0x3D, 0xE0, 0x4F, 0x14, 0xD9, 0x0A, 0xF6, 0x92, 0x26, 0xD2, 0x48, 0x72,
    0x23, 0x6D, 0xA4, 0x46, 0x92, 0x85, 0xB4, 0x92, 0x8E, 0x49, 0x67, 0xA4, 0xA6, 0x67, 0xA4, 0xA6,
    0xFD, 0x42, 0x6A, 0xBA, 0x7F, 0x90, 0xBA, 0x1E, 0x48, 0x5D, 0x15, 0xA9, 0xAB, 0x20, 0x85, 0x90,
    0x42, 0x48, 0x21, 0xA4, 0x21, 0x4F, 0x43, 0x9E, 0x86, 0x3C, 0x4D, 0x75, 0x4D, 0x53, 0x96, 0xA6,
    0x2C, 0x1D, 0xD2, 0x74, 0x48, 0xD3, 0xA1, 0xF2, 0x15, 0x79, 0x0F, 0x75, 0xBD, 0x24, 0x55, 0xF5,
    0xAE, 0x94, 0xA6, 0x93, 0x3A, 0xA9, 0x92, 0x34, 0x9D, 0xD4, 0x49, 0x95, 0xF4, 0x4F, 0xDB, 0x0F,
    0xBE, 0x13, 0xEC, 0xC7, 0x78, 0x9C, 0x95, 0x92, 0x4F, 0x0E, 0xC1, 0x50, 0x10, 0xC6, 0x87, 0xA8,
    0xFA, 0x17, 0xBA, 0xB2, 0x61, 0x61, 0x47, 0x6C, 0x38, 0x42, 0x6F, 0xC0, 0x0D, 0xB8, 0x81, 0x23,
    0xB8, 0x82, 0x1B, 0x38, 0x81, 0xB0, 0xB4, 0x73, 0x03, 0xC4, 0x96, 0x84, 0xB8, 0x80, 0x04, 0x91,
    0xD0, 0x7A, 0x9F, 0xE9, 0x9B, 0xBE, 0xF0, 0xBA, 0x33, 0x8B, 0xD7, 0xF7, 0xEB, 0x34, 0x33, 0xDF,
    0xCC, 0x57, 0x22, 0xA2, 0xEE, 0x52, 0x61, 0x56, 0xA5, 0x38, 0xFA, 0x6F, 0x44, 0xD1, 0x16, 0xF2,
    0x02, 0x48, 0x64, 0x35, 0x9E, 0xF9, 0xB6, 0x3E, 0xF0, 0x31, 0xD5, 0x49, 0x05, 0x34, 0x89, 0xFC,
    0x17, 0x90, 0x63, 0x5C, 0x00, 0xB5, 0xE8, 0xB5, 0xAF, 0xD0, 0xE3, 0xC7, 0x03, 0x2B, 0xA9, 0x71,
    0xC3, 0x25, 0x45, 0xA4, 0x50, 0x8E, 0x1B, 0x44, 0x5F, 0x0F, 0x01, 0x27, 0x6E, 0x18, 0x70, 0x62,
    0x8B, 0xA3, 0xE9, 0x7F, 0xC7, 0x80, 0xAE, 0x18, 0x1B, 0x3C, 0x61, 0xCE, 0x95, 0x3A, 0x06, 0x27,
    0x00, 0x3D, 0x51, 0x31, 0xC8, 0x65, 0xD2, 0x21, 0x8A, 0x06, 0xBB, 0x40, 0x46, 0xA1, 0x60, 0xB0,
    0xC1, 0xB2, 0x81, 0xBC, 0x41, 0x0F, 0x70, 0x45, 0xA9, 0x04, 0xDF, 0xFF, 0x41, 0xD7, 0x2E, 0x95,
    0xB5, 0x1B, 0x39, 0x21, 0x4A, 0xBF, 0x32, 0x6C, 0x91, 0x29, 0x6B, 0x84, 0x4B, 0x72, 0x40, 0x6B,
    0xFC, 0x51, 0x72, 0x39, 0xDF, 0xD5, 0xF9, 0x5A, 0xD1, 0x03, 0x1B, 0xC1, 0xB3, 0x5E, 0x2C, 0xAF,
    0xBD, 0xAE, 0x93, 0x8A, 0x37, 0x27, 0xA6, 0xB4, 0xC4, 0x14, 0x2D, 0x77, 0x17, 0x59, 0xB6, 0xE7,
    0x63, 0x2E, 0xCA, 0x8D, 0xA1, 0xAE, 0xD4, 0xB0, 0xED, 0xB6, 0x7E, 0x86, 0x0F, 0x36, 0x20, 0xBA,
    0x42, 0x78, 0x9C, 0xFB, 0xFF, 0x1F, 0x0C, 0xEE, 0x55, 0x31, 0x31, 0x30, 0x30, 0xFC, 0x87, 0x81,
    0xFD, 0xCC, 0x48, 0x9C, 0xFF, 0xFD, 0x20, 0xCE, 0xDE, 0xDD, 0x40, 0xF0, 0x07, 0xC8, 0xE3, 0x02,
    0x72, 0x38, 0x18, 0x40, 0x60, 0xF3, 0xFF, 0xFF, 0xF5, 0x70, 0x0E, 0xC3, 0xB7, 0xFF, 0xFF, 0x99,
    0xE0, 0x9C, 0x02, 0xA0, 0x3A, 0x38, 0x87, 0xE1, 0xEF, 0x7F, 0x7E, 0x04, 0xE7, 0xFB, 0x7F, 0x7B,
    0x04, 0xE7, 0xD3, 0xFF, 0x7C, 0x04, 0xE7, 0xE3, 0xFF, 0x7A, 0x04, 0xE7, 0x03, 0x32, 0x07, 0x45,
    0xD9, 0xD7, 0xFF, 0xFE, 0x08, 0xCE, 0xEF, 0xFF, 0xF2, 0x70, 0x8E, 0xC3, 0xFF, 0xFF, 0xDC, 0x70,
    0xCE, 0x93, 0xFF, 0xFF, 0x59, 0x60, 0x9C, 0x49, 0x40, 0x1F, 0x01, 0x1D, 0xBA, 0x1F, 0xE4, 0x85,
    0x37, 0x40, 0x2F, 0xC8, 0x22, 0x79, 0x6E, 0x3F, 0x23, 0x82, 0x73, 0x9F, 0x15, 0xEE, 0xED, 0xFB,
    0xD5, 0xCC, 0xE0, 0x00, 0x81, 0xD9, 0x33, 0x94, 0x38, 0x00, 0xAC, 0xD8, 0xA8, 0xCF, 0x78, 0x9C,
    0x95, 0x92, 0x4B, 0x4E, 0x02, 0x41, 0x10, 0x86, 0x4B, 0xA2, 0xF8, 0x22, 0xE2, 0xCA, 0x8D, 0x1B,
    0x97, 0xC6, 0x98, 0xC0, 0x11, 0xE6, 0x04, 0xE8, 0x0D, 0xF4, 0x06, 0x1E, 0xC1, 0x2B, 0x78, 0x03,
    0x4F, 0x60, 0x70, 0xE9, 0x8E, 0x78, 0x01, 0x35, 0xBA, 0x94, 0x04, 0xC3, 0xDE, 0x98, 0x80, 0x21,
    0x81, 0x81, 0xFE, 0xAC, 0x7E, 0x14, 0x0E, 0xED, 0xCA, 0x5A, 0xF4, 0xF4, 0x37, 0x3D, 0x53, 0xF5,
    0xFF, 0x55, 0x2D, 0x22, 0xD2, 0x7E, 0x70, 0xDC, 0x1D, 0x48, 0x8A, 0xF3, 0x05, 0x3E, 0x4E, 0x22,
    0xED, 0x97, 0xC4, 0xD8, 0x0C, 0x38, 0xD4, 0xDD, 0x53, 0x5F, 0x97, 0xDB, 0x70, 0xE8, 0xE0, 0x58,
    0xA4, 0x98, 0xC1, 0xB6, 0xE2, 0x3D, 0x1C, 0xFA, 0xD7, 0x85, 0xE3, 0x4C, 0x1F, 0x13, 0x7A, 0x31,
    0xC7, 0x98, 0xAF, 0x35, 0x11, 0xC7, 0x5E, 0x2A, 0x00, 0x5B, 0x72, 0x09, 0x1B, 0xA9, 0x60, 0xA9,
    0x07, 0x2F, 0x0C, 0xAC, 0xFE, 0x37, 0x17, 0x32, 0xE2, 0xDA, 0xF0, 0x83, 0xAE, 0x66, 0x6A, 0x19,
    0xDE, 0x80, 0x4C, 0x69, 0x1A, 0x6A, 0x9A, 0xDA, 0x9C, 0x5D, 0xC3, 0x36, 0xAC, 0x3B, 0x76, 0x0C,
    0x8F, 0xA0, 0x1E, 0xA5, 0x45, 0x2F, 0xEA, 0xC2, 0xD7, 0xB6, 0xD0, 0xFD, 0x3F, 0x71, 0x25, 0x55,
    0x56, 0x68, 0x4E, 0xA3, 0x2A, 0x23, 0x13, 0x99, 0x59, 0x58, 0x31, 0xD8, 0xCB, 0xED, 0x67, 0xCD,
    0xF9, 0x6D, 0x5D, 0x11, 0x14, 0x4D, 0x78, 0x8E, 0x38, 0x0C, 0x8D, 0xD5, 0xB6, 0x9F, 0x86, 0x43,
    0xA7, 0xBF, 0xFE, 0x19, 0x8A, 0xBC, 0xFA, 0x91, 0xBD, 0xEB, 0xD2, 0x8D, 0xCA, 0x6D, 0xA0, 0xA9,
    0x69, 0x69, 0xDC, 0x5C, 0x99, 0x76, 0xBD, 0x0C, 0x9F, 0xCA, 0x4B, 0x6F, 0x1A, 0x8F, 0x30, 0xA8,
    0x55, 0x78, 0x0A, 0x9D, 0x0A, 0xEA, 0x40, 0x97, 0x7A, 0x7D, 0xBC, 0xA5, 0x52, 0xD6, 0xAB, 0xB2,
    0x9A, 0x4B, 0x3F, 0x17, 0xF9, 0x01, 0x90, 0xE6, 0xCC, 0xFF, 0x78, 0x9C, 0x4D, 0xD0, 0x4F, 0x0E,
    0xC1, 0x50, 0x10, 0x06, 0xF0, 0x52, 0xF1, 0x27, 0xD8, 0x5A, 0x52, 0x5B, 0x1B, 0x57, 0x70, 0x03,
    0x6E, 0xE0, 0x08, 0xDC, 0x80, 0x1B, 0x70, 0x03, 0x3D, 0x40, 0x17, 0x36, 0x56, 0x2F, 0xD2, 0x23,
    0xB4, 0x07, 0x90, 0xD8, 0xD8, 0x97, 0x48, 0x9A, 0x48, 0xE8, 0x67, 0x46, 0xBC, 0x99, 0x99, 0xDD,
    0x2F, 0x79, 0x93, 0x37, 0xDF, 0x07, 0xF0, 0x14, 0xC9, 0x20, 0xA0, 0x81, 0x9F, 0x89, 0x05, 0x9A,
    0x8C, 0xB3, 0x73, 0xEE, 0x42, 0xD8, 0x30, 0xDA, 0xFC, 0x7A, 0xF1, 0x01, 0x42, 0x8F, 0x20, 0x06,
    0xFA, 0x82, 0xE0, 0x8D, 0xB9, 0xE2, 0x89, 0x83, 0x22, 0x47, 0xA6, 0x88, 0x51, 0x28, 0xB6, 0x80,
    0x62, 0x6F, 0x71, 0xC4, 0x55, 0x71, 0x47, 0xAA, 0x28, 0xB1, 0x12, 0x44, 0xC0, 0x48, 0x70, 0x03,
    0x5A, 0x7F, 0x8C, 0x4F, 0xA0, 0x15, 0x93, 0xA7, 0x6B, 0xB0, 0x33, 0x49, 0xB3, 0xFA, 0x0F, 0x29,
    0x25, 0xAD, 0x78, 0xC3, 0x27, 0xA5, 0x68, 0x0D, 0x41, 0xC4, 0x39, 0xA5, 0x83, 0x17, 0x96, 0x8A,
    0x07, 0xA5, 0x11, 0xAC, 0xF9, 0x00, 0x39, 0xA7, 0xC2, 0x50, 0x51, 0xF2, 0xAF, 0x1E, 0x39, 0x50,
    0x13, 0xCC, 0x80, 0x8E, 0x2D, 0x71, 0x6A, 0x4B, 0x4C, 0x6D, 0x6F, 0x08, 0x05, 0x74, 0x51, 0x4F,
    0xC0, 0x17, 0x7D, 0x01, 0x5E, 0xCC, 0xC8, 0x3E, 0x78, 0x9C, 0x4D, 0x91, 0xB1, 0x4E, 0x02, 0x41,
    0x10, 0x86, 0x07, 0x10, 0x01, 0x23, 0x39, 0x4A, 0x4B, 0x5E, 0x80, 0x84, 0x27, 0x50, 0x4A, 0x43,
    0x73, 0xB5, 0x9D, 0xA1, 0xB4, 0x39, 0xDF, 0x00, 0x1A, 0x13, 0x12, 0x0A, 0x1A, 0x28, 0xE8, 0xED,
    0xB9, 0x82, 0x92, 0x04, 0x1F, 0xC0, 0x67, 0x60, 0x2D, 0x34, 0x5A, 0x90, 0x00, 0x06, 0xE3, 0x11,
    0x60, 0x7F, 0x67, 0xF6, 0x86, 0xC5, 0x29, 0x76, 0xF7, 0xDB, 0x9D, 0x99, 0xFD, 0x67, 0x86, 0x88,
    0x68, 0xB8, 0xC0, 0xFC, 0x21, 0x43, 0x62, 0x95, 0x2D, 0xC4, 0xC6, 0x8E, 0x3E, 0x90, 0x5A, 0xC4,
    0xE7, 0x47, 0xDE, 0xCD, 0xEB, 0x81, 0xD7, 0x22, 0xD1, 0x0F, 0xD0, 0xE4, 0xBB, 0x67, 0xF7, 0x64,
    0x11, 0xBA, 0xD0, 0x0D, 0x90, 0xBD, 0x07, 0xCE, 0x1D, 0x34, 0x80, 0x52, 0x0C, 0x43, 0xA9, 0xED,
    0x10, 0xBC, 0x61, 0xAC, 0xB0, 0x41, 0xB8, 0x42, 0x5F, 0xE1, 0x1B, 0xED, 0xD3, 0x4B, 0xA7, 0x7B,
    0xFB, 0x02, 0x64, 0xE8, 0x68, 0x9C, 0xED, 0xD2, 0x43, 0xC5, 0xC2, 0xE4, 0x3C, 0xB1, 0x82, 0xD9,
    0xD9, 0x3F, 0x3F, 0x2C, 0xEF, 0x8E, 0xF4, 0x2E, 0x92, 0x67, 0x79, 0x8D, 0x4A, 0x84, 0x96, 0x57,
    0x4A, 0x9F, 0xAE, 0x9E, 0xA2, 0x7A, 0x0E, 0xAC, 0x14, 0x95, 0x55, 0xAA, 0x7F, 0x31, 0xDD, 0xF8,
    0x1F, 0x26, 0x1C, 0x76, 0x92, 0xC2, 0x49, 0x4B, 0x1E, 0xAA, 0x16, 0x81, 0x07, 0xFA, 0x45, 0x38,
    0x1A, 0xE5, 0x7D, 0x3D, 0x91, 0xC5, 0x85, 0xC2, 0x0A, 0xED, 0x3D, 0xCA, 0x0A, 0x6B, 0x44, 0x89,
    0x76, 0x4A, 0xE4, 0x87, 0x6B, 0x18, 0x4D, 0x7F, 0x40, 0xC0, 0xDD, 0xAD, 0xB9, 0x73, 0x2C, 0xFF,
    0xEC, 0xD2, 0xF6, 0xB6, 0xAC, 0x28, 0x88, 0x45, 0xE3, 0x74, 0xC1, 0xEB, 0x35, 0xDF, 0x25, 0x3A,
    0x12, 0xA7, 0x5A, 0x87, 0x65, 0x0A, 0x69, 0x9E, 0x27, 0x1E, 0x63, 0x4F, 0x9A, 0xF2, 0x07, 0x96,
    0xF8, 0xB3, 0xF2, 0x78, 0x9C, 0xFB, 0xF1, 0x1F, 0x19, 0xFC, 0xC0, 0xC3, 0xDB, 0xBA, 0x1B, 0x04,
    0xFE, 0xFF, 0xDF, 0x0F, 0xA6, 0x19, 0xC0, 0xE0, 0xFF, 0x7F, 0x0E, 0x06, 0x04, 0x18, 0xE5, 0x0D,
    0x1D, 0x1E, 0x00, 0xCD, 0xCC, 0x75, 0x42, 0x78, 0x9C, 0xFB, 0xFF, 0x9F, 0x83, 0x01, 0x02, 0x3E,
    0xFC, 0xEF, 0xFF, 0x3F, 0xCA, 0x21, 0x87, 0x53, 0xFF, 0xEF, 0x3F, 0x27, 0x94, 0xF3, 0xF1, 0x7F,
    0xFE, 0x9F, 0xFF, 0x3C, 0x50, 0xCE, 0xE7, 0xFF, 0xFE, 0x3F, 0xFF, 0xF3, 0x43, 0x39, 0x3F, 0xFE,
    0xCB, 0x7F, 0xFD, 0x5F, 0x0F, 0xE5, 0xFC, 0xFB, 0xCF, 0xF3, 0xE0, 0xFF, 0x7F, 0x66, 0x30, 0x7B,
    0xC1, 0xFF, 0xFF, 0x6C, 0x09, 0xFF, 0xFF, 0xDB, 0x81, 0x39, 0x3F, 0xFF, 0xDF, 0x67, 0x60, 0xF8,
    0xFD, 0xFF, 0xBF, 0x25, 0x03, 0x83, 0xC0, 0xB5, 0xFF, 0xFF, 0xF5, 0x19, 0x18, 0x0E, 0xFC, 0xFF,
    0xFF, 0xFF, 0xFE, 0xE9, 0x7F, 0x40, 0x92, 0x05, 0x28, 0xFF, 0xEB, 0x3F, 0x04, 0xE8, 0x82, 0x14,
    0x3B, 0xFC, 0x01, 0xB3, 0xF3, 0x20, 0x66, 0x2A, 0x6C, 0xFF, 0xFB, 0xFF, 0x9C, 0x07, 0x88, 0x05,
    0x00, 0x08, 0xE8, 0xAF, 0x6C, 0x78, 0x9C, 0x4D, 0x91, 0xEB, 0x1D, 0xC1, 0x50, 0x0C, 0xC5, 0xE3,
    0xFD, 0xF3, 0xB6, 0x01, 0x1B, 0x30, 0x82, 0x0D, 0xD8, 0x80, 0x0D, 0xD8, 0x80, 0x0D, 0x18, 0xC1,
    0x06, 0xBA, 0x01, 0x1B, 0xB0, 0x01, 0x1B, 0x50, 0xEA, 0xFD, 0x38, 0x6E, 0x6E, 0x92, 0x56, 0xBE,
    0xE4, 0x9E, 0x36, 0x39, 0xE7, 0x7F, 0xDB, 0x10, 0x20, 0xAB, 0x06, 0x50, 0x5F, 0x03, 0x39, 0xD3,
    0x63, 0xA0, 0x38, 0x04, 0x4A, 0xA6, 0xDD, 0xBB, 0x2C, 0xB9, 0x19, 0xD3, 0x27, 0x1C, 0x88, 0x9E,
    0x18, 0x98, 0xBE, 0x61, 0x46, 0x14, 0x61, 0x69, 0xFA, 0x83, 0x36, 0xD1, 0x3E, 0x0E, 0x68, 0x01,
    0x15, 0xA2, 0x69, 0x1C, 0xE0, 0x4E, 0x79, 0xA2, 0x0E, 0x50, 0x16, 0xBD, 0x05, 0x52, 0x7E, 0xAB,
    0x29, 0xFA, 0x8C, 0x95, 0xB8, 0x8E, 0x44, 0xDF, 0x25, 0x29, 0x94, 0xC7, 0x3C, 0x58, 0xE3, 0x16,
    0xC8, 0x1A, 0x1B, 0x15, 0xB9, 0xF7, 0xBD, 0xAD, 0xB7, 0xCF, 0xF8, 0x39, 0x0D, 0xD8, 0x63, 0x27,
    0x7B, 0x4F, 0x09, 0x38, 0x33, 0x2D, 0x57, 0x24, 0x01, 0x0F, 0xA6, 0x95, 0xC1, 0x0D, 0xB7, 0x2F,
    0xD3, 0xAA, 0x91, 0x0B, 0xE8, 0xAA, 0xAD, 0xBF, 0x87, 0x3B, 0xCD, 0x35, 0xD6, 0x83, 0x54, 0x78,
    0x2B, 0xBE, 0xF7, 0x8D, 0x03, 0xA2, 0xE4, 0xBB, 0x84, 0x98, 0x70, 0x6A, 0xCD, 0x74, 0xC0, 0x01,
    0x4A, 0xAB, 0xC4, 0xE9, 0xBE, 0xD1, 0x0A, 0x71, 0x61, 0x61, 0xB4, 0x42, 0x5C, 0x3D, 0xB2, 0x87,
    0x55, 0x84, 0xF6, 0xC5, 0x68, 0x85, 0x78, 0xF2, 0x32, 0x5A, 0x21, 0x3E, 0xC4, 0xB4, 0x4A, 0xFC,
    0xF7, 0x9B, 0x5D, 0xBD, 0x91, 0xD0, 0x72, 0x5D, 0x81, 0xDE, 0xBF, 0x0E, 0x91, 0xD0, 0x0A, 0x71,
    0x42, 0xAB, 0xC4, 0x4A, 0xFB, 0x03, 0x36, 0x8E, 0xA0, 0xE8, 0x78, 0x9C, 0x3D, 0x52, 0xCD, 0x59,
    0xC2, 0x40, 0x10, 0x1D, 0x7E, 0x14, 0x44, 0x04, 0x4E, 0x5E, 0xB1, 0x03, 0x3D, 0x7B, 0x81, 0x0E,
    0xA0, 0x01, 0x3F, 0xED, 0x20, 0x76, 0x20, 0x1D, 0x40, 0x07, 0x49, 0x07, 0xB1, 0x03, 0xE9, 0x20,
    0x74, 0x00, 0x1D, 0x80, 0x20, 0x41, 0x0C, 0xF0, 0x9C, 0xBF, 0xCD, 0x1E, 0x36, 0x6F, 0x37, 0xB3,
    0x33, 0xEF, 0xCD, 0xBC, 0x1C, 0x23, 0xD2, 0x35, 0x43, 0x6C, 0x60, 0x02, 0x54, 0xB7, 0x98, 0xDA,
    0x61, 0x85, 0xB5, 0x81, 0x39, 0x83, 0x15, 0xBE, 0xEC, 0xB0, 0xE5, 0x10, 0x05, 0x1B, 0xA4, 0x94,
    0x00, 0x76, 0x7B, 0x00, 0xAE, 0x15, 0xEC, 0xF0, 0x41, 0xEF, 0x40, 0x4D, 0x0F, 0x05, 0x70, 0xAB,
    0x20, 0xC7, 0x80, 0x9E, 0x42, 0x08, 0x80, 0xAE, 0x82, 0x3F, 0xF9, 0x02, 0x2D, 0xC1, 0x43, 0xBE,
    0x1D, 0xE8, 0xED, 0x45, 0xDE, 0x14, 0xE8, 0x18, 0xB1, 0xCC, 0xD8, 0xF4, 0x80, 0x86, 0x54, 0xE9,
    0xCB, 0x61, 0x81, 0x08, 0x99, 0x80, 0x31, 0x50, 0x97, 0x92, 0xAF, 0x46, 0xAC, 0x0B, 0x54, 0x4C,
    0x84, 0xD2, 0x8B, 0xAD, 0x72, 0xBB, 0xC0, 0x95, 0x8A, 0xC8, 0xCA, 0x9D, 0xD3, 0x37, 0x72, 0xDC,
    0x68, 0xD4, 0xB4, 0x7C, 0x41, 0x2A, 0xBE, 0xA3, 0x22, 0x46, 0x46, 0xA9, 0x2E, 0xFB, 0x9A, 0x0B,
    0x3E, 0x52, 0x59, 0x5D, 0x99, 0x4C, 0x38, 0xFB, 0x0C, 0x91, 0x8A, 0xB8, 0x93, 0xDB, 0x93, 0xB0,
    0x5E, 0xF0, 0xBB, 0xA1, 0x36, 0xEA, 0xA2, 0xD9, 0xE9, 0x28, 0xE9, 0xBE, 0x4D, 0xA6, 0x8A, 0x10,
    0x26, 0xB4, 0x97, 0x74, 0xB9, 0xC9, 0xAC, 0x89, 0x08, 0x61, 0xCD, 0x61, 0x91, 0x64, 0x53, 0x99,
    0x4D, 0x2E, 0xB0, 0x24, 0xD3, 0x9A, 0x4A, 0xB6, 0xAA, 0x90, 0x6A, 0x33, 0xFD, 0xD8, 0x07, 0xB6,
    0xE4, 0x7E, 0x2E, 0x75, 0x48, 0x7D, 0x16, 0x11, 0x91, 0xB7, 0xA3, 0x32, 0xD1, 0x88, 0x84, 0x5B,
    0xB2, 0x53, 0xD2, 0x44, 0x0F, 0x2C, 0x63, 0xAE, 0x82, 0xC6, 0xFC, 0xEF, 0x60, 0x8D, 0x95, 0x9C,
    0x4D, 0x25, 0xC6, 0xAC, 0xD6, 0x5C, 0xB6, 0x45, 0x3E, 0x92, 0xF6, 0xDE, 0x66, 0x76, 0x42, 0xF5,
    0xE2, 0x03, 0x63, 0xAE, 0x9D, 0xA3, 0xE1, 0x5F, 0xDC, 0x87, 0xE1, 0x72, 0xC3, 0xFB, 0x67, 0xF3,
    0xC2, 0x0E, 0xCF, 0xC1, 0x08, 0x4C, 0x68, 0xE4, 0xD4, 0x37, 0x78, 0x09, 0xA6, 0xA1, 0x4F, 0xA4,
    0x6E, 0xAB, 0x04, 0x31, 0x5B, 0xC4, 0x16, 0x1B, 0xC5, 0x2D, 0xF8, 0x56, 0x8E, 0x9F, 0xC4, 0x28,
    0x6E, 0x90, 0x5E, 0x89, 0xCC, 0x36, 0x4E, 0xF2, 0x0C, 0x6E, 0x85, 0xAF, 0x22, 0xB8, 0x8A, 0xA9,
    0x71, 0xDB, 0x7C, 0x1D, 0xBC, 0xA7, 0x44, 0x3F, 0x3A, 0xC4, 0x80, 0x33, 0x47, 0x9B, 0x92, 0x6E,
    0xB0, 0x80, 0x91, 0xB4, 0xFF, 0xFF, 0xA0, 0x96, 0x18, 0xB4, 0x78, 0x9C, 0x45, 0x90, 0xDD, 0x55,
    0x02, 0x31, 0x10, 0x46, 0x47, 0x51, 0xC1, 0xDF, 0xB3, 0x15, 0x78, 0xEC, 0x40, 0x3A, 0x90, 0x0E,
    0xB4, 0x04, 0x3B, 0x90, 0x0E, 0xB4, 0x03, 0xE9, 0x40, 0x3B, 0x90, 0x0E, 0xA0, 0x03, 0xE8, 0x00,
    0x78, 0xE1, 0x95, 0xA3, 0xB8, 0x2E, 0xAE, 0xB0, 0xD7, 0x99, 0x4C, 0x42, 0xBE, 0x87, 0x9D, 0xDC,
    0x9C, 0x4D, 0x26, 0x73, 0x17, 0xD0, 0x16, 0xCF, 0xA7, 0x2E, 0x1F, 0xE0, 0x36, 0x62, 0xCD, 0x44,
    0xE4, 0x8F, 0x91, 0x53, 0x0F, 0xEE, 0x44, 0xBE, 0xE0, 0x38, 0xE0, 0x14, 0x3A, 0x22, 0x7D, 0xB8,
    0x0A, 0xB8, 0x61, 0x65, 0x65, 0xC7, 0x9B, 0x95, 0x1B, 0xB8, 0xB7, 0xBA, 0x86, 0x96, 0x96, 0x31,
    0x9C, 0x19, 0x0E, 0xE0, 0x42, 0xCB, 0x0F, 0x1C, 0x84, 0x43, 0x0D, 0x4F, 0x22, 0x45, 0xF8, 0x5A,
    0x4A, 0xDB, 0x8F, 0xFF, 0x68, 0x86, 0x76, 0x4A, 0x6F, 0x38, 0x74, 0x2C, 0xEC, 0xCE, 0x1D, 0xAF,
    0xF1, 0x71, 0x52, 0x31, 0xD3, 0xEE, 0x97, 0x09, 0xB5, 0x47, 0x0D, 0x47, 0x09, 0xBB, 0x68, 0x3E,
    0x64, 0x9F, 0x8D, 0xE2, 0x75, 0x46, 0x7D, 0x7D, 0x9C, 0x23, 0xCD, 0x36, 0xC9, 0x24, 0x2F, 0xF8,
    0x34, 0x31, 0x3A, 0x33, 0xA7, 0x19, 0xB7, 0x04, 0x13, 0x31, 0x8F, 0xD6, 0x68, 0xB6, 0xC7, 0x05,
    0x2C, 0xB3, 0x50, 0x55, 0x38, 0xEA, 0x65, 0xA1, 0x61, 0x59, 0x27, 0xA1, 0x32, 0xB7, 0x1F, 0xD5,
    0xF9, 0x89, 0xE3, 0xAF, 0x5D, 0xD3, 0x4F, 0xCF, 0xEC, 0xBA, 0xC2, 0x6D, 0x1C, 0x62, 0xEA, 0x0A,
    0xD7, 0x71, 0xC4, 0x8A, 0x95, 0x29, 0x1C, 0xB8, 0x00, 0xD5, 0xED, 0x0A, 0x9B, 0xA0, 0x67, 0x98,
    0x14, 0x96, 0x41, 0x7F, 0x99, 0x14, 0x86, 0xFD, 0xA2, 0x49, 0x0A, 0x55, 0xE8, 0xB3, 0xBC, 0x67,
    0x85, 0x95, 0xEA, 0xFF, 0xCE, 0x0A, 0xB5, 0xE3, 0xF9, 0x3F, 0x75, 0x99, 0xB9, 0x67, 0x78, 0x9C,
    0xD5, 0x8F, 0x61, 0x0D, 0xC2, 0x40, 0x0C, 0x85, 0x4B, 0x20, 0x2C, 0x10, 0x82, 0x06, 0x1C, 0x60,
    0x01, 0x09, 0x38, 0xD8, 0x1C, 0x80, 0x02, 0x90, 0x30, 0x09, 0xE0, 0x04, 0x24, 0xE0, 0x00, 0xA6,
    0x60, 0x90, 0xE5, 0x16, 0xC8, 0xB2, 0x3D, 0xDA, 0x6B, 0xBB, 0x61, 0x81, 0xF7, 0xA7, 0xF7, 0x2E,
    0xFD, 0x72, 0xDF, 0x15, 0xC0, 0x94, 0x2C, 0x2D, 0xF2, 0x3D, 0xB0, 0xB4, 0xB6, 0x95, 0x63, 0x87,
    0x9D, 0xD5, 0x9B, 0x2C, 0x06, 0x94, 0x56, 0x03, 0xEE, 0x44, 0xD7, 0x1E, 0x6E, 0x91, 0x12, 0x6D,
    0x1C, 0x66, 0x74, 0xC1, 0xA3, 0x31, 0x98, 0xD1, 0x31, 0x8F, 0xCA, 0xE0, 0x80, 0x8B, 0x8C, 0xB3,
    0xC1, 0x2D, 0xD6, 0x32, 0x56, 0x0A, 0x67, 0xC0, 0x2C, 0x6E, 0xBD, 0x71, 0x54, 0x74, 0x14, 0x6B,
    0x11, 0xE1, 0x1A, 0xB9, 0xBE, 0xC7, 0x9E, 0x09, 0xB1, 0x9D, 0xCB, 0xCA, 0x29, 0x1B, 0xBE, 0x52,
    0x33, 0xFC, 0x10, 0x43, 0x77, 0x2F, 0xF9, 0x2A, 0xF5, 0xCA, 0x9E, 0x49, 0x17, 0x0D, 0x35, 0x0D,
    0x0E, 0xC0, 0xA4, 0xAF, 0x15, 0xA0, 0x86, 0x1A, 0xF6, 0x54, 0x43, 0x0D, 0x7B, 0x62, 0x3E, 0x54,
    0xFA, 0xB8, 0xA1, 0xE6, 0x85, 0xD3, 0x4F, 0xA3, 0xA7, 0x0B, 0xFF, 0x63, 0xFD, 0x02, 0xD0, 0x91,
    0x8B, 0x56, 0x78, 0x9C, 0x7D, 0xD1, 0x3B, 0x11, 0xC2, 0x50, 0x10, 0x46, 0xE1, 0x40, 0xC3, 0xAB,
    0x00, 0x09, 0x38, 0x00, 0x07, 0xE0, 0x00, 0x1C, 0x10, 0x29, 0x48, 0x40, 0x02, 0x12, 0x6E, 0x4F,
    0x01, 0x0E, 0xC0, 0x01, 0x83, 0x82, 0x64, 0x78, 0x64, 0x12, 0x5E, 0x07, 0x9A, 0x64, 0xFF, 0x6D,
    0xEE, 0x76, 0x67, 0xF6, 0xAB, 0x76, 0x73, 0x64, 0xDA, 0x79, 0xA4, 0xC2, 0xAE, 0x1E, 0xC8, 0x5A,
    0x49, 0x3D, 0xA3, 0x2F, 0xAB, 0x26, 0x92, 0x00, 0x7D, 0xAB, 0x42, 0xE1, 0x18, 0x85, 0x07, 0x07,
    0x4B, 0x85, 0x53, 0x58, 0xD8, 0xEA, 0x04, 0x3D, 0xAB, 0x8A, 0xCC, 0x62, 0xEE, 0xE0, 0xC5, 0xC1,
    0xA7, 0xC2, 0x65, 0x04, 0xBE, 0x38, 0x5B, 0xA4, 0x30, 0xB3, 0xBA, 0x42, 0xD7, 0xEA, 0xAD, 0x70,
    0xED, 0xE0, 0xCD, 0xC1, 0x8F, 0xC2, 0x8D, 0x83, 0x77, 0x85, 0xFF, 0xCB, 0x09, 0xDC, 0xC2, 0xC4,
    0xEA, 0x01, 0x1D, 0x85, 0x47, 0x5B, 0x05, 0x07, 0x0B, 0xD8, 0x37, 0x8F, 0x19, 0x94, 0xFA, 0xB1,
    0x61, 0xAC, 0x7E, 0x39, 0x3F, 0xB0, 0x84, 0x78, 0x9C, 0xDB, 0xBD, 0x7B, 0xF7, 0x6E, 0xEE, 0xFF,
    0x40, 0xC0, 0x8F, 0x4C, 0x70, 0x30, 0x30, 0x0C, 0x1F, 0x62, 0x2F, 0x86, 0x07, 0x01, 0xE4, 0x3A,
    0x71, 0xB1, 0x78, 0x9C, 0x6D, 0xD0, 0xCB, 0x15, 0xC1, 0x50, 0x14, 0x85, 0xE1, 0x78, 0xC6, 0x7B,
    0xE9, 0x80, 0x0E, 0xA4, 0x03, 0x3A, 0xA0, 0x03, 0xE9, 0x80, 0x12, 0x2C, 0x23, 0x33, 0x25, 0xD0,
    0x01, 0x1D, 0x50, 0x82, 0x0E, 0xE8, 0x20, 0x58, 0x24, 0x48, 0xF8, 0x0D, 0xEC, 0xDC, 0xDC, 0x81,
    0x33, 0xFA, 0x26, 0x7B, 0x70, 0xFE, 0x04, 0xD7, 0xF9, 0x5D, 0x48, 0x53, 0xBA, 0x30, 0x94, 0xD6,
    0x6C, 0xA4, 0x01, 0xE4, 0xC4, 0x37, 0x65, 0x29, 0xA2, 0x61, 0x26, 0x3D, 0x69, 0xCB, 0x4A, 0x1A,
    0x11, 0x48, 0xCE, 0x87, 0x92, 0xF4, 0xA4, 0x2E, 0x5D, 0xE9, 0x48, 0x7B, 0x96, 0x92, 0x9F, 0x4D,
    0xA0, 0x28, 0xBD, 0xA8, 0x49, 0x37, 0x33, 0x39, 0x30, 0x91, 0xA6, 0x1C, 0xA5, 0x36, 0x14, 0xC4,
    0x98, 0xAA, 0x74, 0xA7, 0x25, 0x9D, 0x18, 0x4B, 0x33, 0x76, 0x52, 0x17, 0xF2, 0x62, 0x42, 0x45,
    0x0A, 0xCD, 0xE4, 0xFC, 0x27, 0x84, 0x67, 0x87, 0x48, 0xDB, 0x45, 0x56, 0xBB, 0xBE, 0x64, 0x87,
    0x20, 0xFD, 0x2A, 0x0B, 0xF1, 0x30, 0xED, 0xE6, 0x0B, 0xF7, 0x0B, 0xAD, 0x44, 0x52, 0x2E, 0x78,
    0x9C, 0xDB, 0xBA, 0x7B, 0xF7, 0xEE, 0xE8, 0x1F, 0xFF, 0xFF, 0xFF, 0xEF, 0x47, 0x10, 0x0C, 0x0C,
    0x1F, 0x86, 0x0F, 0xB1, 0x75, 0xF7, 0x6F, 0x64, 0xBF, 0x81, 0x09, 0x00, 0xEA, 0xD3, 0x88, 0x81,
    0x78, 0x9C, 0x2D, 0xCB, 0x41, 0x11, 0x82, 0x50, 0x14, 0x85, 0xE1, 0x03, 0x0B, 0x71, 0x01, 0x8E,
    0x05, 0x98, 0xA1, 0x81, 0x11, 0x8C, 0x00, 0x0D, 0x30, 0x82, 0x11, 0x6C, 0x62, 0x04, 0x22, 0x40,
    0x04, 0x22, 0x90, 0x01, 0xDC, 0x80, 0x33, 0xFC, 0xDC, 0xC7, 0xBB, 0x67, 0xF5, 0x2F, 0xCE, 0x27,
    0xA9, 0xE1, 0xA1, 0xB8, 0x81, 0xAF, 0xD7, 0x0C, 0x5E, 0x2B, 0x5C, 0x62, 0xED, 0x90, 0x9F, 0xD1,
    0x00, 0x4F, 0x07, 0x9D, 0x93, 0x99, 0xD2, 0xC9, 0x4A, 0xB6, 0x45, 0x02, 0xC9, 0x42, 0x61, 0xF1,
    0xA2, 0xD7, 0x78, 0x92, 0x81, 0x5A, 0x6F, 0x3A, 0xAB, 0x85, 0x9B, 0xEE, 0xF6, 0x08, 0xE0, 0x2A,
    0xFD, 0xC9, 0x02, 0x48, 0xA5, 0x9F, 0x91, 0x00, 0xA4, 0xC9, 0xCE, 0x23, 0xAD, 0xD5, 0xC7, 0x48,
    0x00, 0x52, 0x65, 0xE4, 0x00, 0x0E, 0x4C, 0x41, 0xA1, 0x78, 0x9C, 0xDB, 0xBD, 0x1B, 0x0E, 0xFE,
    0x13, 0x02, 0x00, 0x68, 0x87, 0x28, 0xE9, 0x78, 0x9C, 0xFB, 0xFC, 0xFF, 0x3F, 0x33, 0x03, 0x83,
    0xC3, 0xFF, 0xFF, 0xBC, 0x0C, 0x0C, 0x0C, 0x5F, 0xFF, 0xF7, 0x03, 0xC9, 0x02, 0xB0, 0x10, 0xC3,
    0x4F, 0xB0, 0xD0, 0x82, 0xFF, 0xF3, 0x81, 0x24, 0xC3, 0xEF, 0xFF, 0xCC, 0x00, 0x7C, 0xD6, 0x10,
    0x74, 0x78, 0x9C, 0x55, 0x8F, 0x4B, 0x0E, 0xC1, 0x60, 0x14, 0x85, 0xEF, 0x3F, 0xA0, 0xC4, 0xA3,
    0x53, 0xBB, 0xD0, 0x1D, 0x18, 0x32, 0x11, 0x96, 0x60, 0x05, 0xCA, 0x0E, 0x24, 0x0C, 0x3A, 0x14,
    0x03, 0x63, 0x4B, 0x30, 0x30, 0xD2, 0x60, 0x01, 0x22, 0x1D, 0x19, 0x77, 0x01, 0x48, 0xD3, 0x48,
    0x1A, 0x8F, 0xEA, 0x71, 0x6F, 0xFB, 0x57, 0xE2, 0x8C, 0xBE, 0xC1, 0x79, 0xDC, 0x4B, 0x44, 0xB3,
    0x2B, 0x4E, 0x1D, 0x12, 0x9D, 0x21, 0xEA, 0x32, 0xAD, 0x91, 0xC9, 0x20, 0x8A, 0x01, 0xFF, 0x98,
    0x00, 0x36, 0x4D, 0x80, 0xA1, 0x22, 0xEB, 0x0D, 0xA8, 0x10, 0xBE, 0x62, 0xDB, 0x9C, 0x1D, 0x11,
    0x7A, 0x69, 0x18, 0xA8, 0x4E, 0x9D, 0x52, 0x8A, 0x2F, 0xD4, 0x49, 0xEB, 0x01, 0xF3, 0x1F, 0xAD,
    0xE5, 0xD6, 0x75, 0x21, 0xB8, 0x48, 0xB2, 0x0D, 0x53, 0x6A, 0x72, 0x8C, 0x7F, 0xB8, 0x02, 0xBC,
    0xB6, 0x4A, 0x63, 0x77, 0x04, 0x05, 0xDD, 0xF0, 0xD4, 0x6B, 0x8C, 0x1F, 0x54, 0x72, 0x04, 0xB2,
    0xE1, 0x58, 0xB0, 0xAC, 0xCF, 0x61, 0x43, 0x4D, 0xA8, 0x0F, 0x89, 0xD9, 0x82, 0x11, 0xA4, 0x0C,
    0x0D, 0xA2, 0x0D, 0x4F, 0x34, 0xF9, 0x21, 0xEC, 0x6E, 0xB2, 0xD6, 0xE2, 0x9B, 0x45, 0x5E, 0xC4,
    0xC6, 0x81, 0x50, 0x60, 0x84, 0x38, 0x10, 0x8D, 0x2F, 0xD8, 0x17, 0x69, 0xE4, 0x38, 0x5F, 0x93,
    0x11, 0x99, 0x8F, 0x78, 0x9C, 0xC5, 0x90, 0xB1, 0x0D, 0xC2, 0x30, 0x10, 0x45, 0x83, 0x93, 0x40,
    0x10, 0x20, 0x32, 0x02, 0x23, 0xB0, 0x09, 0x23, 0x40, 0x4F, 0x11, 0x36, 0x60, 0x04, 0x5A, 0x3A,
    0x1A, 0xFA, 0x50, 0x31, 0x45, 0x76, 0x48, 0x47, 0x1B, 0x41, 0x19, 0x09, 0x1E, 0xE7, 0x33, 0x36,
    0x2E, 0xE8, 0xF9, 0xD5, 0x93, 0x75, 0xFE, 0xF7, 0xFF, 0x41, 0x91, 0x78, 0xF1, 0x3F, 0x2E, 0xAF,
    0xCF, 0x76, 0x3B, 0x70, 0x7C, 0x43, 0xB4, 0x57, 0x3E, 0xA2, 0x9A, 0x58, 0x86, 0xB6, 0x79, 0x41,
    0xAD, 0x7C, 0x32, 0xC9, 0xA2, 0x87, 0xCC, 0x72, 0x26, 0xA3, 0x3B, 0x98, 0x09, 0xAF, 0xD5, 0xAF,
    0x67, 0x25, 0x3C, 0x57, 0xBE, 0xCB, 0x07, 0x35, 0x10, 0x5D, 0x20, 0xEC, 0xDD, 0x80, 0xF1, 0xBC,
    0x84, 0xDC, 0x73, 0x09, 0xC3, 0x90, 0x0D, 0x46, 0x11, 0x17, 0xBF, 0xDE, 0xE3, 0xF9, 0xD8, 0xC7,
    0xF9, 0x4F, 0x3F, 0x7B, 0xBB, 0x90, 0xE7, 0xA1, 0x79, 0xAA, 0x28, 0x27, 0xF9, 0x37, 0x3F, 0xB5,
    0xEB, 0x95, 0x6A, 0xDF, 0xCE, 0xF6, 0x3D, 0xD8, 0x75, 0x67, 0x77, 0x87, 0xB1, 0xE5, 0x54, 0xEF,
    0x53, 0x69, 0x0C, 0x13, 0xEE, 0xF6, 0x06, 0xC1, 0x0A, 0xAD, 0x14, 0x78, 0x9C, 0x7D, 0x90, 0x3D,
    0x0A, 0xC2, 0x40, 0x10, 0x46, 0x07, 0x05, 0xF1, 0x07, 0x24, 0x95, 0x9D, 0xE0, 0x09, 0xD4, 0x1B,
    0x78, 0x03, 0x49, 0xED, 0x11, 0x6C, 0xB4, 0xCB, 0x31, 0x3C, 0x42, 0x72, 0x03, 0xED, 0x83, 0x78,
    0x02, 0xB1, 0xB2, 0xB1, 0x89, 0x95, 0x6D, 0x88, 0x85, 0x44, 0xF3, 0xF3, 0x9C, 0xDD, 0x10, 0x49,
    0xE5, 0xD7, 0xCC, 0x2B, 0x66, 0xDF, 0xCE, 0x8C, 0x88, 0xB8, 0x37, 0xA2, 0xB5, 0x98, 0xB8, 0x25,
    0x9A, 0x8D, 0xC1, 0x0F, 0x36, 0x03, 0x91, 0x83, 0x96, 0x73, 0x01, 0x27, 0x91, 0x14, 0x46, 0x22,
    0x0F, 0xE8, 0xCE, 0x61, 0xAA, 0x5D, 0x4E, 0xC1, 0x2C, 0x80, 0xB6, 0x79, 0xF1, 0x64, 0x97, 0xB0,
    0xB7, 0x9E, 0x80, 0xCB, 0x8B, 0x45, 0xA5, 0x24, 0x7E, 0x33, 0xB4, 0xE8, 0x78, 0x5E, 0x6E, 0x84,
    0x55, 0x4A, 0x7A, 0x35, 0xAA, 0xEF, 0x3F, 0x36, 0x7A, 0x1B, 0x86, 0xDA, 0xAB, 0xA9, 0x7F, 0x9B,
    0x84, 0x61, 0x82, 0x6F, 0x71, 0x4B, 0xA4, 0x93, 0xB5, 0x0C, 0xDE, 0xF1, 0x75, 0xDE, 0xB1, 0xC1,
    0x4C, 0x1B, 0x53, 0xE2, 0x8E, 0xC8, 0x15, 0x95, 0x9A, 0xDD, 0x8E, 0x39, 0x76, 0xEC, 0xAC, 0xDA,
    0xB8, 0xFF, 0xBB, 0xC3, 0xB2, 0x5A, 0x40, 0xAF, 0xB3, 0xD2, 0xFA, 0x05, 0xF9, 0xAE, 0x74, 0xDF,
    0x78, 0x9C, 0xC5, 0xD0, 0x41, 0x0E, 0x01, 0x41, 0x10, 0x05, 0xD0, 0x4A, 0x66, 0x16, 0x2D, 0x11,
    0x66, 0xE7, 0x16, 0xE2, 0x06, 0xDC, 0xC0, 0x11, 0x9C, 0x81, 0x13, 0x38, 0x82, 0x0B, 0x48, 0xDC,
    0x80, 0x0B, 0x08, 0x0B, 0x7B, 0x71, 0x8F, 0x11, 0x99, 0x8D, 0xE8, 0x31, 0x7C, 0xF5, 0xBB, 0x29,
    0xBD, 0xB2, 0x55, 0xAB, 0xD7, 0x49, 0xA7, 0xEA, 0x57, 0x89, 0xBC, 0x0B, 0x70, 0xF2, 0x3F, 0xCF,
    0xCA, 0xCB, 0x32, 0x8F, 0x5E, 0x40, 0xEB, 0x98, 0xD1, 0xC5, 0x83, 0xC6, 0x84, 0x3E, 0x29, 0xB6,
    0x25, 0x9F, 0x4E, 0x6A, 0xA0, 0x27, 0x72, 0xA0, 0x47, 0xC0, 0x90, 0x6D, 0x6E, 0xEA, 0x0D, 0x90,
    0xD3, 0x2B, 0x75, 0x85, 0x5D, 0x68, 0x5F, 0xA8, 0xAF, 0x18, 0xDB, 0x2C, 0x8F, 0xAE, 0xB9, 0x41,
    0xDB, 0xFC, 0x44, 0xCB, 0x6C, 0xF1, 0x7E, 0x38, 0xFD, 0x9F, 0xF6, 0xF1, 0xE8, 0x98, 0xD3, 0xB9,
    0x15, 0xD6, 0x96, 0x47, 0xF3, 0x65, 0xB4, 0xE6, 0x75, 0x03, 0xA0, 0x4F, 0x7B, 0x36, 0xF7, 0xDF,
    0xBD, 0x64, 0xCF, 0x7D, 0xCF, 0x71, 0xDF, 0xCF, 0x1D, 0x1A, 0x06, 0x98, 0xC7, 0xFB, 0xDC, 0x43,
    0x98, 0x69, 0xB8, 0x5B, 0x0D, 0xF7, 0x02, 0x0A, 0x1B, 0xAC, 0x47, 0x78, 0x9C, 0x4D, 0x90, 0xBB,
    0x09, 0x02, 0x41, 0x10, 0x86, 0x07, 0xE4, 0x4E, 0x45, 0xC1, 0x0B, 0xCD, 0xBC, 0x12, 0xEC, 0x40,
    0x0B, 0x30, 0x30, 0x36, 0xD1, 0x0E, 0xB4, 0x03, 0x5B, 0xB8, 0x06, 0x04, 0x3B, 0x30, 0x34, 0x10,
    0x31, 0x34, 0xBC, 0xC4, 0x4C, 0x10, 0x0B, 0x10, 0x0E, 0xF5, 0x50, 0xB9, 0xC7, 0xFE, 0xCE, 0xCC,
    0xAE, 0x8F, 0x2F, 0xD8, 0xFD, 0x58, 0x98, 0x99, 0x7F, 0x96, 0x88, 0xC2, 0xBD, 0x39, 0x8D, 0x48,
    0x09, 0x33, 0x30, 0x53, 0xF5, 0x14, 0x4A, 0x83, 0x75, 0xC2, 0xF7, 0xF6, 0x02, 0xEC, 0xD8, 0xEF,
    0x40, 0x9B, 0xE8, 0x00, 0xF8, 0x44, 0x06, 0x3D, 0x7E, 0x09, 0x0A, 0x74, 0x68, 0x06, 0x78, 0x52,
    0x75, 0xE3, 0xEA, 0x33, 0x62, 0xED, 0x10, 0xF1, 0x9D, 0x62, 0xAC, 0xDE, 0x07, 0xE8, 0x85, 0x96,
    0x7A, 0x00, 0x54, 0x0A, 0x34, 0xED, 0x48, 0x6E, 0x54, 0xE2, 0x4B, 0xD5, 0xFC, 0xF9, 0x4F, 0x51,
    0xE3, 0xE1, 0x1B, 0x87, 0x67, 0x50, 0xA7, 0x0F, 0xA5, 0x06, 0xB4, 0x64, 0xAE, 0xBF, 0xF0, 0x70,
    0x73, 0x85, 0xAB, 0xCB, 0x23, 0x2C, 0xB9, 0xAF, 0x5D, 0xCF, 0xA7, 0x10, 0x98, 0x8B, 0x0E, 0xB1,
    0x92, 0x02, 0x0C, 0x38, 0x66, 0x2E, 0x4B, 0x46, 0x3C, 0x31, 0x3E, 0xF2, 0x21, 0x19, 0x9F, 0x36,
    0x81, 0xEC, 0x4E, 0xDD, 0x5C, 0x34, 0xF1, 0xED, 0x67, 0xAD, 0xCB, 0x64, 0x21, 0x4B, 0xBF, 0x01,
    0xCE, 0x89, 0x94, 0xCF, 0x78, 0x9C, 0x63, 0x60, 0x60, 0x60, 0x98, 0xFC, 0xF7, 0x7D, 0x0C, 0x90,
    0x5A, 0xF0, 0xFF, 0xFF, 0xFF, 0x7E, 0x20, 0xFD, 0x17, 0x42, 0x03, 0xB9, 0xEF, 0xF7, 0xD4, 0x30,
    0x30, 0x7C, 0xFA, 0xFF, 0x9F, 0x0D, 0x28, 0xCA, 0xF0, 0xE3, 0x7F, 0x3C, 0x88, 0x62, 0xF8, 0xF3,
    0x9F, 0x0F, 0x4C, 0xFF, 0xFB, 0xCF, 0x05, 0xA6, 0xFF, 0xFF, 0xE7, 0xC0, 0x42, 0xFF, 0x87, 0x00,
    0x0C, 0x7A, 0xF7, 0xEE, 0xFF, 0xFF, 0xF7, 0xEF, 0xDE, 0x8D, 0x53, 0xDF, 0x60, 0xA7, 0x01, 0x10,
    0xF7, 0x68, 0xE2, 0x78, 0x9C, 0x85, 0xD0, 0x3B, 0x6A, 0x02, 0x51, 0x14, 0x06, 0xE0, 0x1F, 0x1F,
    0xA8, 0x10, 0xA2, 0x55, 0xEC, 0x64, 0x56, 0x10, 0xB2, 0x82, 0x24, 0x85, 0xBD, 0xC1, 0x22, 0x6D,
    0xD2, 0x5A, 0x69, 0x67, 0x29, 0xB8, 0x82, 0x6C, 0x40, 0x48, 0x9A, 0xB4, 0x71, 0x03, 0x62, 0x8A,
    0xF4, 0x9A, 0x15, 0x04, 0xB1, 0x12, 0x84, 0x21, 0x29, 0x04, 0xC7, 0xC7, 0x9F, 0xF3, 0x70, 0x2E,
    0xD3, 0x79, 0x9A, 0xF9, 0x2E, 0xCC, 0xBD, 0xE7, 0x9C, 0x1F, 0xC0, 0x70, 0x1D, 0x8F, 0x0A, 0x48,
    0x58, 0x06, 0xDE, 0x28, 0x35, 0xCB, 0xEF, 0xC4, 0xD1, 0x51, 0xCD, 0xA7, 0xBD, 0x78, 0x21, 0x98,
    0xAC, 0xF5, 0x58, 0xC6, 0x8E, 0xAC, 0x03, 0x5F, 0xEA, 0x07, 0xF2, 0x1A, 0x52, 0x5B, 0xF1, 0x98,
    0x2C, 0xA8, 0x5F, 0xC5, 0x7F, 0x9C, 0x2A, 0x51, 0x13, 0x6F, 0xD8, 0x32, 0x43, 0x9C, 0xB0, 0x1A,
    0xBC, 0xE7, 0x45, 0xF0, 0x91, 0x95, 0x60, 0x6D, 0x71, 0xCE, 0xD9, 0xFF, 0xB3, 0xEF, 0x6C, 0x79,
    0x19, 0xBC, 0xE1, 0x5D, 0xF0, 0x2F, 0x3F, 0x8C, 0x91, 0xCF, 0x99, 0x57, 0x7F, 0x8A, 0xEF, 0x33,
    0xF3, 0xCB, 0xFE, 0xBC, 0x3A, 0xED, 0x85, 0x6F, 0xDD, 0xF7, 0xE0, 0xFB, 0xD6, 0x0E, 0x9E, 0x83,
    0x0D, 0xF0, 0xE2, 0xF9, 0xF8, 0x30, 0x9E, 0x5B, 0x18, 0xCC, 0xF6, 0x2D, 0xA5, 0xBE, 0x21, 0x8B,
    0xA9, 0x7B, 0x64, 0x0E, 0x63, 0x6B, 0x8B, 0x39, 0x63, 0x69, 0x78, 0x0B, 0xEF, 0x3B, 0xC0, 0xB3,
    0xDF, 0x91, 0xD8, 0x1A, 0x16, 0x79, 0xA7, 0xF9, 0x4E, 0xBB, 0xBA, 0xA4, 0x57, 0x57, 0x1F, 0x4E,
    0x8C, 0xB1, 0x25, 0x1C, 0xAD, 0x84, 0x3F, 0x69, 0xA3, 0x76, 0xFF, 0x31, 0xA7, 0xDF, 0x7F, 0x4C,
    0x32, 0xC6, 0x75, 0x78, 0x9C, 0xD5, 0xCD, 0x51, 0x0A, 0x40, 0x40, 0x18, 0x45, 0xE1, 0x99, 0x28,
    0xA4, 0x99, 0xB1, 0x2C, 0xFB, 0xB2, 0x01, 0x0B, 0x50, 0x96, 0xA0, 0x6C, 0xC0, 0x06, 0x94, 0x8D,
    0xA8, 0x79, 0x35, 0xA1, 0x63, 0xFA, 0xB1, 0x05, 0xE5, 0x3C, 0x7D, 0x4F, 0xF7, 0x42, 0xAE, 0x9E,
    0xF8, 0x86, 0xCD, 0xEA, 0xBB, 0x44, 0x38, 0x12, 0x9B, 0x74, 0x64, 0x8D, 0x64, 0x22, 0x0F, 0xFC,
    0x7C, 0x42, 0x1F, 0xC9, 0x92, 0xAA, 0x2A, 0x80, 0xE6, 0x9E, 0x68, 0x21, 0x83, 0xE1, 0x59, 0x2A,
    0xC1, 0x09, 0x77, 0x0C, 0x58, 0x61, 0xC0, 0x42, 0x21, 0xDC, 0x70, 0xEF, 0xF1, 0x0F, 0x79, 0x01,
    0x91, 0xFA, 0x94, 0x76, 0x78, 0x9C, 0x3B, 0x74, 0x9E, 0xE9, 0xCF, 0x7F, 0x9E, 0xFF, 0xFF, 0xF9,
    0x81, 0xE4, 0xA1, 0xF3, 0x4C, 0x0C, 0x48, 0xE0, 0xC7, 0x7F, 0x7E, 0xEA, 0x22, 0x00, 0x84, 0x9A,
    0x3F, 0xE4, 0x78, 0x9C, 0x63, 0x60, 0x50, 0xF8, 0xA3, 0xC3, 0xC0, 0x70, 0xE0, 0xFF, 0x79, 0x06,
    0x86, 0x0F, 0xFF, 0xFF, 0x43, 0x59, 0x60, 0x31, 0x6C, 0xA0, 0x01, 0xA4, 0x64, 0x70, 0x12, 0x0B,
    0xFE, 0xDF, 0x67, 0x60, 0xF8, 0xF8, 0x7F, 0xBF, 0x73, 0xF0, 0xDF, 0xFF, 0xF9, 0x3F, 0xFE, 0xFF,
    0xFF, 0xCF, 0x07, 0x22, 0x58, 0x80, 0x84, 0x2D, 0x43, 0x60, 0xB9, 0x29, 0x03, 0x03, 0x00, 0x6E,
    0x71, 0x6C, 0x37, 0x78, 0x9C, 0xC5, 0xD0, 0x6D, 0x0D, 0xC2, 0x30, 0x14, 0x85, 0xE1, 0x2E, 0x84,
    0x05, 0x42, 0x08, 0x93, 0x80, 0x02, 0x40, 0x02, 0x0E, 0x66, 0x81, 0x9F, 0xB8, 0xA8, 0x05, 0x1C,
    0x20, 0x01, 0x24, 0xE0, 0x00, 0x09, 0x04, 0x05, 0x24, 0x7C, 0x84, 0x2C, 0x65, 0x7B, 0xE9, 0xED,
    0xBD, 0x2B, 0x12, 0xD8, 0x8F, 0xEE, 0x49, 0xD3, 0xF6, 0x9C, 0x16, 0x46, 0xCE, 0x3E, 0xFE, 0xC1,
    0x17, 0x0C, 0x94, 0x6B, 0xA8, 0x6D, 0xF6, 0x01, 0x43, 0xE5, 0xBC, 0xC3, 0xDB, 0xDA, 0x6B, 0x1A,
    0x65, 0xA8, 0x5A, 0xF6, 0x76, 0xC2, 0x09, 0x26, 0xC6, 0xC0, 0xD9, 0xCE, 0x3D, 0xC2, 0xD4, 0xD8,
    0x70, 0x29, 0x94, 0x5B, 0x58, 0x58, 0x70, 0xD0, 0x4D, 0x42, 0x24, 0x34, 0xF3, 0x56, 0x64, 0xEA,
    0x8A, 0xF8, 0x2F, 0x5B, 0x69, 0x20, 0xF4, 0xEE, 0x1E, 0xCB, 0x26, 0xCE, 0xDC, 0x46, 0x33, 0x52,
    0xA7, 0xC0, 0xC1, 0xFD, 0x4A, 0x96, 0xC6, 0x15, 0x2C, 0xFB, 0x6B, 0xBE, 0xA5, 0x9B, 0x32, 0x36,
    0x1E, 0x1B, 0xAB, 0x2E, 0xDF, 0xD8, 0x3D, 0x63, 0xB8, 0x71, 0x17, 0xC3, 0xFB, 0x87, 0xFA, 0xE0,
    0xBF, 0xAD, 0xFC, 0x9A, 0x7E, 0x78, 0x9C, 0xFB, 0xFF, 0x9F, 0xE3, 0x3F, 0x7D, 0x11, 0x00, 0x6B,
    0x51, 0x4C, 0xE5, 0x78, 0x9C, 0xED, 0x8E, 0xBD, 0x0D, 0xC2, 0x30, 0x18, 0x44, 0x2F, 0xA4, 0x20,
    0x88, 0x9F, 0x64, 0x03, 0x56, 0x60, 0x32, 0x58, 0x81, 0x01, 0x90, 0x60, 0x03, 0x2A, 0x6A, 0x28,
    0xE9, 0x18, 0x00, 0x76, 0xA0, 0x22, 0x1D, 0x4A, 0x8B, 0x15, 0xC1, 0xE3, 0x6C, 0xC2, 0x04, 0xB4,
    0x7C, 0x85, 0xDF, 0xE9, 0xF9, 0x3E, 0xCB, 0x50, 0x68, 0x77, 0x6F, 0x56, 0x3D, 0x29, 0x31, 0x97,
    0xA0, 0xA8, 0xF1, 0x6C, 0xA5, 0x5B, 0xE4, 0x3E, 0xAA, 0x23, 0x69, 0x46, 0x9B, 0x8E, 0x8A, 0xE7,
    0xF5, 0xFC, 0x82, 0x75, 0xA0, 0xB9, 0x3C, 0x63, 0xDD, 0x66, 0x2E, 0xCD, 0x5A, 0xF3, 0x94, 0xAB,
    0x0A, 0x90, 0xB9, 0x93, 0xF9, 0xE5, 0x83, 0xD5, 0xC0, 0x5C, 0x42, 0x1F, 0xA6, 0x4E, 0xAA, 0x7C,
    0x15, 0xE9, 0xAD, 0x21, 0x94, 0x29, 0xB6, 0x2C, 0x3A, 0x8E, 0x6D, 0x53, 0x0C, 0x9F, 0xB6, 0x1E,
    0x4C, 0xFC, 0xAF, 0x2E, 0x96, 0x5F, 0xFE, 0xD5, 0xCF, 0xEA, 0x0D, 0x6D, 0x24, 0xCA, 0x7C, 0x78,
    0x9C, 0xD5, 0xCC, 0xBB, 0x09, 0x80, 0x30, 0x18, 0x45, 0xE1, 0x1B, 0x02, 0x1A, 0xF0, 0x39, 0xA6,
    0x5B, 0xB8, 0x82, 0x60, 0x2B, 0x38, 0x8A, 0x85, 0xAD, 0xA3, 0x08, 0xB6, 0x06, 0x91, 0xE3, 0x9F,
    0x6C, 0xE1, 0x29, 0x2E, 0x5F, 0x75, 0x21, 0x68, 0x3E, 0xAF, 0xC5, 0x4B, 0x10, 0x76, 0xAC, 0xCD,
    0x19, 0x07, 0x72, 0x8D, 0xD2, 0x5E, 0xC7, 0x0B, 0x6B, 0xE2, 0xE6, 0xD5, 0x47, 0x70, 0xC6, 0x42,
    0xD2, 0x04, 0x25, 0x8C, 0x4A, 0x41, 0x05, 0x5D, 0xE6, 0x43, 0x03, 0x75, 0x66, 0xA4, 0xB5, 0xDF,
    0xCC, 0x9B, 0xEE, 0xC7, 0xFC, 0x00, 0x63, 0x38, 0x80, 0x38, 0x78, 0x9C, 0x55, 0x90, 0xCD, 0x0D,
    0xC2, 0x30, 0x0C, 0x85, 0x1F, 0x5C, 0x28, 0x08, 0x01, 0x23, 0x74, 0x0E, 0x96, 0xE8, 0x08, 0x8C,
    0x50, 0xEE, 0x5C, 0xBA, 0x41, 0x19, 0x01, 0xC1, 0x10, 0x1C, 0xE1, 0xC6, 0x8D, 0xB0, 0x41, 0x3A,
    0x00, 0x12, 0x20, 0x95, 0x0A, 0x09, 0xC2, 0xC3, 0xF9, 0x21, 0x6A, 0x7D, 0x88, 0xBF, 0x24, 0x96,
    0xFD, 0x9E, 0x01, 0xA4, 0x27, 0xA3, 0x57, 0x7D, 0xD8, 0x48, 0xDF, 0x94, 0x38, 0xB8, 0x4B, 0x43,
    0x17, 0xB9, 0xE0, 0x52, 0xF2, 0xF9, 0x2A, 0xC7, 0x00, 0xA8, 0xC9, 0x39, 0xB0, 0x23, 0x33, 0xCC,
    0xBE, 0xEE, 0x57, 0x2A, 0x6F, 0xBD, 0xC2, 0x7D, 0x02, 0x36, 0x57, 0xD4, 0xAE, 0x1B, 0x0C, 0x27,
    0x35, 0x17, 0x9E, 0x1B, 0x66, 0x2F, 0x4E, 0x3D, 0x3F, 0x58, 0x7E, 0x38, 0xF6, 0x7C, 0xA1, 0x32,
    0x1C, 0x79, 0xDE, 0x50, 0x93, 0x89, 0xE7, 0xB5, 0x1D, 0x1E, 0xB8, 0x68, 0xB1, 0xBC, 0x1B, 0x0E,
    0x63, 0x7D, 0xEC, 0x73, 0xA4, 0x8A, 0xFD, 0xEF, 0x2C, 0xDB, 0x73, 0x2B, 0xAA, 0xA8, 0xE7, 0xAF,
    0x53, 0x2C, 0x25, 0xA2, 0xDF, 0x15, 0x3D, 0x45, 0x7F, 0xF0, 0xB5, 0xB5, 0xBE, 0x3A, 0x7E, 0xDB,
    0x7B, 0xE8, 0xEC, 0x07, 0xE9, 0x3E, 0xEC, 0xED, 0x07, 0x2D, 0xE9, 0x8D, 0xC4, 0x78, 0x9C, 0xBD,
    0xD0, 0xBD, 0x11, 0xC2, 0x30, 0x0C, 0x86, 0x61, 0x27, 0xFC, 0xE5, 0xE0, 0x80, 0x6C, 0xC2, 0x0A,
    0xD9, 0x80, 0x11, 0x18, 0x80, 0x02, 0x36, 0xC8, 0x0A, 0x6C, 0x00, 0x1B, 0xA4, 0x82, 0x16, 0x5A,
    0x0E, 0x76, 0xF0, 0x10, 0x14, 0x50, 0x04, 0x5E, 0x64, 0x19, 0x73, 0x2A, 0xA8, 0x51, 0xF5, 0x9C,
    0x4F, 0x27, 0x7F, 0x12, 0xE4, 0xE5, 0xE1, 0xE9, 0x97, 0x99, 0x73, 0x0E, 0x3A, 0x77, 0xA4, 0x6A,
    0xF5, 0x1E, 0xAD, 0x51, 0x30, 0xF8, 0xCB, 0x0B, 0x1A, 0x75, 0x9D, 0xB9, 0xAA, 0x85, 0x9E, 0xD8,
    0xE7, 0xD2, 0xBA, 0x83, 0x89, 0x78, 0xE6, 0x42, 0xB5, 0x2C, 0xC4, 0x53, 0xF5, 0x8D, 0xA3, 0xB8,
    0x50, 0x9F, 0xE0, 0xEB, 0x35, 0xE4, 0xC9, 0x95, 0x0C, 0x4A, 0x2E, 0xA1, 0x9F, 0x2C, 0xCD, 0x03,
    0xE3, 0xE2, 0xD7, 0xBB, 0xED, 0xB7, 0x73, 0xEC, 0xFC, 0xF8, 0x6F, 0xCA, 0xD3, 0x98, 0x9C, 0xF3,
    0x94, 0x7F, 0x03, 0x63, 0xB3, 0x57, 0x37, 0xEE, 0x7B, 0x95, 0x7D, 0xB7, 0xE1, 0xBB, 0x73, 0xBC,
    0xC3, 0x50, 0x63, 0x3C, 0x02, 0x57, 0x31, 0x92, 0xB9, 0xDB, 0x27, 0xDB, 0x9F, 0xFD, 0x06, 0xD4,
    0x55, 0xAB, 0x93, 0x78, 0x9C, 0x63, 0x60, 0x60, 0x68, 0x7A, 0xF3, 0x7E, 0x2D, 0x2B, 0xC3, 0xAF,
    0xFF, 0x1C, 0x0C, 0x0C, 0x0B, 0xFF, 0x03, 0xC1, 0x7D, 0x96, 0xDF, 0x40, 0xB6, 0xC2, 0x3F, 0x10,
    0xFB, 0x7F, 0xFD, 0x1F, 0x20, 0xFB, 0x21, 0x90, 0x71, 0xF6, 0x0D, 0x88, 0xCB, 0xC1, 0xF0, 0xFB,
    0xFF, 0x7F, 0x09, 0x06, 0x86, 0xCD, 0x20, 0x76, 0xC0, 0xFF, 0xFF, 0xF6, 0x0C, 0x40, 0xF0, 0x1D,
    0xC8, 0x3E, 0xF0, 0xFF, 0x3F, 0x2B, 0x88, 0x5D, 0x00, 0x64, 0x7F, 0xFA, 0xBF, 0x9F, 0x01, 0x0C,
    0x80, 0xEC, 0x6F, 0xFF, 0xFD, 0xE1, 0xEC, 0x5F, 0xFF, 0xF9, 0xE1, 0xEC, 0x3F, 0xFF, 0x79, 0xE0,
    0xEC, 0x7F, 0xFF, 0xB9, 0xE0, 0x6C, 0x90, 0x15, 0x84, 0xD8, 0xFF, 0xFE, 0x73, 0x62, 0x35, 0xE7,
    0x27, 0x92, 0xF9, 0xC8, 0xF6, 0x7E, 0x44, 0x72, 0xCF, 0x86, 0xFF, 0xFF, 0x59, 0x40, 0xCC, 0x09,
    0x40, 0xB6, 0x03, 0x92, 0xFB, 0x81, 0xFE, 0xFF, 0x2F, 0x0E, 0xF5, 0x17, 0xC3, 0x45, 0x20, 0xB9,
    0x17, 0xEA, 0x5F, 0x81, 0xBF, 0x90, 0x70, 0x00, 0x3B, 0x60, 0x02, 0x24, 0x7C, 0x20, 0x8E, 0x29,
    0x02, 0x87, 0x1B, 0xDC, 0x61, 0x10, 0xF3, 0xE9, 0xC9, 0x06, 0x00, 0x1D, 0x51, 0xAB, 0x0D, 0x78,
    0x9C, 0xFB, 0xFF, 0x9F, 0xC3, 0xE1, 0xD6, 0x7B, 0xB6, 0xFF, 0xFF, 0x39, 0x7E, 0x01, 0xF1, 0xFF,
    0xFF, 0x3B, 0xFE, 0x83, 0xA9, 0xFF, 0x50, 0x6A, 0xBE, 0x88, 0x00, 0xE3, 0xFF, 0xFF, 0xEF, 0x99,
    0x19, 0x18, 0x18, 0xFE, 0xFF, 0xF7, 0x67, 0x00, 0x53, 0xFC, 0x10, 0x8A, 0x07, 0x42, 0x71, 0x0C,
    0x20, 0x05, 0x00, 0x37, 0xA9, 0x46, 0x5A, 0x78, 0x9C, 0x2D, 0x90, 0x31, 0x0E, 0x01, 0x51, 0x10,
    0x86, 0x67, 0xED, 0x22, 0xCB, 0xCA, 0xEE, 0x09, 0x64, 0x39, 0xC1, 0x96, 0x0A, 0x05, 0xAD, 0x44,
    0xE2, 0x02, 0xC2, 0x05, 0x9C, 0x40, 0x41, 0xA1, 0xD8, 0x0E, 0x37, 0x50, 0xB9, 0xC6, 0xEA, 0x25,
    0x88, 0x68, 0x54, 0x54, 0x12, 0x89, 0x64, 0x35, 0x82, 0xAC, 0xDD, 0xDF, 0x7B, 0xF3, 0xDE, 0x5F,
    0x7D, 0x99, 0xCC, 0xCC, 0xFF, 0xCF, 0x10, 0xD1, 0xEC, 0x81, 0x5D, 0x83, 0xA4, 0x4E, 0x90, 0x6A,
    0x0A, 0x9A, 0x42, 0xA9, 0x40, 0xF4, 0x06, 0x2E, 0xDB, 0x0C, 0x18, 0x90, 0x0F, 0x4C, 0x0C, 0x0A,
    0x7E, 0x88, 0x8D, 0x05, 0x60, 0x89, 0xB6, 0x15, 0x50, 0x3C, 0x20, 0xE2, 0xE1, 0x0C, 0xCE, 0x13,
    0x73, 0xC6, 0x2F, 0xDC, 0xAB, 0xAE, 0xD6, 0xEA, 0x39, 0xD1, 0x94, 0x27, 0xA5, 0x16, 0x10, 0x59,
    0x9A, 0x3F, 0x62, 0xFD, 0xD8, 0x64, 0x1C, 0x4A, 0xAB, 0xB8, 0xC3, 0xBC, 0x64, 0xDF, 0x11, 0x73,
    0xEF, 0x2C, 0xB9, 0xAC, 0xFA, 0xDB, 0x77, 0x60, 0xAF, 0x67, 0xE9, 0xC6, 0xD1, 0x58, 0x01, 0xE0,
    0x84, 0xA1, 0xDA, 0x9A, 0xC0, 0xCD, 0x50, 0xD2, 0xEB, 0xDD, 0x04, 0x55, 0x5D, 0xAD, 0xBC, 0x54,
    0x1C, 0xE1, 0x6F, 0x6F, 0x80, 0x3E, 0x91, 0x27, 0xEC, 0x4D, 0x3F, 0x93, 0xB7, 0xA5, 0x90, 0xB1,
    0x8F, 0xFA, 0x62, 0x5B, 0x47, 0x03, 0xBA, 0x72, 0xC2, 0x5B, 0xA7, 0xEA, 0x3B, 0x7F, 0xF4, 0x51,
    0x84, 0x5C, 0x78, 0x9C, 0x63, 0x60, 0x68, 0xE8, 0xF0, 0x60, 0x00, 0x81, 0x0F, 0xFF, 0xFB, 0x49,
    0xA0, 0xFF, 0x43, 0x00, 0x07, 0x3A, 0xBD, 0x7B, 0xF7, 0xEF, 0xFF, 0xFF, 0x77, 0xEF, 0x66, 0x25,
    0xD5, 0x3C, 0xDA, 0xD1, 0x0F, 0xFE, 0xEF, 0x07, 0xD3, 0x1B, 0xFE, 0xFF, 0x67, 0x01, 0xD1, 0x09,
    0xFF, 0xFF, 0xDF, 0xBF, 0xCD, 0x09, 0x64, 0xFC, 0x05, 0xBA, 0x17, 0x44, 0x3F, 0x82, 0xD2, 0x02,
    0xC7, 0xFF, 0x9F, 0x63, 0x03, 0x00, 0xDE, 0x8C, 0x69, 0x96, 0x78, 0x9C, 0xD5, 0xCD, 0xBB, 0x0D,
    0x80, 0x30, 0x0C, 0x45, 0x51, 0x97, 0x44, 0x42, 0x72, 0x4D, 0x45, 0xC9, 0x1A, 0x8C, 0xC4, 0x08,
    0x88, 0x45, 0x58, 0x04, 0x66, 0xC9, 0x02, 0x29, 0x28, 0x10, 0xE2, 0xA3, 0x70, 0xB1, 0xB3, 0x05,
    0x2E, 0xEC, 0x53, 0x3C, 0xF9, 0x41, 0x25, 0x3E, 0x27, 0xCA, 0x4F, 0x79, 0xA1, 0x2F, 0xA1, 0x30,
    0xA3, 0x99, 0xBA, 0x10, 0xF4, 0xA6, 0x75, 0xF5, 0xC6, 0x83, 0xD9, 0xB9, 0x1B, 0x37, 0x68, 0x44,
    0x26, 0x8C, 0x83, 0xAD, 0x25, 0xE1, 0x94, 0xC7, 0x0F, 0xD1, 0x9E, 0xC9, 0x58, 0x18, 0xAC, 0xC2,
    0x72, 0x89, 0xB5, 0xF3, 0xB6, 0x0F, 0x50, 0xDC, 0x80, 0x6C, 0x78, 0x9C, 0x35, 0x8F, 0x59, 0x11,
    0xC2, 0x40, 0x10, 0x44, 0x1B, 0x28, 0xEE, 0x70, 0x38, 0x08, 0x0E, 0xC0, 0x01, 0x38, 0xC0, 0x02,
    0x0E, 0x90, 0x40, 0x1C, 0x20, 0x81, 0x48, 0xC0, 0x01, 0x38, 0x00, 0x07, 0xE0, 0x80, 0xBB, 0xA8,
    0x70, 0x3D, 0x76, 0x32, 0x95, 0xFE, 0xD8, 0x7D, 0x3F, 0xD3, 0xC7, 0x99, 0x95, 0x72, 0x3D, 0x19,
    0xA6, 0x9C, 0x9C, 0x3F, 0x44, 0x13, 0xA8, 0x18, 0xF6, 0xA1, 0xA6, 0x1F, 0x4D, 0xE3, 0x19, 0x94,
    0x94, 0xD1, 0x35, 0x5E, 0xB3, 0x91, 0x6E, 0x8C, 0x8D, 0xCF, 0xCC, 0xA5, 0x23, 0x4B, 0xE3, 0x07,
    0x3D, 0x29, 0xE1, 0x60, 0xFC, 0xA2, 0x25, 0x0D, 0xDC, 0x08, 0xAA, 0xE1, 0xFD, 0xD2, 0x90, 0x82,
    0xB5, 0x07, 0x76, 0xA4, 0xD4, 0xE3, 0x2F, 0x0C, 0xCD, 0x61, 0x6A, 0xBC, 0x65, 0x21, 0xDD, 0x3D,
    0x65, 0x66, 0x46, 0x99, 0x1D, 0xE5, 0x4D, 0xCA, 0xA1, 0x49, 0xDE, 0x4A, 0x6F, 0xEA, 0x23, 0x0F,
    0xB1, 0xC8, 0x28, 0xF1, 0x70, 0xAB, 0x12, 0xEF, 0xCD, 0xCB, 0x94, 0xB2, 0xB8, 0x12, 0x39, 0x4F,
    0xD8, 0x3D, 0xA9, 0x3B, 0x07, 0x93, 0x5F, 0x18, 0xE2, 0xCA, 0xB0, 0x21, 0xAE, 0x1B, 0x36, 0xC4,
    0xB5, 0x87, 0xB8, 0xE0, 0x04, 0xDA, 0x05, 0x0F, 0x7C, 0x48, 0x61, 0x94, 0x7F, 0x7F, 0x5B, 0x2E,
    0x6A, 0x4F, 0x78, 0x9C, 0x2D, 0x90, 0xD1, 0x55, 0xC2, 0x40, 0x10, 0x45, 0xE7, 0xC4, 0x08, 0x22,
    0x08, 0x74, 0x00, 0x25, 0xD0, 0x01, 0x76, 0x90, 0x12, 0x48, 0x07, 0xD8, 0x01, 0x74, 0x10, 0x3B,
    0x90, 0x0E, 0xA0, 0x03, 0xED, 0x40, 0x3A, 0x08, 0x1D, 0x18, 0x01, 0x93, 0x48, 0x0C, 0xD7, 0x7D,
    0xBB, 0xEC, 0xC7, 0xCE, 0x3B, 0x3B, 0x3B, 0x73, 0xDF, 0x4C, 0x4B, 0xDF, 0xDC, 0x99, 0xF1, 0xAE,
    0x60, 0x27, 0x92, 0x9A, 0xA1, 0xD4, 0x1A, 0xFC, 0x4B, 0xC5, 0xE8, 0xC4, 0x5C, 0x6A, 0x0F, 0xF7,
    0x8A, 0x0D, 0xFD, 0x82, 0x95, 0xD4, 0x11, 0x1E, 0x15, 0xA1, 0xB3, 0x09, 0x0D, 0x2A, 0x7C, 0xF5,
    0x0C, 0xA2, 0x34, 0x34, 0xF8, 0xC3, 0x57, 0xBF, 0x90, 0xDB, 0x18, 0xEE, 0x4C, 0x37, 0x99, 0x7B,
    0xD9, 0xE9, 0x6E, 0xE9, 0x9A, 0xA5, 0x2C, 0x5D, 0xD6, 0xAC, 0x20, 0x31, 0xAB, 0x19, 0x98, 0x6D,
    0x98, 0x34, 0x44, 0xB2, 0x33, 0x32, 0x3B, 0xEB, 0x2A, 0x18, 0x94, 0xFA, 0x5B, 0xC9, 0xAF, 0xFF,
    0x78, 0xA6, 0xFB, 0xAD, 0xBF, 0x0D, 0x9D, 0x5B, 0xB3, 0x5F, 0xA2, 0x0F, 0x26, 0x66, 0x57, 0x95,
    0xA6, 0x7C, 0x3A, 0x95, 0x3B, 0xF0, 0xC2, 0xD9, 0x51, 0x7B, 0x07, 0x76, 0x2A, 0xB3, 0x29, 0x5B,
    0x97, 0x7D, 0x93, 0xB9, 0x96, 0x78, 0x2D, 0x7B, 0x2D, 0x0E, 0x99, 0xE8, 0xA5, 0xE6, 0x61, 0xAF,
    0x11, 0x6A, 0xE2, 0x83, 0xB8, 0xE2, 0x3C, 0x1D, 0xE9, 0xC9, 0x4B, 0xEF, 0x18, 0x96, 0x55, 0x30,
    0x29, 0x89, 0xCD, 0x0E, 0x0C, 0x4B, 0xC1, 0x85, 0x5F, 0x34, 0x9A, 0xF6, 0x95, 0xF9, 0x45, 0x70,
    0xE1, 0xB7, 0x7E, 0x23, 0xCF, 0xAC, 0xAE, 0xB9, 0x5F, 0xE4, 0xD4, 0xCD, 0xBD, 0x0C, 0xDB, 0x0A,
    0x70, 0x61, 0x65, 0xD7, 0xEC, 0x42, 0x80, 0x0B, 0xAB, 0x91, 0xCC, 0x7E, 0x08, 0x70, 0xE1, 0x35,
    0xB6, 0xA0, 0x01, 0xEE, 0x55, 0x14, 0xA0, 0x21, 0x23, 0x15, 0x10, 0xE9, 0x2D, 0x23, 0x95, 0xF9,
    0x38, 0xE6, 0x4B, 0xE1, 0x1F, 0x8E, 0x51, 0xC0, 0x85, 0x78, 0x9C, 0x35, 0x90, 0xE1, 0x51, 0xC2,
    0x40, 0x10, 0x85, 0x57, 0x05, 0xA2, 0x83, 0x38, 0x56, 0xA0, 0x76, 0xA0, 0x1D, 0x68, 0x09, 0x54,
    0xA0, 0x76, 0x00, 0x1D, 0x48, 0x07, 0x94, 0x80, 0x1D, 0x60, 0x07, 0xD0, 0x41, 0xEC, 0x40, 0xAD,
    0x20, 0x13, 0xC5, 0x18, 0x93, 0x90, 0x8F, 0xB7, 0x97, 0xCB, 0xFE, 0xD8, 0xF9, 0xE6, 0xEE, 0xED,
    0x9B, 0x7D, 0x5B, 0x90, 0x9A, 0xD7, 0x37, 0x1C, 0xBF, 0xC1, 0xC8, 0xB9, 0xE1, 0xC5, 0x6E, 0xE0,
    0x42, 0x38, 0x85, 0x73, 0xB3, 0x3F, 0x96, 0xE2, 0x4F, 0x49, 0xCC, 0xB6, 0xA1, 0x97, 0xE1, 0x45,
    0xA2, 0xB1, 0xB7, 0x89, 0x4F, 0x95, 0x3C, 0x99, 0x1C, 0x4E, 0x9C, 0xDF, 0xC9, 0xEC, 0x97, 0x55,
    0x70, 0xBE, 0x83, 0xA4, 0x0D, 0x66, 0xAA, 0x7F, 0xD6, 0x30, 0xE8, 0x58, 0x7E, 0xAC, 0x3B, 0xB4,
    0x07, 0xF1, 0x55, 0x64, 0xAB, 0x60, 0xD8, 0xF3, 0x4E, 0x4E, 0x7D, 0xED, 0xE1, 0x34, 0xE2, 0x42,
    0xFA, 0xFB, 0xC8, 0x5A, 0x9D, 0x8F, 0xC8, 0x0D, 0x8F, 0xBD, 0x68, 0xAE, 0x34, 0x15, 0xB7, 0x51,
    0x92, 0x5A, 0x1E, 0x93, 0xD6, 0x1A, 0xD4, 0x5F, 0x22, 0x7C, 0x86, 0x33, 0xB7, 0x75, 0x51, 0x4E,
    0x76, 0x64, 0xF6, 0x13, 0x44, 0x35, 0x33, 0xF5, 0x57, 0x3F, 0x47, 0x77, 0x00, 0xBB, 0x6C, 0xB9,
    0xB6, 0xAF, 0x98, 0xAE, 0x60, 0xA3, 0x1D, 0xBB, 0x74, 0x3A, 0xC7, 0xE8, 0x00, 0x69, 0x14, 0x7C,
    0xDE, 0x78, 0x9C, 0x3D, 0x90, 0xCB, 0x51, 0x42, 0x41, 0x14, 0x44, 0xAF, 0x1F, 0xC4, 0xDF, 0x43,
    0x32, 0xD0, 0x0C, 0x70, 0xE1, 0x9E, 0x10, 0x34, 0x03, 0xAD, 0x72, 0xE1, 0x52, 0x32, 0x90, 0x0D,
    0x6B, 0xC8, 0x00, 0x33, 0x90, 0x0C, 0x30, 0x03, 0xC9, 0x00, 0x32, 0x40, 0xA8, 0x57, 0xE0, 0x8F,
    0x39, 0xBE, 0x9E, 0x3B, 0xF3, 0x7A, 0x75, 0xE6, 0xD6, 0x54, 0x57, 0x77, 0x97, 0xBC, 0x59, 0x54,
    0xA0, 0x58, 0xB0, 0x8C, 0x78, 0x0D, 0xC7, 0x23, 0x38, 0x14, 0xF7, 0xE1, 0xA0, 0x7A, 0x9F, 0x88,
    0x67, 0xCC, 0xCD, 0x76, 0xB4, 0xC4, 0x6B, 0x86, 0x66, 0x5F, 0xDC, 0x8A, 0xB7, 0x74, 0x74, 0x18,
    0x8B, 0xFF, 0x28, 0xF4, 0x51, 0x46, 0x6D, 0x68, 0x9A, 0xF5, 0xA2, 0xD1, 0x03, 0xEC, 0xC7, 0x4B,
    0x65, 0xF4, 0xCA, 0x87, 0xFF, 0xAC, 0x8C, 0x3E, 0x79, 0x11, 0x6F, 0xE8, 0x9A, 0x95, 0x5C, 0x8A,
    0x57, 0x32, 0xFA, 0xE6, 0x5C, 0x3C, 0x91, 0x51, 0xE0, 0x48, 0x7C, 0xE7, 0x49, 0xF6, 0x62, 0xC4,
    0x2A, 0x61, 0x9F, 0xA9, 0x27, 0xFF, 0xA1, 0x98, 0xF1, 0xEC, 0x5C, 0xD2, 0x5D, 0xB9, 0x8D, 0xD9,
    0x82, 0xE1, 0x86, 0x33, 0xE7, 0x11, 0xF3, 0x5F, 0x1A, 0x96, 0xEB, 0x81, 0x25, 0xED, 0xC8, 0x03,
    0xA8, 0x0E, 0xF7, 0x99, 0xD7, 0x70, 0x91, 0xF9, 0x1D, 0x4E, 0x33, 0xF7, 0xD2, 0x2E, 0xD2, 0x55,
    0xDA, 0xCB, 0xD3, 0x8D, 0x6B, 0x9E, 0xF8, 0x2C, 0xE6, 0x6D, 0x5A, 0x35, 0x6F, 0x7D, 0x46, 0xA9,
    0x1D, 0xB4, 0x47, 0xB6, 0x4F, 0x45, 0xEC, 0x66, 0x10, 0x34, 0x65, 0x6A, 0x18, 0xE7, 0xCB, 0x5C,
    0xBB, 0x07, 0x96, 0x8D, 0xCC, 0x8F, 0x4F, 0x75, 0x96, 0x7F, 0x2E, 0xE3, 0x8B, 0xA0, 0x78, 0x9C,
    0x6D, 0xCF, 0xD1, 0x0D, 0x43, 0x60, 0x18, 0x85, 0x61, 0xA2, 0x84, 0x88, 0xD8, 0xA0, 0xB1, 0x41,
    0x57, 0xE8, 0x06, 0x56, 0x30, 0x82, 0x0D, 0xBA, 0x8A, 0x0D, 0x0C, 0xE0, 0x82, 0x0D, 0x74, 0x03,
    0xE9, 0x04, 0x4D, 0x88, 0x84, 0x88, 0xBC, 0x84, 0x53, 0xBD, 0xF9, 0xCF, 0xD5, 0x73, 0xF5, 0xBD,
    0xF9, 0xE0, 0x37, 0x07, 0x23, 0xAB, 0x73, 0xF0, 0xB5, 0xAD, 0x63, 0x09, 0xA4, 0xA7, 0xAC, 0x37,
    0xF8, 0xE2, 0x4C, 0x2B, 0x3D, 0xE1, 0x21, 0x7E, 0xC0, 0x15, 0x17, 0x4A, 0x29, 0x87, 0x48, 0x1C,
    0xF6, 0xFB, 0xE2, 0xCA, 0x4B, 0x2A, 0x20, 0x14, 0x47, 0x53, 0xB4, 0x81, 0x40, 0x9C, 0xE8, 0x8C,
    0x51, 0xEF, 0x8A, 0xD6, 0x52, 0x06, 0x77, 0xB1, 0x87, 0xDB, 0x15, 0x45, 0xEF, 0x85, 0xFF, 0x8F,
    0x63, 0x33, 0x37, 0x13, 0x7B, 0x7F, 0x29, 0x78, 0x9C, 0x8D, 0xD0, 0x4B, 0x0E, 0x01, 0x41, 0x10,
    0x80, 0xE1, 0xF2, 0x88, 0xD7, 0x02, 0x47, 0x70, 0x03, 0x73, 0x11, 0x19, 0x47, 0x70, 0x03, 0x6E,
    0x60, 0x67, 0x3B, 0x47, 0xE0, 0x06, 0x2C, 0x59, 0x89, 0x13, 0x10, 0x0E, 0x30, 0x63, 0x67, 0xE7,
    0x15, 0x41, 0x26, 0xF1, 0xEB, 0xAA, 0x1E, 0x8B, 0xD9, 0xE9, 0x45, 0x7F, 0xE9, 0xAE, 0xEA, 0x54,
    0x55, 0x8B, 0xB8, 0x15, 0xAC, 0x74, 0x97, 0x4E, 0x4A, 0x51, 0x7D, 0x40, 0xD5, 0xD1, 0x87, 0x9E,
    0x1E, 0x6F, 0xAC, 0x2D, 0x9C, 0xD2, 0xB4, 0x2C, 0xA8, 0xA8, 0x23, 0x28, 0xA8, 0x0B, 0xB6, 0x16,
    0xDE, 0x31, 0x37, 0x13, 0x22, 0xF3, 0xF2, 0xB7, 0x63, 0xF3, 0xCA, 0xD0, 0xBC, 0x13, 0x9A, 0x2F,
    0x5F, 0xAE, 0x0D, 0x75, 0xF5, 0xE0, 0xCB, 0x7D, 0xF0, 0x61, 0x88, 0x4B, 0xDE, 0x73, 0x59, 0x5D,
    0x92, 0x3D, 0xDF, 0xE0, 0x87, 0x70, 0x99, 0x0D, 0xF3, 0x49, 0x4B, 0xFC, 0x18, 0x61, 0xAE, 0xCE,
    0xAF, 0xEE, 0xBF, 0x7D, 0x26, 0x4C, 0x73, 0x73, 0xCE, 0x88, 0xCD, 0x41, 0xF6, 0x0F, 0xAE, 0xD1,
    0x9A, 0x5D, 0xBC, 0xE9, 0x9A, 0x47, 0x62, 0xEB, 0x24, 0x80, 0xC8, 0x32, 0xF6, 0xD9, 0xCF, 0xC9,
    0xC9, 0xBF, 0x10, 0x99, 0xC8, 0x17, 0x34, 0x9C, 0x73, 0x2C, 0x78, 0x9C, 0xFB, 0xFF, 0x9F, 0xFA,
    0xA0, 0xA3, 0x03, 0x00, 0x8E, 0x26, 0x54, 0xBD, 0x78, 0x9C, 0x95, 0x90, 0xB1, 0x0D, 0xC2, 0x30,
    0x10, 0x45, 0x8D, 0x10, 0x02, 0x04, 0x05, 0x35, 0x02, 0x85, 0x9A, 0x29, 0xD8, 0x80, 0x4C, 0x92,
    0x0D, 0x22, 0x65, 0x03, 0xD8, 0x00, 0x36, 0x80, 0x0D, 0x18, 0x05, 0x66, 0x48, 0x93, 0x48, 0x89,
    0x78, 0xC4, 0xE7, 0x7F, 0x05, 0x65, 0xDC, 0x3C, 0xE9, 0xEE, 0x6C, 0xFF, 0x7B, 0x21, 0xA4, 0x93,
    0x97, 0x13, 0xE3, 0x9D, 0x8B, 0xF1, 0x03, 0xBB, 0xC8, 0x4D, 0xCB, 0xDB, 0x3A, 0x27, 0x58, 0x59,
    0xA7, 0xE1, 0xAC, 0x89, 0x97, 0xB1, 0x82, 0xA0, 0x81, 0x69, 0xE4, 0x01, 0x66, 0x56, 0x80, 0xB9,
    0xB8, 0x18, 0xC5, 0x2F, 0x4B, 0x63, 0xCF, 0xDA, 0xD8, 0x92, 0x19, 0x6B, 0x6E, 0x8A, 0xC8, 0x56,
    0x03, 0x14, 0x91, 0x57, 0x52, 0x84, 0x4A, 0xEC, 0x52, 0x7D, 0x28, 0x1F, 0xD3, 0xBD, 0x87, 0x82,
    0x67, 0x7F, 0xEF, 0xFA, 0x3F, 0x63, 0xF3, 0x69, 0x2F, 0xDF, 0xD3, 0xF7, 0x76, 0x0F, 0xEE, 0x45,
    0x9E, 0xE4, 0xCD, 0x3D, 0x0E, 0x5E, 0xF7, 0xB1, 0xFC, 0x94, 0x67, 0xF7, 0xEE, 0xE7, 0x07, 0xF4,
    0x70, 0x6E, 0xF8, 0x78, 0x9C, 0x25, 0x8D, 0x3D, 0x0A, 0xC2, 0x40, 0x18, 0x05, 0x5F, 0x44, 0x82,
    0x12, 0x88, 0x62, 0x6D, 0x11, 0xEC, 0xD2, 0x09, 0xB9, 0xC0, 0xDE, 0x28, 0x9E, 0xC1, 0xD2, 0x26,
    0x47, 0x48, 0x6D, 0xE5, 0x4D, 0x44, 0xBC, 0xC0, 0x92, 0xDE, 0xD6, 0x80, 0x21, 0x9B, 0xF1, 0xCB,
    0x66, 0xBA, 0x81, 0xF7, 0x23, 0xB9, 0xFB, 0x6D, 0xAD, 0xC8, 0xE9, 0x20, 0x37, 0x81, 0x5F, 0x14,
    0xD4, 0x63, 0xB4, 0xB3, 0x9C, 0xF1, 0x8E, 0xC8, 0xD1, 0xEC, 0xC2, 0xE3, 0x05, 0x65, 0xF1, 0xC3,
    0xAF, 0xA4, 0x8E, 0xFA, 0x4B, 0xA3, 0xB9, 0x5B, 0xAB, 0x08, 0xE4, 0x03, 0x3B, 0x0B, 0xBD, 0xE1,
    0x19, 0x20, 0x0D, 0x64, 0x66, 0xFB, 0x71, 0xD9, 0x82, 0xAD, 0xE2, 0x82, 0xB1, 0x51, 0x55, 0x25,
    0xF1, 0xEB, 0xFA, 0xF1, 0xA5, 0xF4, 0x07, 0xA0, 0xB4, 0x41, 0x21, 0x78, 0x9C, 0x03, 0x00, 0x00,
    0x00, 0x00, 0x01, 0x78, 0x9C, 0x3B, 0x74, 0x9E, 0xE9, 0xCF, 0x7F, 0x9E, 0xFF, 0xFF, 0xF9, 0x81,
    0xE4, 0xA1, 0xF3, 0x4C, 0x0C, 0xA8, 0xE0, 0xC7, 0x7F, 0x7E, 0x2A, 0x22, 0x00, 0xE1, 0xC2, 0x3D,
    0xDE, 0x78, 0x9C, 0xA5, 0x90, 0x2D, 0x0E, 0xC2, 0x50, 0x10, 0x84, 0x27, 0x90, 0x10, 0x7E, 0x12,
    0x52, 0x87, 0x20, 0x5C, 0x81, 0xF6, 0x06, 0xED, 0x09, 0x08, 0x9A, 0x23, 0x60, 0xB0, 0x48, 0x64,
    0x1D, 0x47, 0x00, 0x8F, 0xA0, 0x1E, 0x12, 0x48, 0xF0, 0x70, 0x04, 0x14, 0x0A, 0xD1, 0xD4, 0x34,
    0x50, 0x68, 0x87, 0x7D, 0xEF, 0xB5, 0x4D, 0x15, 0x02, 0xD6, 0xEC, 0x27, 0x76, 0x67, 0x67, 0x07,
    0x00, 0x16, 0x24, 0xF2, 0xFA, 0x0D, 0xC7, 0x09, 0x39, 0x35, 0x94, 0x51, 0x6A, 0xA6, 0x30, 0xA1,
    0xAE, 0x3E, 0x10, 0x48, 0x3B, 0xA7, 0xE4, 0x01, 0x78, 0x90, 0x3D, 0xE0, 0x46, 0x36, 0x1D, 0x72,
    0x28, 0x53, 0xD6, 0x9B, 0xF6, 0x9A, 0xAC, 0xAB, 0x8D, 0x88, 0xCB, 0x88, 0xDB, 0x5C, 0xFB, 0x12,
    0xD3, 0xD5, 0xE8, 0x30, 0x7C, 0xB2, 0x6B, 0x0E, 0xF9, 0xF3, 0x94, 0x9D, 0xE2, 0x7E, 0xC6, 0x56,
    0x81, 0xA2, 0xF7, 0x1D, 0x2B, 0xB3, 0x15, 0x85, 0x52, 0x17, 0x88, 0x69, 0xEB, 0x6E, 0xED, 0x36,
    0x62, 0x43, 0xA3, 0xC7, 0xAB, 0x38, 0xAB, 0x29, 0x3C, 0x72, 0x25, 0x7E, 0x07, 0x66, 0xC7, 0x95,
    0x2F, 0xC2, 0x06, 0x70, 0xA2, 0x88, 0xAA, 0xDF, 0xF6, 0x77, 0x6A, 0xDB, 0x2F, 0xF3, 0x71, 0xBB,
    0xCC, 0x61, 0x54, 0xA6, 0x33, 0xF9, 0x2B, 0x5F, 0x78, 0xBE, 0xAF, 0xDA, 0x07, 0x0A, 0xC0, 0x91,
    0x36, 0x78, 0x9C, 0xAD, 0x90, 0xBD, 0x0D, 0xC2, 0x30, 0x10, 0x46, 0x4F, 0xFC, 0x05, 0x48, 0x41,
    0x2A, 0x5A, 0x18, 0x85, 0x11, 0xB2, 0x01, 0x63, 0xA4, 0x8C, 0x98, 0x00, 0x0A, 0x06, 0xC8, 0x1E,
    0x16, 0x62, 0x84, 0x34, 0x94, 0x91, 0x60, 0x00, 0x24, 0x24, 0x24, 0x0A, 0x0A, 0x78, 0x9C, 0x0F,
    0xCB, 0xD0, 0x40, 0x95, 0x57, 0xD8, 0xDF, 0x93, 0x7C, 0xE7, 0xB3, 0x45, 0x94, 0xED, 0x99, 0xDD,
    0x54, 0xDE, 0x1C, 0xF0, 0x24, 0x96, 0x37, 0x96, 0xD9, 0x9B, 0xDC, 0xE1, 0xD8, 0xA8, 0x8D, 0x35,
    0xE7, 0x50, 0x8A, 0xAC, 0x60, 0xA9, 0x72, 0x82, 0xAE, 0x6E, 0x37, 0x6A, 0x5B, 0x4B, 0x7F, 0xB8,
    0x82, 0x8E, 0x2F, 0x99, 0x79, 0x59, 0x40, 0x5F, 0xE4, 0x41, 0xEA, 0x25, 0xB3, 0xE6, 0x4F, 0x46,
    0xD6, 0xB4, 0x28, 0xB4, 0x14, 0x86, 0x12, 0x69, 0x53, 0x08, 0x0C, 0xFE, 0x8B, 0x73, 0xFA, 0x46,
    0xE7, 0x5C, 0xAF, 0xB5, 0x09, 0x92, 0x98, 0xB3, 0x70, 0x87, 0x31, 0xB7, 0x8F, 0x08, 0xE4, 0xF6,
    0x45, 0x81, 0x8A, 0xCB, 0xA7, 0xFE, 0xCA, 0x3A, 0x66, 0x1D, 0xAD, 0x76, 0x81, 0x94, 0x2F, 0x26,
    0xBF, 0xE5, 0x05, 0x12, 0x20, 0xA5, 0xB2, 0x78, 0x9C, 0x55, 0x91, 0xBD, 0x4E, 0x02, 0x41, 0x14,
    0x85, 0xCF, 0x22, 0xAB, 0xA0, 0xD1, 0xD0, 0x5A, 0x49, 0x65, 0xA7, 0xA1, 0xD7, 0x44, 0x2C, 0xAD,
    0xF0, 0x01, 0x2C, 0xD6, 0xD6, 0x46, 0x1A, 0x6B, 0xA8, 0x6D, 0xD4, 0xC6, 0x16, 0xDE, 0x40, 0x0A,
    0x2B, 0x13, 0x83, 0x6F, 0x20, 0xB6, 0x36, 0xBB, 0xF1, 0xA7, 0xA0, 0x5A, 0xA3, 0x81, 0x95, 0x44,
    0xF6, 0x78, 0x66, 0x96, 0x59, 0xE5, 0x24, 0xB3, 0x73, 0xBF, 0xCC, 0x9D, 0xB9, 0xE7, 0xDE, 0x45,
    0x0D, 0x7F, 0x32, 0xF1, 0x77, 0x09, 0xA8, 0x5E, 0xDF, 0x9D, 0x6F, 0x2A, 0x4E, 0xCA, 0xE8, 0xF2,
    0x06, 0x87, 0x3F, 0x94, 0x8E, 0xD0, 0x66, 0x07, 0x13, 0x72, 0xC7, 0x22, 0xB9, 0xAB, 0xB8, 0xF4,
    0xC4, 0xFF, 0x8A, 0x0B, 0x15, 0x73, 0x18, 0x1F, 0x78, 0xFB, 0x43, 0xC3, 0x5B, 0xC0, 0x83, 0xB6,
    0x75, 0xBD, 0x55, 0x51, 0x76, 0xE8, 0xA9, 0x06, 0x79, 0x6A, 0x8B, 0x05, 0x64, 0x03, 0xF6, 0x7C,
    0x31, 0xAB, 0x3E, 0xE6, 0xA3, 0xBE, 0x23, 0x15, 0xCC, 0xD4, 0x25, 0x7D, 0x60, 0xCA, 0x8D, 0x19,
    0x57, 0xC8, 0x55, 0x73, 0xBD, 0xEC, 0xEC, 0x4E, 0xB8, 0x87, 0x26, 0x59, 0x70, 0xFC, 0xC5, 0x16,
    0x7A, 0x8C, 0xF3, 0x76, 0x22, 0xF6, 0x31, 0xD0, 0x72, 0xEA, 0x31, 0xC4, 0x87, 0x7A, 0x70, 0xBA,
    0x24, 0xC5, 0x17, 0x39, 0xB7, 0x2D, 0xCF, 0x9F, 0x47, 0xB9, 0x1D, 0x63, 0x28, 0x96, 0xDD, 0x30,
    0xE7, 0x81, 0x0C, 0xEB, 0x8E, 0xE7, 0xF8, 0x53, 0x6F, 0xD5, 0xC9, 0x25, 0xC7, 0x89, 0x69, 0x30,
    0xE5, 0x9A, 0x63, 0x1B, 0x26, 0x32, 0x99, 0xA9, 0x69, 0x53, 0x23, 0x72, 0xC1, 0xD9, 0x8F, 0x33,
    0x13, 0xDB, 0x16, 0xAB, 0xA9, 0xB5, 0xF2, 0xA2, 0x71, 0xFA, 0x86, 0xDF, 0x35, 0xC8, 0x22, 0x6A,
    0xA9, 0xB6, 0x7E, 0x11, 0xB8, 0x35, 0xF3, 0x6D, 0xE0, 0x35, 0x1B, 0xFC, 0xFD, 0x34, 0xDB, 0xFD,
    0x84, 0x3C, 0x9B, 0xFD, 0x8C, 0xD6, 0x98, 0x5C, 0x0E, 0x94, 0x73, 0x65, 0xB1, 0xE3, 0x05, 0xA6,
    0x97, 0x37, 0x55, 0x3B, 0x7E, 0x66, 0x78, 0x22, 0xDB, 0xA3, 0x15, 0xCC, 0xA9, 0x0E, 0xFC, 0x02,
    0xB2, 0xD3, 0xD9, 0xDF, 0x78, 0x9C, 0xB5, 0x8E, 0xCB, 0x0D, 0xC2, 0x30, 0x10, 0x44, 0x47, 0x09,
    0x1C, 0xA2, 0xA4, 0x07, 0xE8, 0x04, 0x3A, 0x08, 0x25, 0x50, 0x02, 0x1D, 0x84, 0x0E, 0xA0, 0x23,
    0xE8, 0x00, 0x97, 0x40, 0x07, 0x80, 0x50, 0x1C, 0x09, 0x41, 0x86, 0xDD, 0xF5, 0xE7, 0x0A, 0x42,
    0x62, 0x0F, 0x23, 0x3F, 0xCB, 0xCF, 0xB3, 0x8E, 0x9C, 0xC2, 0xC6, 0xF3, 0x84, 0x15, 0xD9, 0x04,
    0x7A, 0xB1, 0xD5, 0x58, 0x18, 0x2C, 0xED, 0xBA, 0xE7, 0xC1, 0xE8, 0x48, 0x4E, 0x00, 0x47, 0x16,
    0x4A, 0x77, 0xD1, 0xA0, 0x62, 0xA5, 0xF4, 0x50, 0x4D, 0xC5, 0x99, 0xE4, 0x3C, 0xFE, 0xE6, 0xD9,
    0x49, 0xEE, 0x4D, 0x53, 0xF1, 0x22, 0x79, 0x33, 0x0D, 0x58, 0x5B, 0xFF, 0x10, 0x34, 0x60, 0x54,
    0x63, 0x4C, 0x4B, 0x78, 0xE9, 0x97, 0x07, 0x65, 0xA0, 0xB3, 0xF4, 0xBB, 0xB8, 0x83, 0x89, 0x45,
    0x1F, 0xF7, 0x33, 0xB1, 0x7A, 0xB2, 0x4E, 0xE4, 0xD9, 0x66, 0x4D, 0x45, 0x66, 0x0D, 0xD8, 0x08,
    0x45, 0x6D, 0xCB, 0x34, 0xBB, 0x0F, 0xA4, 0x73, 0xCD, 0xA7, 0xEF, 0xE9, 0xFF, 0x0D, 0x3F, 0xD2,
    0x1B, 0xD3, 0x67, 0xAE, 0xE2, 0x78, 0x9C, 0xFB, 0xFF, 0x9F, 0xE3, 0x3F, 0x59, 0x88, 0x01, 0x15,
    0x90, 0x67, 0x08, 0x10, 0x01, 0x00, 0xAC, 0x2C, 0x4C, 0xE5, 0x78, 0x9C, 0x4D, 0x92, 0x31, 0x33,
    0xC4, 0x60, 0x10, 0x86, 0x37, 0x39, 0x39, 0xC7, 0x71, 0x93, 0x1F, 0xC0, 0x9C, 0xB9, 0x46, 0x7B,
    0xA5, 0xEE, 0xD2, 0x9A, 0x31, 0x23, 0x3F, 0xC0, 0xCC, 0x9D, 0xD2, 0x28, 0xE8, 0x15, 0x31, 0x7A,
    0x73, 0x14, 0xD7, 0x1A, 0x8D, 0xFA, 0x28, 0x18, 0x33, 0x8A, 0xFB, 0x01, 0xCC, 0xA1, 0x40, 0x19,
    0x0D, 0x15, 0x73, 0x88, 0x41, 0x44, 0xF2, 0xDA, 0x6F, 0xBF, 0xEF, 0xC2, 0x16, 0xC9, 0xF7, 0x24,
    0xBB, 0x9B, 0xF7, 0xDD, 0x0D, 0x11, 0x51, 0xE7, 0x09, 0xE1, 0x86, 0x4D, 0x2A, 0xDC, 0x18, 0x2A,
    0x7A, 0x05, 0x05, 0x0F, 0xD0, 0x11, 0xF0, 0xB9, 0xC5, 0xF7, 0xF0, 0x22, 0xE5, 0x6B, 0x89, 0xE8,
    0x0D, 0x58, 0xE2, 0x67, 0xB7, 0x40, 0x93, 0x28, 0x41, 0x5B, 0x4A, 0x13, 0x84, 0xE4, 0x02, 0x65,
    0x81, 0x2B, 0xC0, 0xF1, 0x81, 0x11, 0x81, 0x3A, 0x30, 0xB6, 0x0E, 0x58, 0x02, 0x94, 0x62, 0x92,
    0x41, 0x9F, 0xE9, 0x1B, 0x15, 0xEE, 0x5C, 0xD0, 0x70, 0x72, 0x56, 0x56, 0xA9, 0x94, 0x47, 0x26,
    0x9F, 0x36, 0xF1, 0x09, 0x2C, 0xE4, 0xC0, 0xFD, 0xB1, 0x6D, 0x1B, 0x70, 0x95, 0xAC, 0xC1, 0xBC,
    0x86, 0x7A, 0x2A, 0x9A, 0xF7, 0xA4, 0xE7, 0x97, 0x71, 0x70, 0xC9, 0x42, 0x36, 0x81, 0x76, 0x47,
    0x5E, 0x76, 0x2D, 0x8A, 0x10, 0x5A, 0x34, 0x73, 0xA7, 0x68, 0x9A, 0x62, 0x54, 0x55, 0xF2, 0x56,
    0xC6, 0x16, 0x59, 0x9E, 0x76, 0xE0, 0x73, 0x6A, 0x49, 0xDC, 0xAA, 0xD8, 0x07, 0x2A, 0x59, 0x2E,
    0x2D, 0x41, 0x23, 0xC5, 0x84, 0x81, 0x08, 0x6B, 0x31, 0x16, 0x0D, 0xBC, 0x20, 0x88, 0x80, 0xA2,
    0x86, 0x57, 0x04, 0x5C, 0x17, 0x6A, 0x7A, 0x47, 0x53, 0x74, 0xAE, 0x5A, 0xD2, 0xA0, 0x4A, 0x47,
    0x22, 0x6C, 0x8E, 0x76, 0xC4, 0xF2, 0xA3, 0xE8, 0x1C, 0x64, 0xAC, 0x80, 0xE3, 0xD8, 0xE8, 0x9E,
    0x92, 0xD2, 0xE5, 0x44, 0x52, 0x87, 0xDE, 0x0F, 0x14, 0x15, 0x87, 0xE4, 0xFF, 0x00, 0x8D, 0x7C,
    0x2E, 0x5E, 0xF6, 0x97, 0x47, 0x74, 0xCD, 0x43, 0xAF, 0xD5, 0xCC, 0xDC, 0x79, 0x1D, 0x4E, 0x3E,
    0x5D, 0x5E, 0xD4, 0x68, 0x66, 0x9C, 0x12, 0x31, 0x24, 0x7A, 0x06, 0xB2, 0x2C, 0xE7, 0x03, 0x3D,
    0x0D, 0x87, 0x80, 0x7D, 0x0F, 0x8C, 0x0B, 0xC4, 0xAC, 0xCD, 0x63, 0x8D, 0xB3, 0x5C, 0x7E, 0x03,
    0x65, 0x59, 0x8D, 0xB7, 0x7F, 0x6E, 0x7E, 0x8A, 0x16, 0xFE, 0xFD, 0x2E, 0xB4, 0xAB, 0xCF, 0x5D,
    0xBD, 0x23, 0xEF, 0xF4, 0x19, 0xFD, 0x15, 0x25, 0xE4, 0x17, 0xBA, 0x6C, 0x0C, 0x95, 0x78, 0x9C,
    0x3B, 0x74, 0x9E, 0x89, 0x81, 0x41, 0xE1, 0x8F, 0xCE, 0x9F, 0xFF, 0x3C, 0x0C, 0x0C, 0x07, 0xFE,
    0x9F, 0xFF, 0xFF, 0x9F, 0x9F, 0x81, 0xE1, 0xC3, 0xFF, 0xFF, 0x30, 0xFE, 0x21, 0xA8, 0x3C, 0x00,
    0x97, 0xED, 0x13, 0xDC, 0x78, 0x9C, 0x65, 0x52, 0xB1, 0x4A, 0x03, 0x41, 0x10, 0x7D, 0x26, 0x7A,
    0x12, 0x93, 0xE8, 0x81, 0xAD, 0xE2, 0x35, 0x16, 0x36, 0xEA, 0x27, 0xF8, 0x01, 0x16, 0x69, 0x2D,
    0xC4, 0x54, 0x82, 0x95, 0xC1, 0x56, 0x24, 0x4D, 0x7A, 0x6D, 0x6C, 0x3D, 0x3B, 0x0B, 0x0B, 0x15,
    0xEC, 0x4D, 0x2D, 0x48, 0x3A, 0xDB, 0x43, 0x45, 0x10, 0x44, 0x0E, 0x25, 0x46, 0x43, 0xB2, 0xFB,
    0xDC, 0xD9, 0xBB, 0xDC, 0xA9, 0x3B, 0x70, 0xDC, 0xEC, 0x9B, 0xD9, 0x79, 0x6F, 0x66, 0x16, 0x10,
    0xDB, 0xBB, 0x7D, 0xBB, 0xDB, 0x29, 0x20, 0xB7, 0x7B, 0x8A, 0x75, 0x26, 0x32, 0xE0, 0x99, 0x89,
    0x45, 0xE3, 0x29, 0x70, 0x4A, 0x9E, 0x2C, 0x22, 0x38, 0xD6, 0x0C, 0x13, 0xC0, 0x57, 0xDC, 0xB4,
    0x4E, 0x5D, 0xB3, 0x62, 0x9D, 0x07, 0x36, 0xD3, 0xE4, 0x23, 0x76, 0xEC, 0x5F, 0x71, 0x74, 0x1D,
    0x3D, 0x96, 0x6D, 0x60, 0x19, 0x08, 0xCE, 0xCE, 0x37, 0xC6, 0x80, 0x35, 0x9B, 0xDE, 0x35, 0x29,
    0xFE, 0xC0, 0x30, 0x1D, 0x9A, 0xC3, 0x17, 0x8D, 0x28, 0x65, 0xBC, 0x27, 0x4B, 0x3E, 0x2F, 0xB4,
    0x53, 0xA8, 0x71, 0x1A, 0xBE, 0xB6, 0xC8, 0x8D, 0xE1, 0xE5, 0x0A, 0x2E, 0xE9, 0x89, 0xA0, 0x25,
    0xFF, 0x9A, 0xC2, 0xD0, 0x0F, 0xF1, 0x1E, 0x03, 0x1F, 0xDC, 0x35, 0x35, 0x06, 0x2C, 0x41, 0x8E,
    0x3D, 0xA3, 0xF3, 0xDB, 0x2A, 0xEB, 0xB2, 0x0A, 0xB4, 0x59, 0xEC, 0x6F, 0x01, 0x43, 0x73, 0xD3,
    0x84, 0x4D, 0x45, 0x34, 0x38, 0x39, 0x5C, 0x00, 0xB4, 0x70, 0xA2, 0xBE, 0xED, 0x89, 0xA2, 0x92,
    0x9E, 0x01, 0xC8, 0x6C, 0x0C, 0x01, 0xCB, 0x92, 0xFA, 0x0B, 0x01, 0x2B, 0x52, 0xEE, 0x0F, 0x52,
    0x75, 0x73, 0xDC, 0x3A, 0x2E, 0x97, 0xAB, 0xC7, 0xD5, 0xEC, 0xF6, 0xD5, 0x4E, 0x7B, 0x47, 0xD6,
    0xBB, 0x3B, 0x1F, 0xA8, 0xE6, 0xBF, 0x19, 0xE6, 0x73, 0x0E, 0xED, 0x32, 0x0A, 0x02, 0xE7, 0xBB,
    0x58, 0x4D, 0x56, 0xA7, 0xE2, 0xE2, 0x48, 0xF1, 0xA7, 0xDD, 0x17, 0x1E, 0x2D, 0xB7, 0x58, 0x83,
    0x51, 0xD2, 0x8A, 0xE6, 0xBA, 0x75, 0x6A, 0x8A, 0x73, 0x49, 0xE8, 0x8A, 0x3C, 0x98, 0x85, 0xDF,
    0x52, 0xBC, 0xC8, 0xD7, 0x4D, 0xC6, 0xF2, 0x65, 0x4F, 0xCA, 0x7F, 0x49, 0x1E, 0x94, 0x97, 0x8F,
    0x09, 0xAD, 0x57, 0x46, 0xFB, 0x29, 0xE5, 0x0F, 0x51, 0x15, 0xEC, 0x69, 0x78, 0x9C, 0x63, 0x50,
    0x38, 0xFE, 0xEF, 0x9E, 0x25, 0x03, 0x03, 0xC3, 0xCF, 0xFF, 0x40, 0xC0, 0xC9, 0xB0, 0x01, 0x44,
    0xFD, 0x5F, 0xCF, 0xF0, 0xED, 0xFF, 0xFF, 0xD9, 0xAF, 0xFE, 0xFF, 0x67, 0xF9, 0xF3, 0x5F, 0x86,
    0x41, 0xE0, 0xEF, 0x7F, 0xAE, 0xBF, 0xFF, 0x59, 0x18, 0x18, 0xBE, 0xFE, 0xE7, 0x65, 0x10, 0x00,
    0xAA, 0xFD, 0xFC, 0x9F, 0x9F, 0x01, 0x04, 0x3E, 0x01, 0x69, 0x81, 0x69, 0xA7, 0xEF, 0xFE, 0x07,
    0xD2, 0x60, 0xFD, 0xFF, 0xF9, 0x0F, 0xFC, 0x87, 0xD0, 0xDF, 0xFF, 0xAF, 0x17, 0x01, 0xC9, 0xFF,
    0x01, 0x9A, 0x09, 0xA2, 0xFF, 0xFF, 0x67, 0x86, 0xD2, 0xAC, 0x0C, 0x0C, 0xDF, 0x41, 0xE2, 0x7E,
    0x8C, 0x8B, 0xC1, 0xEA, 0xC0, 0x40, 0xFE, 0x02, 0x88, 0xFC, 0xF3, 0xDF, 0x5F, 0xE0, 0x37, 0xD0,
    0xF6, 0x0D, 0xFF, 0xEB, 0x19, 0x14, 0xDA, 0x32, 0x18, 0x05, 0x8C, 0x95, 0x01, 0xDA, 0xAD, 0x5D,
    0x77, 0x78, 0x9C, 0x35, 0x8E, 0x6B, 0x0D, 0xC2, 0x50, 0x14, 0x83, 0x9B, 0xF0, 0xFC, 0xC1, 0x90,
    0x00, 0x73, 0x30, 0x1C, 0x80, 0x03, 0x90, 0x80, 0x04, 0x24, 0xE0, 0x80, 0x39, 0x00, 0x07, 0xE0,
    0x60, 0x38, 0x60, 0x0E, 0x16, 0x2C, 0x8C, 0x37, 0x8C, 0x94, 0xEF, 0xDE, 0x84, 0x93, 0x9C, 0xA4,
    0x39, 0xED, 0x69, 0x2B, 0xE9, 0xE0, 0x81, 0x76, 0x4E, 0x24, 0x3D, 0xDC, 0xD2, 0xCD, 0x6D, 0x69,
    0xE2, 0x8D, 0x52, 0x6F, 0x39, 0x95, 0x10, 0xA5, 0x47, 0xA0, 0x37, 0xC4, 0xCB, 0x1D, 0x69, 0xE9,
    0xBD, 0x16, 0x2E, 0x38, 0x5D, 0x20, 0x6A, 0x8F, 0x41, 0x5F, 0x88, 0xC6, 0x5D, 0x61, 0x54, 0x28,
    0xF7, 0x29, 0x9A, 0x65, 0x98, 0x65, 0xA0, 0xAB, 0xA7, 0x48, 0xE7, 0xA0, 0xB5, 0x2B, 0xAD, 0x58,
    0xA6, 0x71, 0x4F, 0x1F, 0xF7, 0x41, 0x35, 0xA2, 0x73, 0x14, 0x06, 0xD7, 0x59, 0x7C, 0x8E, 0x49,
    0xCF, 0x60, 0x48, 0xFA, 0x50, 0xC7, 0x18, 0x12, 0x1A, 0xA5, 0x84, 0x33, 0xF7, 0x7F, 0xD3, 0xD8,
    0x3E, 0x77, 0xF2, 0x03, 0x72, 0xBD, 0x4F, 0xD0, 0x78, 0x9C, 0xDB, 0xBD, 0x1B, 0x06, 0x58, 0xFF,
    0xC3, 0x01, 0x07, 0x82, 0xC9, 0x8F, 0xC4, 0x64, 0x80, 0x02, 0xA0, 0x02, 0x0A, 0x99, 0x1D, 0x1D,
    0x2C, 0x00, 0x5F, 0x91, 0x32, 0x94, 0x78, 0x9C, 0xDB, 0xBD, 0x1B, 0x04, 0xFE, 0x63, 0x00, 0x00,
    0x08, 0xB7, 0x16, 0x51, 0x78, 0x9C, 0x65, 0x92, 0xBF, 0x4A, 0x03, 0x41, 0x10, 0xC6, 0xC7, 0x9C,
    0x7A, 0x68, 0x12, 0x73, 0x0F, 0x20, 0x78, 0x04, 0x1B, 0x1B, 0xE3, 0x23, 0xA4, 0xB0, 0x11, 0x2C,
    0xF2, 0x02, 0xA2, 0xAD, 0x95, 0xC1, 0x5A, 0x88, 0x45, 0x3A, 0x41, 0xAF, 0x11, 0x4C, 0x15, 0x7D,
    0x02, 0xB5, 0x4E, 0x93, 0x56, 0x41, 0xD2, 0x59, 0x89, 0x87, 0x82, 0x20, 0x88, 0x44, 0x41, 0x23,
    0x07, 0xEE, 0x7D, 0xCE, 0xCC, 0xED, 0xDD, 0x16, 0x0E, 0xDC, 0xFE, 0xF9, 0x31, 0xB3, 0xF3, 0xCD,
    0xCC, 0x11, 0x89, 0xED, 0xDF, 0xBE, 0xDF, 0xED, 0x96, 0xC8, 0xD9, 0x3D, 0xC4, 0x46, 0x33, 0x05,
    0x78, 0x41, 0x66, 0xF1, 0xB4, 0x05, 0xE7, 0xC0, 0xF1, 0x32, 0x85, 0xA7, 0x29, 0xFA, 0x19, 0x08,
    0x0C, 0xB6, 0xF4, 0xB0, 0x93, 0xA2, 0xA2, 0x87, 0x27, 0x74, 0xAC, 0xF3, 0x21, 0x46, 0xBA, 0x1B,
    0xE4, 0xE1, 0x34, 0x41, 0x99, 0xD7, 0x08, 0xAB, 0x45, 0x8A, 0xA6, 0xBA, 0x7F, 0xB1, 0xCB, 0x07,
    0x27, 0x7A, 0xDC, 0xE0, 0xCB, 0x0F, 0x58, 0x94, 0x39, 0x21, 0x25, 0xC0, 0xA2, 0xA4, 0x2D, 0x53,
    0x0B, 0x0B, 0x39, 0x89, 0x39, 0x2F, 0x1A, 0x74, 0x85, 0x59, 0x21, 0x83, 0xC1, 0x03, 0xE0, 0x13,
    0x25, 0x7D, 0xFA, 0x1C, 0x93, 0x10, 0x5E, 0xAE, 0x45, 0x0D, 0x5F, 0x27, 0xFD, 0x9C, 0x04, 0x12,
    0x3F, 0x84, 0x97, 0x6C, 0x3B, 0x52, 0x23, 0x6A, 0xC3, 0xFF, 0x5D, 0xCA, 0xC9, 0x85, 0x44, 0x35,
    0x31, 0x97, 0xD6, 0x94, 0xF4, 0x7A, 0x37, 0x10, 0xED, 0x21, 0xCA, 0x12, 0x6C, 0xB3, 0x6B, 0x79,
    0xA8, 0xA0, 0x5A, 0x10, 0x5F, 0x49, 0xF5, 0xBF, 0x8F, 0x7D, 0xA7, 0x5E, 0x5F, 0x4F, 0xE0, 0xE9,
    0x3B, 0x2E, 0x57, 0x84, 0x79, 0xCD, 0xE5, 0xF4, 0x84, 0xF2, 0x00, 0xEB, 0x71, 0x9A, 0x49, 0x14,
    0xB2, 0x66, 0x57, 0x97, 0x12, 0xBE, 0x0E, 0xB3, 0xDA, 0x73, 0xC2, 0xB5, 0xDB, 0xFE, 0x58, 0x22,
    0xFD, 0x21, 0xD3, 0x29, 0x48, 0x43, 0x7B, 0xA8, 0x7D, 0x8E, 0x7A, 0x42, 0xCE, 0x56, 0x78, 0x18,
    0x25, 0x69, 0xAD, 0x9B, 0xC5, 0x5A, 0xA6, 0xDB, 0x8C, 0xBD, 0x9C, 0x7C, 0xEB, 0xBC, 0xE8, 0x19,
    0x7B, 0x16, 0xB4, 0x11, 0x4F, 0xC9, 0x1E, 0xA6, 0xD8, 0x54, 0xD0, 0x32, 0x32, 0x20, 0xD2, 0x96,
    0xE3, 0xC0, 0xA3, 0xA0, 0x6B, 0x70, 0xE9, 0xC6, 0x0D, 0x8C, 0xE5, 0x2B, 0x7E, 0xA9, 0xE0, 0x35,
    0x9B, 0xA0, 0x4F, 0xCE, 0xBA, 0x6F, 0x88, 0x8F, 0x6C, 0xCA, 0x3F, 0xEE, 0x1C, 0xEC, 0xDC, 0x78,
    0x9C, 0xDB, 0xBD, 0x1B, 0x02, 0xFE, 0xE3, 0x00, 0x00, 0xD1, 0x8F, 0x1D, 0xC1, 0x78, 0x9C, 0x63,
    0x08, 0x78, 0x7D, 0x8E, 0x95, 0x81, 0xE1, 0xD7, 0xFF, 0xFF, 0xFB, 0x19, 0x26, 0xFC, 0x07, 0x02,
    0xAE, 0x2F, 0xFF, 0xEF, 0xFF, 0xF9, 0xEF, 0xFF, 0xEB, 0x3E, 0x93, 0xC2, 0xDF, 0xF5, 0xFF, 0xFC,
    0x19, 0x18, 0x3E, 0xBF, 0xFF, 0xCF, 0xCF, 0xC0, 0xF0, 0xE1, 0xFF, 0x3F, 0x7B, 0x10, 0x1B, 0x22,
    0xFE, 0xE5, 0xFF, 0x79, 0xA0, 0x9A, 0x05, 0x60, 0xF5, 0x0C, 0xBF, 0x41, 0x7A, 0x19, 0x02, 0xDE,
    0x9C, 0x67, 0x63, 0x00, 0x00, 0x5B, 0x9D, 0x2F, 0x8C, 0x78, 0x9C, 0x63, 0x60, 0x60, 0x60, 0x68,
    0xF8, 0xFF, 0x9F, 0x01, 0x06, 0xE8, 0xC5, 0xFE, 0x8F, 0x00, 0x1C, 0xB8, 0xD8, 0xBB, 0x81, 0xE0,
    0xF7, 0xFF, 0xFF, 0x20, 0x8A, 0x95, 0x9E, 0x6E, 0x03, 0x81, 0x82, 0x77, 0xEF, 0x18, 0x88, 0x05,
    0x1B, 0x76, 0xC3, 0x00, 0x37, 0xC3, 0x07, 0xB8, 0xF3, 0xF9, 0x71, 0xB2, 0x01, 0x8D, 0xAB, 0x80,
    0xA4, 0x78, 0x9C, 0x5D, 0x8D, 0x41, 0x0A, 0x82, 0x50, 0x14, 0x45, 0xAF, 0x12, 0x52, 0x38, 0xD0,
    0x05, 0x18, 0xB8, 0x82, 0x6A, 0x49, 0xED, 0x40, 0x97, 0xD2, 0x34, 0x5A, 0x84, 0x73, 0x83, 0xC6,
    0x4D, 0x5B, 0xC1, 0xA7, 0x36, 0x20, 0x44, 0x20, 0x0E, 0x7E, 0xA7, 0xF7, 0x6C, 0xE6, 0x9D, 0x1C,
    0x2E, 0x97, 0xF3, 0x9E, 0xEA, 0xFB, 0xF7, 0x96, 0x49, 0x1A, 0x81, 0x61, 0xA5, 0x16, 0xCF, 0x5E,
    0x6F, 0xB8, 0x44, 0x3A, 0x4D, 0x6C, 0x75, 0x02, 0x45, 0x32, 0x95, 0x90, 0xF4, 0xD7, 0x54, 0x32,
    0x9A, 0xA1, 0x23, 0xC1, 0xA1, 0x27, 0x8D, 0xA3, 0x8C, 0xE4, 0xCE, 0x07, 0xC1, 0xE7, 0x3A, 0xB2,
    0xF3, 0xFA, 0x22, 0x98, 0xA2, 0x03, 0x54, 0x5E, 0x3F, 0x76, 0x74, 0x76, 0x59, 0x6B, 0x7E, 0x3B,
    0x9C, 0x2D, 0x1B, 0xFE, 0x29, 0x96, 0xFC, 0x01, 0xD5, 0x66, 0x4F, 0xA8, 0x78, 0x9C, 0x2D, 0x8E,
    0x3B, 0x0A, 0xC2, 0x50, 0x10, 0x45, 0x6F, 0x50, 0x04, 0x3F, 0xA8, 0x1B, 0x10, 0x24, 0x1B, 0xD0,
    0xD2, 0x5D, 0x98, 0x1D, 0x88, 0xBB, 0xC9, 0x1E, 0x2C, 0xB4, 0xB5, 0x51, 0x97, 0x61, 0xA5, 0xBD,
    0x8D, 0x04, 0xEC, 0x53, 0x88, 0x1F, 0x34, 0x2F, 0xC7, 0x79, 0x83, 0xB7, 0x98, 0x3B, 0x3F, 0xCE,
    0x8C, 0xB2, 0x0B, 0xBB, 0x96, 0x34, 0xAE, 0x80, 0xB2, 0xA1, 0x82, 0xA8, 0x89, 0xDE, 0x5C, 0xB7,
    0x81, 0xBD, 0x02, 0x6D, 0x6D, 0x28, 0x95, 0xE7, 0x89, 0xA6, 0xA0, 0xA8, 0x8C, 0xB3, 0xFB, 0x8D,
    0xB9, 0xC5, 0xA2, 0x06, 0x03, 0xE8, 0x0E, 0xEB, 0xE4, 0x5F, 0x2F, 0x7C, 0xBE, 0x84, 0xA6, 0x27,
    0x2F, 0xBA, 0x69, 0xEA, 0x2B, 0x7D, 0x6F, 0x3D, 0x18, 0x54, 0x8C, 0x34, 0x0C, 0xF4, 0x9E, 0xB0,
    0xFA, 0x1A, 0xE0, 0xE0, 0x77, 0x8D, 0xFB, 0x89, 0xDE, 0xB1, 0x87, 0x8E, 0xF5, 0x69, 0x26, 0xFD,
    0x00, 0xF3, 0xC5, 0x4F, 0xC1, 0x78, 0x9C, 0x63, 0x60, 0xF8, 0xF9, 0x7F, 0x3F, 0x03, 0x83, 0xC3,
    0xFF, 0xFF, 0x3C, 0x0C, 0x0C, 0x0F, 0xFF, 0x9F, 0x67, 0x60, 0x60, 0xF8, 0xF5, 0x5F, 0x16, 0x24,
    0x70, 0x9F, 0x11, 0x24, 0xA0, 0x07, 0x12, 0x78, 0xCF, 0x04, 0x24, 0x01, 0x76, 0x92, 0x0F, 0xDF,
    0x78, 0x9C, 0xFB, 0xFF, 0x9F, 0x83, 0x01, 0x04, 0x7E, 0xFC, 0xE7, 0xFF, 0x3F, 0x34, 0x98, 0xFC,
    0x78, 0x98, 0xBF, 0x10, 0xCC, 0x7F, 0x20, 0xA6, 0x3D, 0x98, 0xF9, 0x1F, 0xC4, 0x3C, 0x0F, 0x62,
    0x2D, 0x00, 0x33, 0xFF, 0x6B, 0x33, 0x30, 0x04, 0xFC, 0x85, 0x30, 0xFF, 0xEF, 0xBD, 0x03, 0x22,
    0xC1, 0x4C, 0x10, 0xF8, 0x0E, 0x62, 0xBE, 0x01, 0xB1, 0x6C, 0x3F, 0x81, 0x2D, 0xDE, 0xF6, 0xEF,
    0x7E, 0x34, 0xC3, 0x47, 0x84, 0x1B, 0xC0, 0xE6, 0xD1, 0x9C, 0x09, 0x00, 0xA5, 0x18, 0x99, 0x4A,
    0x78, 0x9C, 0x63, 0x60, 0x60, 0x08, 0xBC, 0xF5, 0xEF, 0xFF, 0xFF, 0xFF, 0x1C, 0x0C, 0x0C, 0x0D,
    0xFF, 0xC1, 0x80, 0x83, 0x41, 0xE1, 0x2F, 0x8C, 0xF5, 0xE9, 0x3F, 0x8C, 0xF5, 0x0F, 0xC6, 0x82,
    0xAA, 0x02, 0xB2, 0x3E, 0xC2, 0x59, 0xDF, 0xE0, 0xAC, 0x5F, 0x70, 0xD6, 0x5F, 0x38, 0xEB, 0x3F,
    0x5E, 0x16, 0x42, 0x1D, 0x42, 0x2F, 0xC2, 0x3C, 0x84, 0x1D, 0x13, 0xE0, 0x2C, 0x01, 0xB8, 0x5B,
    0x18, 0x3E, 0xC3, 0x59, 0x06, 0xFF, 0x60, 0x2C, 0x84, 0x3F, 0x18, 0x18, 0x12, 0x61, 0x7E, 0x03,
    0x83, 0x01, 0x64, 0x01, 0x00, 0x58, 0x04, 0xD3, 0xCC, 0x78, 0x9C, 0x5B, 0xF8, 0x4E, 0xEA, 0xF7,
    0xFF, 0xFD, 0xFF, 0xFF, 0xFF, 0x07, 0x92, 0x1B, 0xDF, 0x49, 0x01, 0x00, 0x5F, 0xCD, 0x0B, 0xD2,
    0x78, 0x9C, 0x01, 0x2C, 0x00, 0xD3, 0xFF, 0x82, 0x78, 0x00, 0x00, 0xF6, 0xEF, 0x01, 0x00, 0xFA,
    0xFF, 0xBF, 0x03, 0xD9, 0xFF, 0xFF, 0x4F, 0x00, 0xA1, 0xFF, 0xCF, 0x00, 0x10, 0xFF, 0xFF, 0x00,
    0x20, 0xFF, 0xEF, 0x00, 0xD4, 0xFF, 0xAF, 0xFE, 0xFF, 0xFF, 0x2F, 0xFF, 0xFF, 0xDF, 0x03, 0xEF,
    0x9C, 0x04, 0x00, 0x25, 0x7C, 0x19, 0x69, 0x78, 0x9C, 0x63, 0x60, 0x60, 0x60, 0x50, 0x00, 0x62,
    0x86, 0x29, 0xFF, 0x98, 0x18, 0x12, 0x7F, 0xFF, 0xFF, 0xCF, 0x74, 0xE5, 0x3F, 0x10, 0x30, 0xFD,
    0x80, 0x90, 0xEF, 0xB3, 0x80, 0x64, 0x0A, 0x13, 0x03, 0x90, 0x04, 0xAA, 0xA1, 0x22, 0x09, 0x00,
    0xFA, 0x29, 0x2F, 0x90, 0x78, 0x9C, 0x6D, 0xCD, 0x3B, 0x0E, 0x82, 0x50, 0x10, 0x85, 0xE1, 0x83,
    0x4A, 0x34, 0x44, 0x81, 0xC6, 0xFE, 0x76, 0x16, 0x16, 0x6E, 0xC1, 0x1D, 0xB8, 0x05, 0x77, 0x20,
    0x3B, 0x30, 0x31, 0x31, 0xB1, 0x70, 0x43, 0x56, 0x86, 0x15, 0xE8, 0x0E, 0x6C, 0x2C, 0x6D, 0x7C,
    0x10, 0x0C, 0x0A, 0xBF, 0x73, 0xA9, 0x9D, 0xE6, 0x7C, 0xC5, 0xCC, 0x19, 0x69, 0x73, 0x63, 0xDF,
    0x91, 0x94, 0x61, 0xB3, 0x36, 0x54, 0x1E, 0x44, 0x5A, 0xC2, 0xF1, 0x00, 0x2B, 0xDD, 0x39, 0x05,
    0xCA, 0x21, 0x28, 0x89, 0xA5, 0xB4, 0xA1, 0xFF, 0x65, 0x60, 0x8B, 0x6F, 0x86, 0x0D, 0x3D, 0xC3,
    0x8B, 0x18, 0x7C, 0xC7, 0x83, 0xE4, 0x1F, 0xBA, 0x86, 0x27, 0x49, 0x4D, 0x68, 0x28, 0x18, 0x55,
    0xD6, 0xEE, 0xFF, 0x44, 0x05, 0x0B, 0x69, 0x0E, 0xE1, 0x19, 0x26, 0xAE, 0xE4, 0x22, 0xD7, 0x3E,
    0x67, 0x26, 0x5D, 0x5B, 0x58, 0xBD, 0xFB, 0x58, 0x4E, 0xED, 0x40, 0xE9, 0x76, 0x37, 0xB6, 0xF8,
    0x01, 0x9E, 0x1B, 0x59, 0xE4, 0x78, 0x9C, 0x3D, 0x8E, 0xFD, 0x0D, 0xC1, 0x50, 0x1C, 0x45, 0x0F,
    0x22, 0xD1, 0xD0, 0xC4, 0x04, 0x74, 0x83, 0x1A, 0xC1, 0x06, 0x46, 0x30, 0x0A, 0x23, 0xD8, 0x40,
    0x37, 0x60, 0x84, 0x6E, 0xC0, 0x06, 0x1D, 0x41, 0x7D, 0xB6, 0x91, 0x78, 0xD7, 0x7D, 0x8D, 0xF8,
    0xEF, 0xDE, 0x9C, 0xF3, 0x7B, 0xEF, 0xDE, 0x35, 0xA4, 0x50, 0x0A, 0x6C, 0x95, 0x33, 0xD5, 0xDE,
    0x89, 0x70, 0x82, 0x97, 0x01, 0x3C, 0x34, 0xA2, 0xD4, 0xCC, 0xA9, 0xD0, 0x8A, 0x4C, 0x06, 0x96,
    0x2E, 0x3D, 0x5A, 0x83, 0x28, 0x8D, 0x39, 0x1B, 0x60, 0x69, 0xC3, 0x32, 0x02, 0x16, 0xD2, 0x80,
    0xB7, 0x01, 0x96, 0x52, 0xAE, 0x06, 0xD0, 0x68, 0x4E, 0xAD, 0x43, 0x3C, 0xF6, 0xBB, 0xAD, 0x26,
    0x70, 0xF4, 0x5F, 0x76, 0xFB, 0xF0, 0x74, 0x2D, 0xB5, 0x36, 0x0C, 0xAE, 0x8D, 0x12, 0xD8, 0xB9,
    0x66, 0xAA, 0xBA, 0x05, 0x89, 0xD5, 0xDC, 0xE9, 0x53, 0xFD, 0x56, 0x75, 0x4B, 0x43, 0x5C, 0x7A,
    0xFB, 0xAF, 0xFF, 0x02, 0x50, 0x7D, 0x4F, 0xB8, 0x78, 0x9C, 0x8D, 0xD1, 0xBB, 0x0D, 0xC2, 0x30,
    0x10, 0x06, 0xE0, 0x03, 0x84, 0x10, 0x88, 0xD7, 0x08, 0xD9, 0x00, 0x36, 0x80, 0x11, 0xD2, 0x23,
    0x24, 0x36, 0x80, 0x86, 0x8A, 0x06, 0x89, 0x01, 0xC2, 0x08, 0x19, 0x01, 0x89, 0x32, 0x45, 0x56,
    0xC8, 0x06, 0x51, 0x1A, 0x24, 0xAA, 0xA0, 0xF0, 0x0A, 0x8F, 0xF0, 0xE3, 0x0B, 0xD8, 0xE1, 0x3A,
    0xAE, 0xB0, 0xEC, 0x4F, 0x96, 0x75, 0xFF, 0x99, 0x88, 0xA8, 0x4B, 0xB2, 0x56, 0x99, 0x38, 0xDA,
    0x7B, 0xE0, 0xF7, 0xBC, 0x05, 0x24, 0xA4, 0x05, 0x74, 0xC7, 0x1F, 0x58, 0x68, 0x58, 0xA3, 0xA1,
    0xD6, 0x79, 0x85, 0x34, 0x1C, 0x51, 0xFD, 0x6C, 0x34, 0x64, 0x3E, 0x09, 0x98, 0xA1, 0x27, 0x21,
    0x41, 0x4D, 0xC2, 0x23, 0x24, 0x01, 0x36, 0x06, 0x12, 0x22, 0xD4, 0x25, 0xDC, 0xE2, 0x92, 0x80,
    0x21, 0xA6, 0x24, 0x20, 0x40, 0x53, 0x42, 0x8A, 0xB2, 0x00, 0x0B, 0x8E, 0xDA, 0x5D, 0xD1, 0xD1,
    0xB0, 0x41, 0x9B, 0xA8, 0x8F, 0x02, 0x2E, 0x1C, 0x2C, 0xF8, 0x02, 0x8F, 0xE2, 0xC5, 0xC1, 0xEE,
    0x05, 0xB8, 0x1C, 0x6C, 0x82, 0x02, 0x4E, 0x1C, 0x2C, 0x41, 0x6A, 0x20, 0x0B, 0xF3, 0x79, 0x1C,
    0x34, 0x2C, 0x39, 0x98, 0x8B, 0x96, 0x81, 0x84, 0xA7, 0x79, 0x8E, 0x4B, 0x06, 0x9E, 0x2A, 0x98,
    0xA5, 0x6E, 0x69, 0x98, 0x70, 0xB0, 0x40, 0x75, 0xA2, 0x21, 0xE2, 0x60, 0x37, 0x78, 0xDE, 0x03,
    0xFE, 0x88, 0xF2, 0x86, 0xCA, 0xDC, 0x6F, 0x5E, 0x4E, 0x3E, 0x0A, 0x87, 0x04, 0xB8, 0x1C, 0xEC,
    0x17, 0x68, 0xF7, 0xFD, 0x31, 0xF3, 0xA8, 0xA9, 0xFF, 0xE0, 0x0D, 0x52, 0x67, 0xAA, 0xE8, 0x78,
    0x9C, 0x8D, 0xD1, 0x3D, 0x4E, 0x02, 0x51, 0x14, 0x05, 0xE0, 0x33, 0x80, 0x06, 0x10, 0x23, 0x2B,
    0x30, 0xB3, 0x03, 0xD9, 0x01, 0xB3, 0x03, 0xE2, 0x06, 0x94, 0xD6, 0x0A, 0x77, 0xA0, 0x05, 0xA5,
    0x89, 0x14, 0xF6, 0x5A, 0xD3, 0x40, 0x4F, 0x01, 0x09, 0x85, 0xA5, 0x44, 0x6D, 0xC9, 0xE8, 0x0A,
    0x08, 0x18, 0x45, 0x7E, 0x66, 0x8E, 0x6F, 0xE6, 0xDE, 0x07, 0x79, 0x53, 0x79, 0x9B, 0x7B, 0xE7,
    0x4B, 0xDE, 0xDF, 0x19, 0x00, 0x78, 0x80, 0x5B, 0xE7, 0x6B, 0x3A, 0xDF, 0xFE, 0x33, 0xE9, 0xCA,
    0x92, 0x3B, 0x09, 0xA4, 0xFD, 0xEE, 0x65, 0x71, 0x21, 0x72, 0x57, 0xB0, 0xB2, 0x09, 0xD3, 0xE6,
    0x01, 0x2A, 0x4D, 0xD6, 0xED, 0x56, 0x2A, 0x9F, 0x2C, 0x65, 0x64, 0x3D, 0x83, 0x2B, 0x01, 0x2F,
    0x33, 0xF2, 0xC1, 0xA3, 0x8C, 0xAC, 0xE8, 0xB9, 0x52, 0x63, 0x0B, 0xAE, 0x4C, 0x58, 0xC9, 0xC8,
    0x92, 0x79, 0x57, 0x7C, 0xDE, 0xC3, 0x95, 0x11, 0x8F, 0x81, 0x76, 0xF7, 0x2A, 0xB7, 0x93, 0x1F,
    0x16, 0xF0, 0x66, 0xDE, 0xFC, 0xE8, 0xA9, 0x54, 0xE3, 0x9E, 0xB9, 0x62, 0x52, 0x15, 0x95, 0x27,
    0x9E, 0x62, 0x9E, 0xCA, 0x8D, 0x6E, 0xF5, 0xCD, 0x43, 0x93, 0x54, 0xCB, 0x7B, 0xE7, 0x8B, 0x4A,
    0x6C, 0x86, 0x88, 0x07, 0xC9, 0x4A, 0x81, 0x0E, 0xCF, 0x80, 0xE9, 0x34, 0xC9, 0x4A, 0x03, 0xF8,
    0x62, 0x51, 0x86, 0x80, 0x43, 0x19, 0xA2, 0x50, 0x57, 0x4F, 0xD8, 0x48, 0xFB, 0xAD, 0x76, 0x93,
    0x1A, 0xCB, 0x69, 0x5F, 0x68, 0x47, 0xDF, 0x1E, 0xB5, 0x9D, 0x49, 0x34, 0xD5, 0xAD, 0x06, 0xD0,
    0xB4, 0x79, 0xBE, 0xDA, 0x7D, 0xE7, 0x9A, 0x67, 0x2D, 0xB6, 0xAB, 0x37, 0xCC, 0xE9, 0xC5, 0xED,
    0x13, 0xC6, 0x32, 0x5C, 0xD3, 0x5C, 0x5A, 0x4B, 0x86, 0x15, 0xC3, 0x81, 0xA9, 0xFD, 0x1F, 0x01,
    0xA5, 0x4E, 0xFE, 0x23, 0x7F, 0x3A, 0xE0, 0xB0, 0xCE, 0x78, 0x9C, 0x95, 0x90, 0x3D, 0x4E, 0xC3,
    0x40, 0x10, 0x85, 0xC7, 0x40, 0x02, 0xE1, 0x37, 0x27, 0x40, 0x56, 0x5A, 0x84, 0x48, 0x49, 0x67,
    0x6E, 0x40, 0x38, 0x01, 0xDC, 0x00, 0x1F, 0x81, 0x1B, 0x90, 0x36, 0x95, 0x73, 0x02, 0x48, 0x6F,
    0x20, 0x48, 0x34, 0x14, 0x88, 0x88, 0x96, 0x06, 0x21, 0x0E, 0x60, 0x70, 0x08, 0x89, 0xA2, 0xF5,
    0x3E, 0x66, 0x76, 0x6D, 0x76, 0xA1, 0x63, 0x8A, 0xF5, 0xEC, 0xE7, 0x99, 0x9D, 0x37, 0x8F, 0x3A,
    0xCF, 0xB8, 0xA8, 0x93, 0x17, 0x4D, 0x05, 0x20, 0x5B, 0xF4, 0xC8, 0x13, 0x24, 0xF6, 0x3C, 0x32,
    0x03, 0x1E, 0x34, 0x2E, 0x3D, 0x52, 0xA0, 0x41, 0x7D, 0x64, 0x26, 0x0F, 0x77, 0xE4, 0xEC, 0xF5,
    0xF8, 0x2D, 0xC0, 0x90, 0x5B, 0x54, 0x23, 0x42, 0x8C, 0xCC, 0xF7, 0x0B, 0xD5, 0x84, 0x3B, 0x1C,
    0x9A, 0xB1, 0x38, 0xB7, 0xF7, 0x37, 0x0D, 0x5B, 0x3D, 0xC0, 0x86, 0x25, 0x53, 0x20, 0x09, 0x24,
    0x99, 0x60, 0xC9, 0xD5, 0x1C, 0x4B, 0x93, 0x76, 0x1A, 0x8E, 0xB4, 0x3C, 0xD9, 0xC7, 0xB6, 0x13,
    0xF5, 0x89, 0x35, 0x69, 0xB2, 0xB3, 0x5B, 0x2D, 0x3E, 0xDE, 0xB1, 0xC9, 0x4D, 0x43, 0xFB, 0x1B,
    0x58, 0x20, 0x1A, 0x63, 0x8B, 0x9B, 0xCA, 0xE5, 0x14, 0x76, 0x29, 0x2C, 0xB0, 0xCE, 0x9D, 0xCB,
    0x54, 0xEA, 0xC4, 0x75, 0x21, 0x82, 0xF4, 0x0B, 0x51, 0x1B, 0x43, 0x91, 0x25, 0x31, 0xA2, 0x2E,
    0x22, 0xA2, 0x57, 0xB3, 0xE0, 0x5C, 0xC8, 0x2A, 0x3F, 0xD5, 0x30, 0x39, 0x93, 0xF6, 0xBD, 0x7E,
    0xDC, 0x67, 0x57, 0xD8, 0x90, 0x0E, 0x4A, 0x13, 0x24, 0xCE, 0x64, 0xD9, 0xDC, 0x27, 0x63, 0x6E,
    0x24, 0x95, 0x79, 0xA4, 0x40, 0x40, 0x31, 0x22, 0x47, 0x62, 0x9C, 0x4A, 0x5D, 0xDD, 0x91, 0x9C,
    0x25, 0x52, 0x91, 0x90, 0x23, 0x8A, 0x77, 0xE9, 0x32, 0xFD, 0x21, 0xB1, 0xF8, 0x39, 0xC9, 0x02,
    0x47, 0x72, 0xF6, 0xB3, 0xA9, 0x23, 0x72, 0x44, 0xB1, 0x63, 0x03, 0xDC, 0xA4, 0x29, 0x90, 0xD6,
    0x04, 0x9C, 0x20, 0xB1, 0xF2, 0x24, 0x56, 0x84, 0x7C, 0x88, 0x9F, 0xBF, 0xC8, 0x14, 0xB5, 0x3F,
    0xE4, 0xE0, 0xAA, 0x52, 0xE1, 0x6D, 0xF1, 0x4F, 0xF2, 0x0D, 0x06, 0x32, 0xD3, 0xC5, 0x78, 0x9C,
    0x95, 0x8E, 0xCB, 0x09, 0xC2, 0x50, 0x10, 0x45, 0xC7, 0xFF, 0x0F, 0xC4, 0x0E, 0x2C, 0xC0, 0x8D,
    0x25, 0xD8, 0x81, 0x76, 0xA0, 0x1D, 0x68, 0x21, 0x82, 0x25, 0xC4, 0x0E, 0x2C, 0x20, 0x8B, 0x2C,
    0x5C, 0xB9, 0x11, 0xC1, 0x75, 0xD0, 0x02, 0x84, 0xA0, 0x60, 0x90, 0x68, 0x3C, 0xE6, 0x65, 0x5E,
    0x9E, 0x0B, 0x57, 0xCE, 0xEA, 0x30, 0xDC, 0x39, 0x73, 0x45, 0x44, 0x8E, 0x9E, 0xD8, 0x79, 0x51,
    0xB5, 0x04, 0x8D, 0x9F, 0xDD, 0x37, 0xF7, 0xFF, 0x84, 0x61, 0x5D, 0xA1, 0xE7, 0xCC, 0x43, 0xA8,
    0x29, 0x2D, 0xA0, 0xA2, 0x74, 0x20, 0xB2, 0x07, 0x0F, 0x56, 0x0A, 0x33, 0xE8, 0x2A, 0xDD, 0x8B,
    0xD8, 0x08, 0xA6, 0xBA, 0xBA, 0x39, 0x5B, 0x8A, 0xE7, 0x64, 0x1D, 0xA5, 0x2B, 0x27, 0x2B, 0x8B,
    0x8B, 0xBC, 0x3C, 0x0B, 0x59, 0x76, 0xD0, 0xB6, 0x04, 0x4D, 0x47, 0xAD, 0xFC, 0xA5, 0xEF, 0xA7,
    0x2A, 0x59, 0x13, 0x25, 0xF4, 0x55, 0x16, 0xC4, 0x6C, 0x0C, 0x25, 0xCC, 0xCF, 0x30, 0x10, 0xD9,
    0x66, 0xCD, 0x26, 0xC0, 0xFE, 0x82, 0x69, 0x16, 0x93, 0xCF, 0x38, 0xEB, 0x97, 0x1A, 0x08, 0x4A,
    0xA6, 0xEA, 0xEE, 0x1D, 0x2D, 0xCB, 0x22, 0x1F, 0x61, 0xC5, 0x62, 0xC6, 0x78, 0x9C, 0x95, 0x91,
    0x4D, 0x5A, 0xC2, 0x30, 0x10, 0x86, 0x23, 0xFE, 0x80, 0xA8, 0xC8, 0x0D, 0xE8, 0x0D, 0xF0, 0x06,
    0x7A, 0x03, 0xBC, 0x81, 0xBD, 0x01, 0x2E, 0xDD, 0xD9, 0x85, 0x0B, 0x76, 0x70, 0x03, 0xB8, 0x81,
    0xEE, 0x59, 0xD8, 0x1B, 0xE0, 0x0D, 0xE4, 0x06, 0x96, 0x4A, 0x45, 0x0B, 0xF4, 0x63, 0x26, 0x69,
    0x92, 0xC9, 0xD2, 0xD9, 0xA4, 0x6F, 0x9E, 0x34, 0x33, 0x79, 0x3F, 0xA5, 0x94, 0x7A, 0x19, 0x3D,
    0x29, 0x59, 0x29, 0xD0, 0x92, 0xDC, 0xAD, 0x70, 0x1B, 0x1C, 0xC8, 0xB1, 0x08, 0xF8, 0x0E, 0x38,
    0x0B, 0x36, 0x7E, 0xD0, 0x0B, 0x38, 0xC1, 0x6B, 0xC0, 0xAA, 0xC4, 0x89, 0xFA, 0x47, 0x51, 0x83,
    0x63, 0xC9, 0x33, 0xE0, 0x5C, 0xF2, 0x0A, 0xB8, 0x0E, 0xFB, 0xE3, 0x41, 0xF2, 0x0E, 0x78, 0x17,
    0x18, 0x81, 0xEA, 0xC8, 0xF3, 0x04, 0x8B, 0x3D, 0x9A, 0x9E, 0x97, 0x18, 0x6E, 0x70, 0xE5, 0xB9,
    0x40, 0x2F, 0x97, 0x0A, 0xB6, 0xB8, 0x48, 0x31, 0x75, 0xD8, 0x05, 0x4E, 0x63, 0x7C, 0x39, 0x7E,
    0xA4, 0x6F, 0xDE, 0xB3, 0xFC, 0xC1, 0x67, 0xE9, 0x1F, 0xCB, 0x6B, 0xBE, 0xAB, 0xF0, 0x8A, 0x4A,
    0xEE, 0x95, 0xE1, 0xD9, 0x32, 0x78, 0x96, 0x19, 0x3E, 0x6B, 0x8C, 0x81, 0x86, 0x54, 0x90, 0x1A,
    0xFB, 0x95, 0x0D, 0x29, 0xC7, 0x90, 0x97, 0x3F, 0x74, 0x0C, 0xFF, 0x1A, 0x17, 0xDF, 0x18, 0x18,
    0xAE, 0xD0, 0x36, 0x53, 0x98, 0x0C, 0xEE, 0x61, 0xDC, 0x27, 0xB5, 0x82, 0xB7, 0x7A, 0xF2, 0xA8,
    0x0E, 0x71, 0x05, 0x57, 0x97, 0xCC, 0x1B, 0xCF, 0x7D, 0xE6, 0xBD, 0xE7, 0x31, 0xE1, 0x0D, 0xA9,
    0x9D, 0xEB, 0xDA, 0xEA, 0x8B, 0x26, 0xCE, 0x6C, 0xAC, 0x1B, 0x65, 0xCE, 0x3C, 0x29, 0x69, 0x73,
    0x34, 0x2E, 0x99, 0x92, 0x15, 0xEC, 0x7C, 0x72, 0x05, 0x3D, 0x24, 0x12, 0xC9, 0x66, 0xF4, 0xD0,
    0x44, 0x24, 0x4F, 0x57, 0x37, 0x96, 0x4E, 0x8B, 0x56, 0xD2, 0x5A, 0xEB, 0x21, 0x94, 0x7D, 0x69,
    0xA7, 0x34, 0x43, 0x5A, 0x13, 0x83, 0x03, 0x10, 0x4C, 0xC7, 0x09, 0x78, 0x9C, 0x95, 0x91, 0xCB,
    0x55, 0x02, 0x41, 0x10, 0x45, 0x5B, 0x14, 0x41, 0x7E, 0x92, 0x01, 0x44, 0xA0, 0x2E, 0xDD, 0x41,
    0x06, 0x90, 0x81, 0x93, 0x01, 0x66, 0x20, 0x2B, 0x0F, 0x3B, 0xC8, 0x40, 0x32, 0xD0, 0xBD, 0x0B,
    0xC8, 0x00, 0x32, 0x60, 0x32, 0x70, 0xF8, 0x39, 0x30, 0x03, 0x3C, 0xAB, 0xBA, 0xA7, 0xBB, 0x0B,
    0x76, 0xD6, 0xA6, 0xE6, 0xF6, 0x99, 0x53, 0x9F, 0x5B, 0x4A, 0x65, 0xF1, 0x3E, 0x78, 0x56, 0x22,
    0xBA, 0x40, 0x59, 0x72, 0x88, 0xC5, 0x95, 0xE4, 0x3D, 0x1E, 0x24, 0x3E, 0x01, 0xD7, 0x92, 0xE7,
    0x78, 0x91, 0xA8, 0x62, 0x14, 0x25, 0x36, 0xF1, 0xA9, 0xFE, 0x13, 0xED, 0x8B, 0xF2, 0x63, 0xE0,
    0x4E, 0xF2, 0x12, 0xB8, 0x97, 0xFC, 0x8B, 0xF3, 0xFE, 0x07, 0x60, 0x72, 0xD6, 0x9E, 0x42, 0xAC,
    0x33, 0xC2, 0xEC, 0x88, 0x82, 0xE7, 0x10, 0xBD, 0x18, 0x55, 0xCF, 0x5B, 0x34, 0x56, 0x68, 0x79,
    0x4E, 0x51, 0x9E, 0xE2, 0xC3, 0x61, 0x1D, 0xC8, 0x07, 0xF8, 0x71, 0xFC, 0x4A, 0xDF, 0xFC, 0x66,
    0x79, 0xCE, 0xFF, 0xA6, 0xDE, 0xE7, 0x86, 0x6B, 0x51, 0x4D, 0xCB, 0x09, 0xF7, 0x8A, 0xF0, 0x66,
    0x19, 0x3C, 0xCB, 0x18, 0x8B, 0x0C, 0x03, 0x20, 0x27, 0x15, 0x4C, 0x31, 0xE3, 0x74, 0xB2, 0x4A,
    0x57, 0xE8, 0x71, 0xDA, 0xA3, 0x66, 0x78, 0x67, 0x5C, 0xAC, 0xD1, 0x31, 0x7C, 0x42, 0xC9, 0x4C,
    0x61, 0x9C, 0xD3, 0x65, 0x6F, 0x38, 0xF7, 0x33, 0x05, 0x5F, 0xD9, 0xE4, 0x24, 0xE5, 0x96, 0xF3,
    0x12, 0x2E, 0x2A, 0xCC, 0xB1, 0xE7, 0x47, 0xE6, 0xA3, 0xE7, 0xA1, 0xD2, 0x97, 0x9F, 0x7C, 0xEB,
    0x48, 0x75, 0xA1, 0x91, 0x33, 0x1B, 0xE8, 0x46, 0x91, 0x33, 0x4F, 0x4A, 0x4A, 0x7C, 0x1A, 0x77,
    0x99, 0x84, 0x15, 0x1C, 0xFC, 0xE5, 0xB6, 0xB4, 0x48, 0x53, 0x5C, 0x36, 0xA2, 0x45, 0xFB, 0xE2,
    0xF2, 0x54, 0x3A, 0x17, 0x3A, 0x2D, 0x5A, 0x49, 0x71, 0xA3, 0x87, 0x50, 0x76, 0xD3, 0x5A, 0x62,
    0x86, 0xB4, 0x26, 0x3A, 0x7F, 0xD0, 0x21, 0xC5, 0xDF, 0x78, 0x9C, 0x8D, 0x92, 0xCF, 0x55, 0xC2,
    0x40, 0x10, 0xC6, 0x57, 0x50, 0x41, 0x54, 0xF4, 0xE6, 0x91, 0x54, 0xA0, 0x76, 0x20, 0x1D, 0xE0,
    0xD1, 0x9B, 0xE9, 0x00, 0x3A, 0x90, 0xF7, 0xE4, 0xC0, 0x4D, 0x3A, 0x80, 0x0E, 0xE0, 0xEE, 0x01,
    0x3A, 0x40, 0x2A, 0x90, 0x67, 0x03, 0x09, 0xFF, 0x04, 0x43, 0xC8, 0xE7, 0xCC, 0x6E, 0x76, 0x77,
    0x8E, 0xCC, 0x65, 0xF2, 0xDB, 0xB7, 0x99, 0x9D, 0xF9, 0xBE, 0x51, 0x4A, 0x47, 0xE7, 0x45, 0xC9,
    0x78, 0x04, 0x4E, 0x25, 0xFF, 0x00, 0x0F, 0x02, 0x83, 0x2C, 0x4A, 0xA3, 0x13, 0xCF, 0x33, 0xDC,
    0xCF, 0x70, 0xE5, 0x39, 0x45, 0x31, 0xC8, 0x86, 0x0E, 0x47, 0x68, 0x28, 0xB5, 0x42, 0xD9, 0xF2,
    0x7B, 0x97, 0x8A, 0xD7, 0xBB, 0x77, 0xEA, 0xE8, 0xA8, 0x03, 0x45, 0xC9, 0x03, 0xE0, 0x42, 0xF2,
    0x02, 0xB8, 0x91, 0xFC, 0x0B, 0xBC, 0x4A, 0x4E, 0x81, 0xB1, 0xEC, 0x1F, 0x14, 0xA2, 0xFF, 0x1E,
    0xA6, 0x07, 0x94, 0x3C, 0xCF, 0xD1, 0xDC, 0xE2, 0xDA, 0xF3, 0x06, 0xB5, 0x25, 0x9E, 0x3C, 0xEF,
    0x71, 0x39, 0x41, 0xDF, 0xE1, 0x2D, 0x70, 0x16, 0x22, 0x72, 0xDC, 0xA2, 0x6F, 0x3E, 0xB3, 0xFC,
    0xC5, 0x77, 0xE9, 0x1F, 0xCB, 0x6B, 0xAE, 0x45, 0x35, 0x2D, 0x27, 0xFC, 0x56, 0x8C, 0x37, 0xCB,
    0xE0, 0x5E, 0x06, 0xF8, 0xCE, 0x31, 0x04, 0x0A, 0x52, 0x82, 0x09, 0xA6, 0x9C, 0x32, 0x2B, 0xE8,
    0x12, 0x4D, 0x4E, 0x7F, 0xA8, 0x1A, 0xDE, 0x19, 0x2D, 0x56, 0xAC, 0xBA, 0xB9, 0x58, 0x31, 0x5D,
    0x18, 0x47, 0x9E, 0x73, 0x6F, 0xDB, 0xB9, 0x04, 0xA3, 0xBC, 0x73, 0x12, 0xE5, 0x9C, 0xF3, 0x02,
    0x2E, 0xB4, 0xA5, 0x5B, 0xCF, 0x7A, 0x07, 0x0E, 0x9E, 0x3F, 0x94, 0x5E, 0x95, 0xF1, 0xA7, 0x8E,
    0xBD, 0x2E, 0xD4, 0x73, 0xCA, 0x86, 0xFA, 0xA1, 0xD8, 0x29, 0x4F, 0x92, 0x54, 0xD8, 0x1A, 0xE7,
    0x4C, 0xC2, 0x12, 0xA4, 0xDE, 0xB9, 0x0D, 0x0D, 0x12, 0x08, 0x67, 0x63, 0x1A, 0xB4, 0x2D, 0x9C,
    0xA7, 0xD2, 0x85, 0xB9, 0x93, 0x45, 0x4B, 0x52, 0x5E, 0xEB, 0x26, 0x94, 0x9D, 0xB4, 0x9A, 0xC8,
    0x45, 0xDD, 0xA1, 0xF1, 0x0F, 0x95, 0x33, 0xCC, 0xD1, 0x78, 0x9C, 0x8D, 0x90, 0xBB, 0x51, 0xC3,
    0x40, 0x14, 0x45, 0x9F, 0x00, 0x0D, 0x60, 0x0F, 0xA0, 0x0E, 0x4C, 0x07, 0x10, 0x93, 0xE0, 0x0A,
    0x30, 0x15, 0x80, 0x3B, 0x30, 0x31, 0x09, 0x1E, 0x1A, 0x80, 0x84, 0x84, 0x04, 0x75, 0x80, 0x73,
    0x02, 0xD3, 0x81, 0xDC, 0x01, 0xEA, 0x00, 0xF9, 0xFF, 0x91, 0xAD, 0xCB, 0xDB, 0x7D, 0xFB, 0x56,
    0x1B, 0x72, 0x93, 0xD5, 0x99, 0x91, 0xB4, 0xF7, 0x1E, 0x22, 0x4D, 0xE2, 0x9F, 0xE8, 0xED, 0x31,
    0x22, 0x1A, 0xFF, 0x28, 0x0E, 0x80, 0x3B, 0xA2, 0x85, 0xE7, 0x12, 0xC0, 0x55, 0xBB, 0xFA, 0x74,
    0xD8, 0x86, 0xA4, 0xE3, 0x38, 0xC5, 0xCD, 0xA5, 0x79, 0xA5, 0xE9, 0x78, 0x84, 0x98, 0x1E, 0x80,
    0x2C, 0x72, 0x9C, 0x83, 0x9F, 0x9E, 0xDF, 0x63, 0xFA, 0x7F, 0x6E, 0x81, 0x28, 0x64, 0x6E, 0x74,
    0x18, 0xF2, 0x04, 0x38, 0x09, 0x79, 0x05, 0x5C, 0x87, 0x5C, 0x01, 0x1F, 0x01, 0xDA, 0xC6, 0x01,
    0xA7, 0xC8, 0x76, 0x08, 0xFA, 0x14, 0xE8, 0x2D, 0x7D, 0x7D, 0xCE, 0x02, 0xAD, 0x09, 0x5A, 0x35,
    0x6F, 0xD1, 0xFC, 0xC6, 0x93, 0xC7, 0x73, 0x20, 0xEE, 0xC2, 0xEB, 0xA1, 0x3E, 0x7E, 0x29, 0x01,
    0xF6, 0x95, 0x73, 0x73, 0x79, 0x89, 0x63, 0xE5, 0x99, 0x29, 0x37, 0xC7, 0x99, 0x72, 0x69, 0xCA,
    0x17, 0xB8, 0x77, 0x98, 0xD8, 0x71, 0x29, 0x86, 0x8E, 0xD9, 0xDD, 0x9E, 0xED, 0xEC, 0x14, 0x8C,
    0x90, 0xC9, 0x26, 0xA7, 0x60, 0x8A, 0x9E, 0x39, 0xD6, 0xAA, 0x60, 0x2D, 0x7F, 0x9E, 0xAA, 0x82,
    0x0A, 0x0D, 0xF9, 0x4C, 0x14, 0xB0, 0xCB, 0x03, 0x69, 0x29, 0x0A, 0x06, 0xDC, 0x56, 0x57, 0x98,
    0x73, 0x0C, 0x1F, 0xAB, 0x60, 0x59, 0xF3, 0x85, 0xE1, 0x5D, 0xCD, 0x2F, 0xE2, 0x72, 0xF8, 0x65,
    0x53, 0x5A, 0x05, 0xA9, 0xEF, 0xD9, 0xB5, 0x17, 0x15, 0x7E, 0x07, 0xEF, 0x6A, 0x18, 0x97, 0xBA,
    0x93, 0x36, 0xA6, 0xE8, 0xB6, 0xF6, 0x30, 0xE7, 0x21, 0xDC, 0xC2, 0x7B, 0x2A, 0x78, 0x68, 0x3F,
    0xF0, 0xF8, 0xCA, 0x22, 0xF2, 0xC0, 0x33, 0x5F, 0x7D, 0x34, 0xB3, 0x25, 0x48, 0x97, 0x9E, 0x6E,
    0xA4, 0xA4, 0x64, 0x85, 0xCE, 0x1F, 0x56, 0xBD, 0xD8, 0x8F, 0x78, 0x9C, 0x95, 0x92, 0xED, 0x51,
    0xC2, 0x40, 0x10, 0x86, 0xD7, 0x4F, 0x54, 0x44, 0xED, 0x40, 0x0A, 0x70, 0x46, 0x3B, 0xC0, 0x0E,
    0xB4, 0x03, 0xED, 0x00, 0x4B, 0x48, 0x07, 0xD8, 0x81, 0x94, 0xE0, 0x7F, 0x7F, 0x90, 0xB1, 0x81,
    0xD8, 0x81, 0x74, 0x40, 0x44, 0x10, 0x24, 0x81, 0xC7, 0xDB, 0xBB, 0xDC, 0xC7, 0x38, 0xE3, 0x0F,
    0xDF, 0x99, 0x4C, 0xF2, 0xDC, 0xDD, 0xEE, 0xED, 0xBE, 0x1B, 0x11, 0x91, 0xD7, 0x62, 0x5B, 0xA4,
    0x5B, 0x5F, 0x48, 0xA3, 0x9A, 0x63, 0x91, 0x9C, 0xC2, 0x33, 0x9C, 0x8A, 0x94, 0xF0, 0xD7, 0xFE,
    0xEF, 0xF8, 0xFF, 0x6B, 0x08, 0xFB, 0x29, 0x7F, 0xA0, 0x57, 0x44, 0x7D, 0xC1, 0x65, 0xCA, 0x35,
    0x0C, 0x12, 0xEC, 0x02, 0xEF, 0x09, 0x67, 0x86, 0xD9, 0x89, 0x3C, 0xA6, 0x58, 0x73, 0x18, 0x79,
    0x46, 0x7F, 0xA1, 0x3D, 0x79, 0xAD, 0x38, 0x9F, 0x72, 0x17, 0x19, 0xDA, 0x39, 0xA3, 0x80, 0xF7,
    0xB0, 0x67, 0x9E, 0x2D, 0xCF, 0x39, 0x13, 0x39, 0x83, 0x96, 0xE7, 0x29, 0x4F, 0x22, 0x15, 0x1D,
    0xCF, 0x4B, 0x7A, 0x22, 0xF3, 0x58, 0xF1, 0x5A, 0xB7, 0xCA, 0x50, 0xF1, 0x95, 0x0D, 0x1D, 0x9A,
    0x24, 0x4E, 0x8F, 0x60, 0xFC, 0xBB, 0x86, 0x5D, 0xC7, 0xA5, 0x73, 0x76, 0xC3, 0x91, 0xE3, 0x39,
    0x7D, 0x7D, 0x7D, 0xFB, 0x8A, 0x2B, 0xF7, 0xF1, 0xE9, 0x96, 0xB5, 0x12, 0x7B, 0xF0, 0xAD, 0x19,
    0xC8, 0x43, 0x93, 0x28, 0xB3, 0x69, 0x75, 0x7D, 0xE2, 0x4D, 0x6A, 0xB9, 0xB8, 0xA0, 0x8E, 0xCB,
    0x1B, 0xD4, 0x73, 0xF7, 0x06, 0x99, 0xB6, 0xE4, 0x16, 0x46, 0x2F, 0x56, 0x95, 0x4D, 0xF4, 0x1C,
    0x8C, 0x50, 0x5B, 0x74, 0x54, 0xDE, 0x28, 0x53, 0x48, 0x5B, 0x64, 0x11, 0x8D, 0x34, 0xB6, 0x6A,
    0xF3, 0xC1, 0x68, 0x6D, 0xC4, 0x34, 0x1F, 0x06, 0xA1, 0x8D, 0x66, 0xC9, 0xA0, 0xD4, 0x88, 0x71,
    0x32, 0x48, 0x63, 0xC9, 0xC1, 0x2C, 0x1D, 0xF4, 0x86, 0x93, 0x55, 0xFA, 0x23, 0x2C, 0xB9, 0xF9,
    0x01, 0x8A, 0x9B, 0xCE, 0x29, 0x78, 0x9C, 0x75, 0x92, 0xDD, 0x5D, 0xC2, 0x30, 0x14, 0xC5, 0x23,
    0x7E, 0x80, 0xA2, 0xB4, 0x2F, 0x3C, 0xC3, 0x06, 0xBA, 0x81, 0x6E, 0x50, 0x37, 0xB0, 0x4E, 0x80,
    0x6E, 0xC0, 0x06, 0xD6, 0x09, 0xEC, 0x06, 0xF2, 0xEE, 0x03, 0x6C, 0x80, 0x1B, 0xC8, 0x06, 0xAD,
    0xC5, 0xDA, 0x42, 0x6D, 0x0E, 0xF9, 0xCE, 0x45, 0x7F, 0x9E, 0x97, 0xF4, 0x9F, 0x34, 0xB9, 0xE7,
    0x9E, 0x84, 0x31, 0xA5, 0xF0, 0x80, 0x51, 0x25, 0x3C, 0xEB, 0x11, 0x0C, 0x5B, 0x60, 0x4E, 0x38,
    0xCD, 0x86, 0x8F, 0xE8, 0x7A, 0xCE, 0x23, 0xC6, 0xAA, 0x0B, 0xCF, 0x45, 0xC0, 0xD8, 0x3A, 0xF8,
    0x7F, 0x7D, 0x96, 0x0D, 0xEF, 0x41, 0x0A, 0x84, 0x1C, 0x58, 0xD2, 0xFA, 0xCF, 0xD8, 0xAB, 0xFF,
    0xC7, 0xDF, 0x6F, 0xC5, 0xC0, 0x21, 0xE5, 0x05, 0x70, 0x4A, 0xB9, 0x00, 0x06, 0x94, 0x6B, 0xE0,
    0x8E, 0x32, 0xDF, 0xEF, 0xEF, 0x06, 0x42, 0xA4, 0x62, 0x8A, 0x65, 0x4B, 0xFB, 0xFD, 0xC4, 0xA4,
    0x02, 0xE9, 0xA7, 0xC2, 0xA8, 0xC0, 0xB5, 0xE7, 0x16, 0xFD, 0x05, 0x5E, 0x1C, 0x5E, 0x01, 0xC7,
    0x31, 0x32, 0xC7, 0x89, 0xF8, 0x0E, 0xC5, 0x9C, 0xE5, 0x95, 0xFC, 0xB7, 0x41, 0xDF, 0x72, 0x29,
    0xCF, 0x2A, 0x31, 0xB2, 0xDC, 0xC8, 0x5A, 0x39, 0x26, 0x06, 0xC5, 0xD6, 0xAE, 0xF2, 0x64, 0xF8,
    0x01, 0xE8, 0x28, 0xCF, 0x1D, 0xCD, 0xEF, 0x7A, 0x85, 0xDB, 0x84, 0xD7, 0x7A, 0xE7, 0xC6, 0x46,
    0xB0, 0x41, 0xA0, 0xA7, 0x23, 0xCD, 0xC0, 0x99, 0xDE, 0xF6, 0xAA, 0xF0, 0x16, 0x38, 0x92, 0xE3,
    0xD4, 0x44, 0x30, 0x33, 0xCE, 0xC7, 0xC0, 0x89, 0x1C, 0x0B, 0x38, 0x9D, 0x4B, 0xAE, 0x3D, 0x5F,
    0x9A, 0x2C, 0xAD, 0x9E, 0x74, 0x96, 0xF3, 0x37, 0xA5, 0x46, 0x1D, 0x94, 0xBA, 0x64, 0x63, 0x55,
    0x28, 0x77, 0xC9, 0x87, 0xCA, 0xC8, 0xB7, 0xBF, 0x99, 0xAD, 0x34, 0xFA, 0x03, 0xF7, 0x90, 0x4A,
    0xD1, 0xC8, 0x98, 0xDC, 0x6C, 0x2E, 0x1A, 0x9D, 0x92, 0x9B, 0x4F, 0x44, 0x04, 0x2B, 0x7C, 0xB8,
    0x9C, 0x45, 0xE9, 0xDE, 0x97, 0x32, 0x61, 0xC4, 0x31, 0xD8, 0x6A, 0x93, 0x5A, 0x35, 0xA2, 0x1D,
    0xC7, 0x97, 0xCF, 0xC3, 0x78, 0x9C, 0x75, 0x93, 0xCD, 0x71, 0xC2, 0x30, 0x10, 0x85, 0x77, 0xC8,
    0x4C, 0x48, 0xC2, 0x4F, 0x52, 0x41, 0x4C, 0x07, 0xA4, 0x03, 0x4A, 0x80, 0x3B, 0x07, 0xE8, 0x20,
    0x25, 0x84, 0x0E, 0x42, 0x07, 0x29, 0x01, 0xEE, 0x1C, 0x42, 0x09, 0x74, 0x80, 0xE9, 0x80, 0x31,
    0x18, 0x30, 0x10, 0xBF, 0xAC, 0x24, 0x2C, 0xC9, 0x2B, 0xF3, 0x4E, 0xF2, 0x37, 0xFA, 0x79, 0x6F,
    0x77, 0x4D, 0x54, 0xE8, 0x03, 0x4E, 0xDF, 0xE4, 0xB4, 0xBC, 0xC3, 0x0F, 0xD5, 0xFC, 0x2D, 0xE7,
    0xEF, 0xDF, 0x85, 0xD1, 0xD0, 0xF1, 0xA9, 0xDA, 0xF7, 0x48, 0x81, 0x76, 0x98, 0x01, 0xF5, 0x90,
    0x5F, 0x11, 0xE5, 0x15, 0x7C, 0xCC, 0x9B, 0x73, 0x3C, 0x05, 0x7C, 0x83, 0x35, 0xFD, 0xE1, 0x39,
    0xE0, 0x19, 0x46, 0x7C, 0xD5, 0x8B, 0xC4, 0x1C, 0xB6, 0x59, 0xC5, 0x39, 0xEC, 0x03, 0x5D, 0xD0,
    0x90, 0x3C, 0xC5, 0x0F, 0xD1, 0x99, 0xCF, 0x08, 0xE5, 0x88, 0x14, 0x6F, 0x09, 0x3C, 0xD5, 0x91,
    0xB2, 0x80, 0x27, 0xEC, 0x92, 0xE8, 0x54, 0xD4, 0xC7, 0x96, 0xE7, 0x8A, 0xBE, 0xE6, 0xA2, 0x9C,
    0x03, 0x68, 0x27, 0x47, 0xC9, 0x63, 0xA0, 0x46, 0x5E, 0x07, 0x0A, 0x9E, 0x29, 0x97, 0x8A, 0x47,
    0xA5, 0x57, 0x3B, 0xC0, 0xBB, 0x09, 0xD1, 0x95, 0x61, 0x75, 0x43, 0xF6, 0x82, 0xA7, 0xDA, 0xA5,
    0xE2, 0x3D, 0x11, 0x16, 0xDA, 0x36, 0xB4, 0x5B, 0xAB, 0x89, 0x9B, 0x83, 0x51, 0x39, 0x6C, 0x35,
    0xBF, 0x38, 0xFE, 0xE9, 0x61, 0x0E, 0xDB, 0x36, 0xAB, 0x2D, 0xBE, 0x3C, 0x1E, 0xDB, 0xB1, 0xD9,
    0x96, 0xE6, 0xEF, 0x74, 0x73, 0x29, 0x78, 0xC7, 0xB9, 0x8B, 0x4D, 0x39, 0x8C, 0xE6, 0xB0, 0xDD,
    0x8E, 0x31, 0xF3, 0xC3, 0xEA, 0x5A, 0x2A, 0xAD, 0x6E, 0xF9, 0x58, 0x0D, 0x0E, 0x6B, 0x2F, 0xF5,
    0xFE, 0x80, 0xD7, 0x89, 0x75, 0x59, 0xE6, 0x89, 0x37, 0xDC, 0x73, 0x8F, 0xFF, 0x03, 0xC2, 0xE9,
    0x19, 0x42, 0x78, 0x9C, 0xAD, 0x52, 0xB1, 0x4E, 0x02, 0x41, 0x14, 0x7C, 0x48, 0x40, 0x11, 0x50,
    0x3B, 0x4B, 0xE8, 0x6C, 0xAF, 0x34, 0xA1, 0xB1, 0x22, 0xC1, 0x46, 0x7E, 0xC0, 0x48, 0xFC, 0x01,
    0xF9, 0x03, 0xF9, 0x03, 0x13, 0x3B, 0x2A, 0x12, 0x4B, 0x13, 0xA3, 0x25, 0x0D, 0xA1, 0x35, 0x21,
    0x70, 0xB4, 0x56, 0xF2, 0x07, 0x10, 0xAF, 0x00, 0xC2, 0xB1, 0xE3, 0xDB, 0x7D, 0xBB, 0xEE, 0x6D,
    0xEF, 0x24, 0x77, 0x7B, 0x73, 0x79, 0x6F, 0x67, 0xDE, 0xEC, 0x12, 0x11, 0x45, 0x43, 0x85, 0xD1,
    0x25, 0x09, 0x3A, 0x7B, 0x68, 0xDC, 0x1A, 0x52, 0x4F, 0x21, 0x38, 0xD6, 0x2C, 0xE1, 0x8F, 0xD9,
    0x44, 0x01, 0xDF, 0x39, 0x6E, 0x02, 0x96, 0xE7, 0x5C, 0xB1, 0x01, 0x2A, 0x44, 0x73, 0xA0, 0xA4,
    0x4B, 0x22, 0x85, 0x47, 0xA2, 0x2D, 0x06, 0xB2, 0x19, 0x77, 0xE4, 0xCE, 0x4C, 0x81, 0x46, 0x0F,
    0x38, 0xE4, 0x27, 0x2F, 0x8C, 0xFF, 0x57, 0x17, 0x18, 0x5B, 0x59, 0xDA, 0xA1, 0x96, 0xE0, 0xCE,
    0xB1, 0x35, 0x6E, 0xD6, 0x38, 0x75, 0xEC, 0xE5, 0xF5, 0x7A, 0x87, 0x2A, 0x79, 0xA4, 0x28, 0x67,
    0x98, 0x12, 0x6D, 0x0B, 0xE0, 0xE8, 0xDF, 0x59, 0xA8, 0x10, 0xAA, 0x87, 0xCE, 0x32, 0xAE, 0x9F,
    0xFB, 0xAD, 0x70, 0xA2, 0x15, 0xDE, 0x7D, 0x53, 0x8D, 0x93, 0x38, 0x10, 0xA2, 0x13, 0xAA, 0xC3,
    0x6D, 0xDA, 0x05, 0x8A, 0x9C, 0xE0, 0x93, 0xB0, 0x04, 0x4B, 0x93, 0xAE, 0x71, 0xC3, 0xE9, 0x3E,
    0x98, 0xE4, 0xE3, 0x02, 0x2F, 0x5B, 0x69, 0xD1, 0xA7, 0x32, 0x9D, 0xF0, 0x2B, 0x36, 0x25, 0x7B,
    0x7B, 0x62, 0x62, 0xB8, 0xAB, 0x0C, 0x69, 0x58, 0xD9, 0xF6, 0x17, 0xF0, 0x76, 0xF1, 0x67, 0xF6,
    0x0A, 0x27, 0x19, 0xEB, 0x3D, 0xC4, 0x45, 0xCF, 0x3E, 0xE4, 0x98, 0x1D, 0xEE, 0x95, 0xDC, 0x01,
    0x8B, 0x9F, 0xA0, 0x73, 0xE5, 0x87, 0x36, 0x93, 0xFA, 0x40, 0xDA, 0x9F, 0x7A, 0x1A, 0x87, 0x05,
    0xDC, 0xC5, 0x10, 0xA6, 0xC7, 0x70, 0xE8, 0x34, 0xAD, 0xDA, 0x2F, 0x44, 0x10, 0xB8, 0x9B, 0x78,
    0x9C, 0x63, 0x70, 0xE8, 0xE8, 0x60, 0x63, 0x80, 0x81, 0xBF, 0xFF, 0xE3, 0xE1, 0xEC, 0x87, 0xFF,
    0xDF, 0x33, 0xC2, 0xD8, 0x0A, 0xFF, 0xFE, 0x73, 0xC3, 0x25, 0x3E, 0xFF, 0xCF, 0x87, 0xB3, 0x1D,
    0xFE, 0xFF, 0x87, 0x2B, 0x62, 0xF8, 0x86, 0xA4, 0x28, 0xA0, 0x43, 0x82, 0x01, 0x1F, 0xF8, 0x8F,
    0x00, 0x1C, 0xB8, 0xD9, 0xFB, 0x77, 0x43, 0x01, 0x2B, 0x90, 0x8B, 0xA4, 0x77, 0x30, 0xB0, 0x61,
    0x00, 0x1F, 0x1B, 0xE6, 0xFE, 0xC1, 0xE2, 0x66, 0x64, 0x36, 0x72, 0xD8, 0x12, 0x8E, 0x0B, 0x00,
    0xFE, 0xC8, 0xB9, 0xA8, 0x78, 0x9C, 0x63, 0x60, 0x00, 0x81, 0x82, 0x8E, 0x0E, 0x26, 0x06, 0x28,
    0xF8, 0xF9, 0x7F, 0x3D, 0x8C, 0xE9, 0xF0, 0xFF, 0x3F, 0x17, 0x8C, 0xFD, 0xE0, 0xFF, 0x7E, 0x18,
    0x93, 0xE1, 0xD7, 0x7F, 0x1E, 0x84, 0x92, 0xF3, 0x70, 0xE1, 0x87, 0xFF, 0x65, 0xE1, 0xEC, 0x96,
    0x0A, 0x46, 0x06, 0x7C, 0xE0, 0x3F, 0x02, 0x70, 0xE0, 0x66, 0xEF, 0xDF, 0x0D, 0x05, 0xAC, 0x40,
    0x2E, 0x92, 0xDE, 0xC1, 0xC0, 0x86, 0x01, 0x7C, 0x6C, 0x98, 0xFB, 0x07, 0x8B, 0x9B, 0x91, 0xD9,
    0xC8, 0x61, 0x4B, 0x38, 0x2E, 0x00, 0xAD, 0x2B, 0xB9, 0x8B, 0x78, 0x9C, 0x63, 0x60, 0x60, 0x60,
    0x48, 0xE8, 0x60, 0x66, 0x80, 0x81, 0x6F, 0xFF, 0xF5, 0x60, 0xCC, 0x80, 0xFF, 0xFF, 0xEF, 0x33,
    0x42, 0xD9, 0x9F, 0xFF, 0xBF, 0xFE, 0xCF, 0x03, 0x61, 0x2A, 0xFC, 0x3B, 0x6F, 0xF0, 0x7F, 0x3D,
    0x84, 0x7D, 0xF1, 0xBF, 0x2C, 0xC3, 0x97, 0xFF, 0x1C, 0x60, 0xF6, 0x9F, 0xF7, 0x4C, 0x0C, 0x09,
    0xFF, 0xF3, 0x41, 0x4C, 0x83, 0x0E, 0x0B, 0x20, 0xD9, 0x5A, 0xC1, 0x80, 0x1B, 0xFC, 0x47, 0x00,
    0x0E, 0xDC, 0xEC, 0xFD, 0xBB, 0xA1, 0x80, 0xF5, 0x3F, 0xD4, 0x16, 0x88, 0xDE, 0xC1, 0xC0, 0x86,
    0x01, 0x7C, 0x6C, 0x98, 0xFB, 0x07, 0x8B, 0x9B, 0x91, 0xD9, 0xC8, 0x61, 0x4B, 0x38, 0x2E, 0x00,
    0xBD, 0xF3, 0xC0, 0xEE, 0x78, 0x9C, 0x63, 0x50, 0xF8, 0xA3, 0xC3, 0xC0, 0xC0, 0x70, 0xE8, 0x3C,
    0x13, 0x90, 0x3C, 0xF0, 0xFF, 0x3C, 0x90, 0xFC, 0xF3, 0x9F, 0x07, 0x48, 0x7E, 0xF8, 0xFF, 0x1F,
    0x48, 0xFE, 0xFF, 0xCF, 0x8F, 0x26, 0x8E, 0xAC, 0x9E, 0x08, 0xF0, 0x1F, 0x01, 0x38, 0x70, 0xB3,
    0xF7, 0xEF, 0x86, 0x02, 0x56, 0x20, 0x17, 0x49, 0xEF, 0x60, 0x60, 0xC3, 0x00, 0x3E, 0x36, 0xCC,
    0xFD, 0x83, 0xC5, 0xCD, 0xC8, 0x6C, 0xE4, 0xB0, 0x25, 0x1C, 0x17, 0x00, 0x7E, 0xEA, 0xBD, 0x4A,
    0x78, 0x9C, 0x2B, 0xE8, 0xE8, 0x60, 0x62, 0x60, 0x48, 0xF8, 0xFF, 0x9F, 0x97, 0x81, 0x81, 0xE1,
    0xFB, 0xFF, 0x7A, 0x20, 0x39, 0xE1, 0xFF, 0x7F, 0xA0, 0x10, 0xC3, 0xEF, 0xFF, 0x3C, 0x40, 0xF2,
    0xC0, 0xFF, 0x7C, 0x20, 0x29, 0xF0, 0xF7, 0x3F, 0x23, 0x90, 0x6A, 0xEC, 0x60, 0x61, 0x40, 0x05,
    0xFF, 0xFF, 0x73, 0x0C, 0x3F, 0x12, 0x00, 0xB6, 0xD0, 0x59, 0x19, 0x78, 0x9C, 0x63, 0x60, 0x48,
    0xE8, 0xE8, 0x60, 0x61, 0x60, 0xF8, 0xFC, 0xFF, 0x3E, 0x23, 0x03, 0xC3, 0xDF, 0xFF, 0xB2, 0x0C,
    0x0C, 0x0D, 0xFF, 0xDF, 0x33, 0x81, 0x04, 0xF4, 0x18, 0x40, 0x02, 0xCC, 0x0C, 0x0C, 0x05, 0xFF,
    0xFD, 0x81, 0xCC, 0x02, 0x90, 0x32, 0x14, 0xF0, 0xE1, 0x7F, 0xFF, 0xB0, 0x24, 0x01, 0x32, 0xCE,
    0x69, 0x61, 0x78, 0x9C, 0x63, 0x60, 0x50, 0xE8, 0x60, 0x63, 0x00, 0x81, 0x8B, 0xFF, 0xF3, 0xC1,
    0xF4, 0x9F, 0xFF, 0xFF, 0x59, 0x80, 0xD4, 0x86, 0xFF, 0xFB, 0xFF, 0xEB, 0x03, 0xE9, 0x9F, 0xFF,
    0x59, 0xFE, 0xBC, 0x67, 0x64, 0x28, 0x00, 0xCA, 0x5E, 0xFC, 0xCF, 0xC3, 0xF0, 0xF5, 0x3F, 0x27,
    0x83, 0xC2, 0xBF, 0xFD, 0x0C, 0xED, 0x15, 0x40, 0xB9, 0xE6, 0x0E, 0x26, 0x06, 0x0C, 0xF0, 0xE1,
    0x7F, 0xFF, 0x28, 0x8D, 0x93, 0x06, 0x00, 0xF2, 0x14, 0x70, 0xC8, 0x78, 0x9C, 0x3B, 0x74, 0x9E,
    0x89, 0x81, 0x41, 0xE1, 0x8F, 0xCE, 0x9F, 0xFF, 0x3C, 0x0C, 0x0C, 0x07, 0xFE, 0x9F, 0xFF, 0xFF,
    0x9F, 0x9F, 0x81, 0xE1, 0xC3, 0xFF, 0xFF, 0x30, 0xFE, 0x21, 0xA8, 0x3C, 0x03, 0x4E, 0xD0, 0xF0,
    0xFF, 0xFF, 0x28, 0x8D, 0x93, 0x06, 0x00, 0x8F, 0xCE, 0x6D, 0x94, 0x78, 0x9C, 0x63, 0x60, 0xF8,
    0x0F, 0x02, 0xEF, 0xD7, 0x8A, 0x31, 0x40, 0xC0, 0x7F, 0x28, 0xF0, 0x46, 0xE5, 0xFE, 0x97, 0x82,
    0x72, 0xF7, 0xEF, 0xDE, 0x7D, 0x07, 0xA4, 0x81, 0x19, 0xC2, 0xE5, 0x00, 0x92, 0x06, 0x3F, 0xFE,
    0xFF, 0xB7, 0x47, 0x70, 0x19, 0x04, 0x7E, 0xFD, 0xBF, 0x8F, 0xC4, 0x65, 0x68, 0xF8, 0xFF, 0x9F,
    0x0B, 0x89, 0xCB, 0xF0, 0xEB, 0xBF, 0x3F, 0x32, 0xF7, 0xE1, 0xFF, 0xF3, 0xC8, 0xDC, 0x84, 0xFF,
    0xFF, 0x99, 0x91, 0xB8, 0x02, 0xFF, 0xFF, 0x73, 0x22, 0x71, 0x81, 0x9A, 0x79, 0x91, 0xB9, 0xDF,
    0xFF, 0xCB, 0x23, 0x73, 0xBF, 0x80, 0x8C, 0x46, 0x70, 0x3F, 0xFD, 0xCF, 0x47, 0xE6, 0x7E, 0xFC,
    0x5F, 0x0F, 0xF5, 0x4D, 0x3D, 0x88, 0xFB, 0x01, 0x9D, 0xDB, 0x8F, 0xC6, 0xDD, 0xBD, 0x1B, 0xEC,
    0xDF, 0x68, 0xA8, 0x62, 0x64, 0xA3, 0xD0, 0xB8, 0x68, 0x16, 0xA1, 0x39, 0x03, 0xCD, 0x91, 0x7F,
    0x50, 0xBC, 0x80, 0xE6, 0xC1, 0x06, 0x54, 0xEF, 0x7F, 0xFA, 0xBF, 0x1F, 0x39, 0x70, 0xFE, 0xA0,
    0x04, 0xDD, 0x02, 0x94, 0x80, 0x55, 0xF8, 0x83, 0x1C, 0xEC, 0x0E, 0xBF, 0xFE, 0xFF, 0xD7, 0x43,
    0x89, 0xB2, 0xFB, 0x4C, 0x28, 0x11, 0xCA, 0x89, 0x12, 0xBF, 0x56, 0x0C, 0x08, 0xEE, 0xFB, 0x39,
    0xA2, 0x60, 0x0E, 0x00, 0x32, 0x75, 0xD3, 0xC5, 0x78, 0x9C, 0x85, 0xD1, 0xB1, 0x0D, 0xC2, 0x30,
    0x10, 0x85, 0xE1, 0x03, 0x14, 0x09, 0x89, 0x44, 0x4A, 0x49, 0xE9, 0x11, 0xA8, 0xA9, 0x32, 0x01,
    0x6C, 0x80, 0x98, 0x83, 0x06, 0x89, 0x05, 0x52, 0xD1, 0x50, 0xA5, 0xA4, 0x83, 0x11, 0xB2, 0x01,
    0x6C, 0x00, 0x23, 0x00, 0x12, 0x01, 0x09, 0x94, 0x47, 0x7C, 0x3E, 0x3B, 0xB9, 0x8A, 0x2B, 0x1C,
    0x7F, 0xCA, 0x5F, 0x58, 0x36, 0x91, 0x4C, 0xEA, 0x37, 0xDB, 0x55, 0xB3, 0xDC, 0x2F, 0x0E, 0x25,
    0xB0, 0x20, 0xAA, 0x44, 0x1F, 0x00, 0xD3, 0xAC, 0x3E, 0x30, 0x32, 0xB8, 0x99, 0xB3, 0x0A, 0xCC,
    0x26, 0xF6, 0xF7, 0x88, 0x75, 0x46, 0x44, 0x4B, 0xE0, 0xD4, 0x63, 0x5D, 0xD1, 0x7C, 0x37, 0xBB,
    0x88, 0xFE, 0x0C, 0x90, 0xF8, 0xED, 0x0D, 0x39, 0x90, 0x2B, 0x61, 0xA0, 0x94, 0x28, 0xE5, 0x4A,
    0xE8, 0x2B, 0xC5, 0x4A, 0xEB, 0x8E, 0xBE, 0x3E, 0x65, 0xED, 0x7D, 0xCA, 0x1A, 0xD7, 0x92, 0xB2,
    0x86, 0x4F, 0x49, 0x9D, 0x0A, 0x49, 0x9D, 0x52, 0x49, 0x9D, 0x48, 0x52, 0xD1, 0xD1, 0xA5, 0x22,
    0x49, 0x45, 0x54, 0x71, 0xEA, 0xE5, 0x52, 0xAF, 0x94, 0xCF, 0xEA, 0xE5, 0xD2, 0x20, 0x4E, 0x83,
    0x8C, 0x4D, 0x83, 0x38, 0x6D, 0xD5, 0xBC, 0x61, 0xDC, 0xCA, 0xA6, 0xAD, 0xE8, 0x05, 0x3C, 0x5A,
    0x95, 0xF6, 0x4A, 0x82, 0x8C, 0xBD, 0xAE, 0x20, 0x9B, 0x76, 0x54, 0x2A, 0x19, 0x25, 0x9B, 0x76,
    0x54, 0x2A, 0x19, 0x25, 0x7A, 0x23, 0xFF, 0x01, 0x32, 0xED, 0x11, 0x3B, 0x78, 0x9C, 0x95, 0x92,
    0x3D, 0x4E, 0xC3, 0x40, 0x10, 0x46, 0x27, 0xC8, 0xB1, 0xF9, 0x53, 0x70, 0x45, 0x03, 0x42, 0x74,
    0x20, 0x1A, 0x38, 0x82, 0x6F, 0x90, 0xDC, 0x00, 0x6E, 0xC0, 0x11, 0xA2, 0x74, 0x94, 0xDC, 0x80,
    0x13, 0x20, 0x28, 0xE9, 0xB8, 0x01, 0x20, 0x5A, 0x90, 0x80, 0x5C, 0x20, 0x12, 0x20, 0x4B, 0xC1,
    0xC9, 0x3E, 0xC6, 0xBB, 0xD9, 0x78, 0xD7, 0x05, 0x12, 0x53, 0xAC, 0xF7, 0x79, 0xEC, 0xDD, 0xF9,
    0xBE, 0x19, 0x11, 0xF9, 0x80, 0x4C, 0x9A, 0xD8, 0x87, 0xE3, 0x00, 0xE5, 0x9B, 0xFB, 0x10, 0xCF,
    0xA0, 0x1B, 0xF2, 0x94, 0xBD, 0x10, 0x6F, 0xB9, 0x09, 0x51, 0xE6, 0x24, 0x21, 0x8E, 0x2E, 0xA2,
    0x9F, 0xFF, 0x8A, 0x93, 0x3B, 0xC3, 0xF5, 0xB6, 0xA7, 0xC1, 0x9C, 0x3A, 0x8E, 0x1C, 0xE5, 0x15,
    0x2E, 0x52, 0x8B, 0x63, 0xDD, 0x3D, 0xBC, 0xEA, 0x72, 0x65, 0x93, 0x06, 0x0E, 0x44, 0x8A, 0x1F,
    0x58, 0xB5, 0x15, 0xB1, 0x53, 0xBF, 0x2E, 0x0C, 0x7D, 0x7D, 0x94, 0x5E, 0xCE, 0x17, 0x93, 0x8E,
    0x88, 0xA1, 0xB7, 0xB8, 0xA0, 0xFE, 0x3A, 0x10, 0x57, 0x69, 0xE2, 0x89, 0xB7, 0xC6, 0x85, 0x53,
    0xF9, 0x64, 0xE8, 0xF1, 0x5D, 0x65, 0x96, 0x8D, 0x4F, 0x97, 0xA0, 0x46, 0x6C, 0x79, 0xD4, 0x63,
    0x56, 0x66, 0x6C, 0x2C, 0x95, 0x40, 0x62, 0x58, 0xF7, 0xA8, 0x06, 0xA7, 0xB0, 0xE6, 0x31, 0x57,
    0xFB, 0x5D, 0xA5, 0x2E, 0x74, 0xFF, 0x1F, 0xCC, 0xE2, 0xA3, 0xD2, 0xF8, 0xA2, 0xEE, 0x8C, 0xCD,
    0xB0, 0x8C, 0xB8, 0xC8, 0x4E, 0x24, 0x61, 0xD2, 0x16, 0x18, 0xC9, 0x3F, 0x6F, 0x9B, 0xD3, 0x58,
    0x57, 0xD8, 0x8A, 0x4A, 0x1E, 0x1D, 0x8E, 0xAD, 0xB1, 0x6A, 0xFB, 0xAE, 0x4D, 0x1A, 0x75, 0xCE,
    0x35, 0xE5, 0xD0, 0x35, 0xC5, 0x96, 0xFB, 0x5C, 0xB7, 0xEC, 0x45, 0x17, 0x37, 0x2E, 0xCB, 0x86,
    0x2E, 0x26, 0x31, 0x6E, 0x77, 0x34, 0x0C, 0xBF, 0x9D, 0xAD, 0xCC, 0x0C, 0x78, 0x9C, 0x95, 0x92,
    0x3F, 0x4E, 0x42, 0x41, 0x10, 0xC6, 0x07, 0x22, 0x3C, 0xFC, 0x13, 0xA5, 0xB2, 0xC1, 0x18, 0x3B,
    0x8D, 0x8D, 0x1C, 0x81, 0x1B, 0x48, 0x69, 0x07, 0x37, 0xE0, 0x08, 0x96, 0xB6, 0xDE, 0x80, 0x13,
    0x18, 0x2C, 0xED, 0xBC, 0x81, 0x1A, 0x5B, 0x4D, 0x54, 0x2E, 0x40, 0xA2, 0x86, 0x04, 0x1E, 0xEC,
    0xCF, 0x61, 0x27, 0xEF, 0xED, 0x2E, 0x15, 0x7E, 0xC5, 0x66, 0x7F, 0x99, 0x97, 0x79, 0xDF, 0x37,
    0xB3, 0x22, 0xA6, 0x9C, 0x91, 0x04, 0x75, 0x61, 0x37, 0xC2, 0x2F, 0x3E, 0x22, 0x92, 0x39, 0xC7,
    0x11, 0x75, 0xA0, 0x1A, 0xE1, 0x27, 0x97, 0xF1, 0xB7, 0x33, 0x6A, 0x31, 0xDE, 0x5C, 0xC9, 0xA6,
    0x6A, 0x3F, 0x38, 0xEE, 0x0E, 0x4B, 0x47, 0x4B, 0x56, 0x3A, 0x37, 0x6A, 0xE6, 0x98, 0xEA, 0x1E,
    0xC7, 0x7A, 0x7B, 0x7A, 0xD7, 0x63, 0xE8, 0x8B, 0x0E, 0x4E, 0xD5, 0xD7, 0x1C, 0x1A, 0x8A, 0xF7,
    0xD0, 0xF2, 0x3E, 0x9D, 0x77, 0x36, 0xE5, 0xD1, 0x7A, 0xFC, 0x30, 0xA9, 0x88, 0x38, 0xF6, 0xCB,
    0xC8, 0x0D, 0xE9, 0x53, 0xDA, 0xCD, 0xB5, 0xF0, 0x12, 0x72, 0xFF, 0xD2, 0x93, 0x6F, 0xAE, 0x43,
    0xCA, 0x91, 0x76, 0xBA, 0x28, 0xF0, 0x16, 0x34, 0xE9, 0x41, 0x81, 0xDA, 0xA6, 0xBA, 0x08, 0x13,
    0x6C, 0xC3, 0x96, 0x63, 0xA7, 0xC0, 0x13, 0xB5, 0x0D, 0xDB, 0x05, 0x36, 0x21, 0x33, 0xA7, 0x26,
    0xBD, 0xFF, 0x07, 0xB3, 0xB4, 0x55, 0x3D, 0xFD, 0x51, 0x6D, 0xC1, 0x5E, 0x6C, 0x23, 0x35, 0x59,
    0x49, 0x22, 0x4C, 0xD6, 0x03, 0x26, 0xF1, 0x07, 0xEB, 0xC3, 0x09, 0xA3, 0xEB, 0x78, 0x47, 0x53,
    0x9E, 0x0D, 0xC7, 0x7E, 0xB0, 0x3A, 0xF6, 0x23, 0x5F, 0x74, 0x3A, 0x39, 0x5B, 0xCA, 0x99, 0x2D,
    0xC5, 0xDB, 0x7D, 0x5D, 0xAD, 0xEC, 0x4D, 0x0F, 0x7B, 0x76, 0xE5, 0x42, 0x33, 0xEB, 0x91, 0xAE,
    0x3B, 0x79, 0x0C, 0x7F, 0xD7, 0x88, 0xCB, 0x64, 0x78, 0x9C, 0x9D, 0x92, 0xBB, 0x4D, 0x03, 0x41,
    0x10, 0x86, 0xC7, 0x80, 0x7D, 0x3C, 0x2C, 0x70, 0x44, 0x02, 0x42, 0x64, 0x20, 0x02, 0xB8, 0x12,
    0xAE, 0x03, 0xE8, 0x00, 0x3A, 0x70, 0x09, 0xB4, 0x40, 0x07, 0xAE, 0xC0, 0x82, 0x90, 0xCC, 0x1D,
    0x80, 0x45, 0x0A, 0x12, 0xC8, 0x0D, 0x58, 0xC2, 0x70, 0x02, 0x6C, 0xF6, 0xF3, 0xEC, 0xEB, 0xCE,
    0xEB, 0x0C, 0x26, 0xD8, 0xDB, 0xEF, 0x76, 0x35, 0xF3, 0xCF, 0x3F, 0x2B, 0x62, 0xE3, 0x8B, 0x55,
    0xA9, 0xE3, 0x0A, 0x0E, 0x16, 0xF0, 0x13, 0x5E, 0x6B, 0xCA, 0x19, 0x4C, 0xD8, 0xAA, 0x70, 0x44,
    0xBB, 0xE0, 0x36, 0x52, 0xC7, 0x8C, 0x1B, 0x7A, 0x7F, 0x3D, 0xE0, 0x90, 0x53, 0x9B, 0xAD, 0x2B,
    0xFF, 0x89, 0xFC, 0xDE, 0xD0, 0xDF, 0x8D, 0x74, 0xF1, 0x8B, 0x8D, 0x93, 0x50, 0x67, 0x8A, 0x8F,
    0x56, 0x10, 0x01, 0x0F, 0x2F, 0xBA, 0xF4, 0xBC, 0x08, 0x38, 0x12, 0x29, 0x7E, 0x70, 0x42, 0xEE,
    0x60, 0xCF, 0xFE, 0x2E, 0x0C, 0xE7, 0xFA, 0x29, 0x19, 0xF8, 0x1C, 0x13, 0x54, 0xAB, 0x18, 0xB6,
    0x43, 0x01, 0x7B, 0x5B, 0x3B, 0x6F, 0x86, 0x82, 0x53, 0x3D, 0x18, 0xD6, 0x8D, 0x7F, 0x70, 0x29,
    0xEF, 0x5C, 0x47, 0x7C, 0xD3, 0x9E, 0x4B, 0xCE, 0x22, 0xDE, 0x80, 0x7C, 0xB3, 0x13, 0x51, 0xD3,
    0xAC, 0xCC, 0x6A, 0x93, 0x72, 0x58, 0x33, 0x6C, 0x46, 0x3C, 0x54, 0xD9, 0xB0, 0x11, 0xB1, 0x03,
    0x19, 0x95, 0x65, 0x22, 0xBA, 0xFF, 0x0B, 0x66, 0x69, 0xAA, 0x56, 0x5A, 0xA8, 0x39, 0xA3, 0xBD,
    0x28, 0x23, 0x15, 0xD9, 0x48, 0x5A, 0x18, 0x2F, 0x37, 0x98, 0xB4, 0xDF, 0x5D, 0x36, 0xA7, 0xB6,
    0xAE, 0x70, 0x8A, 0x4A, 0x1E, 0x3D, 0x8E, 0x9C, 0xB1, 0x6A, 0xFB, 0xBE, 0x3B, 0x34, 0xEA, 0x9C,
    0x1F, 0xCA, 0xB1, 0x1F, 0x8A, 0x93, 0xFB, 0x64, 0x47, 0xF6, 0xAC, 0x8B, 0x7F, 0x3B, 0xD5, 0x40,
    0x33, 0x9F, 0x23, 0x1D, 0x77, 0xF2, 0x18, 0xE6, 0x29, 0x24, 0xD2, 0x15, 0x78, 0x9C, 0x95, 0x92,
    0x3F, 0x4E, 0x42, 0x41, 0x10, 0xC6, 0x07, 0x04, 0x9E, 0xFC, 0x89, 0x50, 0xD1, 0x60, 0x41, 0x87,
    0xB1, 0x81, 0x23, 0xBC, 0x8A, 0xCE, 0xF0, 0x0E, 0x40, 0xA2, 0x95, 0xAD, 0xDC, 0x80, 0x2B, 0x78,
    0x03, 0x13, 0x7B, 0x85, 0xD2, 0x8E, 0x1B, 0x08, 0xA1, 0x85, 0x04, 0xC2, 0x05, 0x48, 0xD4, 0x60,
    0x84, 0xC7, 0x7E, 0xCC, 0xEE, 0xBC, 0xC1, 0x2C, 0x1D, 0x53, 0x6C, 0xF6, 0xB7, 0xF3, 0xF2, 0xCD,
    0x37, 0x33, 0x8F, 0x48, 0xA3, 0x7D, 0x91, 0x5C, 0x5E, 0x4D, 0x97, 0xA8, 0x8E, 0x2B, 0xA1, 0x16,
    0x80, 0x3B, 0x1A, 0xA2, 0x24, 0xB8, 0x64, 0xC4, 0xA7, 0xC1, 0xA5, 0xE0, 0xAF, 0xBD, 0x03, 0xEB,
    0x94, 0x60, 0x3C, 0xA2, 0x88, 0xB9, 0x93, 0x28, 0x99, 0x26, 0x51, 0x6F, 0xFF, 0xAE, 0xC2, 0x8F,
    0x39, 0x3A, 0x23, 0x5A, 0x1F, 0x06, 0x6F, 0x55, 0xA5, 0x68, 0x6F, 0x0B, 0xE3, 0x56, 0xA8, 0xB2,
    0x83, 0x84, 0x28, 0xAE, 0xAC, 0xA7, 0x39, 0x1F, 0x2F, 0x2E, 0xC9, 0x0E, 0x1A, 0x44, 0xE1, 0x16,
    0xCE, 0xE5, 0x10, 0xA8, 0xD9, 0xE7, 0xD0, 0x38, 0x5F, 0x1B, 0x8C, 0x44, 0xE3, 0xDB, 0xB9, 0x36,
    0xDA, 0x67, 0x64, 0xBF, 0x7E, 0x00, 0xB2, 0x49, 0xC1, 0x1D, 0x27, 0x26, 0x58, 0x68, 0xFD, 0x1F,
    0xDC, 0xD3, 0x17, 0xFA, 0x8A, 0x4B, 0x0C, 0x58, 0xA9, 0xA9, 0xF8, 0x0C, 0xD0, 0x1F, 0xCA, 0x8A,
    0x2C, 0x93, 0x8E, 0x51, 0x3C, 0x76, 0x02, 0x64, 0x0C, 0x0A, 0x8A, 0x75, 0xB6, 0x0D, 0xE4, 0x15,
    0x2B, 0x40, 0x00, 0x9D, 0x27, 0x07, 0xDF, 0xCF, 0xC1, 0xC0, 0x97, 0xCA, 0xF9, 0x85, 0xB2, 0xB1,
    0x2E, 0x4E, 0x6C, 0xF8, 0x26, 0x53, 0x5E, 0x0B, 0xEB, 0xD3, 0x06, 0xBD, 0xF6, 0x9F, 0x4E, 0x87,
    0xF3, 0x3F, 0xBA, 0xD0, 0x39, 0xDA, 0x60, 0x2C, 0xB8, 0x72, 0x83, 0xE5, 0xB1, 0x5F, 0xBB, 0xA4,
    0xE1, 0xC9, 0xC9, 0x52, 0x6E, 0x64, 0x29, 0xCE, 0xEE, 0xD4, 0xAE, 0x6C, 0xC6, 0xC7, 0x40, 0x9C,
    0xEB, 0x42, 0x03, 0xD1, 0xF0, 0xD7, 0xED, 0xFD, 0x0C, 0x07, 0xAE, 0xEB, 0xDB, 0x54, 0x78, 0x9C,
    0x95, 0x52, 0x41, 0x8E, 0x01, 0x51, 0x10, 0xFD, 0x04, 0x8D, 0x11, 0xAC, 0x66, 0xC3, 0xC2, 0x8E,
    0xC8, 0x24, 0x1C, 0xA1, 0x6F, 0xC0, 0x0D, 0xB8, 0x81, 0x23, 0xB8, 0xC2, 0xDC, 0xC0, 0x09, 0x84,
    0xA5, 0x1D, 0x27, 0x30, 0x13, 0x5B, 0x92, 0x99, 0xB8, 0x00, 0x41, 0x24, 0x68, 0xFF, 0xA9, 0xFE,
    0xF5, 0x0B, 0xBF, 0x63, 0xA3, 0x16, 0xD5, 0xFF, 0x75, 0x75, 0x57, 0xBD, 0x7A, 0xEF, 0x2B, 0xA5,
    0x2A, 0xC1, 0x97, 0x4D, 0x26, 0x66, 0xF8, 0xB1, 0xC9, 0xC4, 0x16, 0xB0, 0xE9, 0x55, 0x35, 0xF2,
    0xEF, 0x7B, 0xD1, 0x9C, 0x68, 0x0C, 0x3F, 0x05, 0xB5, 0xAF, 0x08, 0xA3, 0xCE, 0xA8, 0x78, 0x01,
    0x47, 0xCA, 0xC0, 0x35, 0x9D, 0xE6, 0x2B, 0x4A, 0x03, 0x53, 0xD4, 0x40, 0x55, 0x29, 0xFF, 0x0C,
    0xA4, 0x09, 0x8E, 0x81, 0x52, 0xF8, 0xDA, 0xD7, 0x68, 0xD1, 0xE3, 0x88, 0x29, 0xF7, 0xD8, 0x63,
    0x13, 0x53, 0x4A, 0x23, 0x6F, 0x07, 0x84, 0x5F, 0x77, 0x81, 0xA4, 0x1D, 0x78, 0xA1, 0xC2, 0x2F,
    0xFE, 0x64, 0xFE, 0x01, 0x1D, 0xB5, 0x43, 0x5F, 0xE0, 0x3F, 0x46, 0xD4, 0xA9, 0x21, 0xF0, 0x9B,
    0x14, 0x38, 0xA1, 0x20, 0x90, 0xDA, 0xC4, 0x03, 0x7C, 0xDC, 0x37, 0x01, 0x12, 0x1A, 0x59, 0x81,
    0x15, 0xA2, 0x0D, 0x64, 0x04, 0x16, 0x01, 0x8F, 0x99, 0x72, 0xD0, 0xF9, 0x1D, 0xE8, 0xB9, 0xAD,
    0x52, 0xEE, 0xA0, 0x64, 0x80, 0xDC, 0x33, 0x0D, 0x97, 0x64, 0xCC, 0x59, 0x61, 0x13, 0x5D, 0xD0,
    0x59, 0xBF, 0x17, 0x15, 0xE7, 0x21, 0x9D, 0x6F, 0x18, 0x1D, 0xC5, 0xF6, 0xB5, 0x11, 0x96, 0x64,
    0x2F, 0x9B, 0xA2, 0x26, 0xE5, 0xD8, 0x94, 0x1A, 0x9B, 0x62, 0xE8, 0x2E, 0x42, 0xCB, 0x96, 0x94,
    0x46, 0xCC, 0x5C, 0x0C, 0xF5, 0xB8, 0x87, 0x6B, 0xB7, 0x73, 0x19, 0x6E, 0xDD, 0x31, 0xCF, 0x76,
    0x78, 0x9C, 0x3D, 0x8F, 0xD1, 0x0D, 0x01, 0x51, 0x10, 0x45, 0x2F, 0x2B, 0x24, 0xF8, 0xD8, 0x06,
    0x24, 0x7E, 0xFC, 0x0A, 0x0D, 0x50, 0x02, 0x25, 0xE8, 0x80, 0x0E, 0xF8, 0x51, 0x07, 0x89, 0x06,
    0x74, 0xB0, 0xAB, 0x01, 0x1B, 0x15, 0x48, 0x28, 0xC0, 0x8F, 0xD8, 0x8D, 0x5D, 0xAE, 0xFB, 0xE6,
    0xBD, 0x98, 0xE4, 0x65, 0x4E, 0xEE, 0x99, 0xCC, 0xE4, 0x61, 0x0C, 0x5F, 0x23, 0xBD, 0x2A, 0xF2,
    0xAC, 0x9E, 0x72, 0x62, 0x98, 0x72, 0x8A, 0x82, 0x8F, 0xBA, 0xE3, 0x92, 0x57, 0x1C, 0xC9, 0xA1,
    0xD0, 0xB7, 0xCA, 0x44, 0x49, 0x46, 0x6E, 0x50, 0xC9, 0x9E, 0x1A, 0x87, 0x17, 0x6F, 0x8B, 0x81,
    0x13, 0x79, 0x0E, 0x31, 0xE2, 0x0F, 0x55, 0x0D, 0x7F, 0xE5, 0x22, 0x9C, 0x85, 0xEB, 0xB1, 0xB8,
    0x19, 0x78, 0x23, 0xEE, 0x05, 0x2E, 0xC4, 0x59, 0xED, 0x1F, 0x93, 0x5D, 0xE3, 0x9C, 0x1C, 0x7C,
    0x99, 0x39, 0x5C, 0x91, 0x4B, 0xDC, 0xBC, 0xC8, 0xDD, 0x92, 0xBE, 0x89, 0x85, 0x8B, 0xE1, 0x44,
    0x07, 0x2F, 0xB2, 0x25, 0x96, 0x48, 0xF0, 0xE4, 0xDA, 0x36, 0xDC, 0xB9, 0xC3, 0xDC, 0x62, 0x7D,
    0x9D, 0x6D, 0x60, 0x1B, 0x2E, 0x1E, 0x80, 0x1F, 0x25, 0xDA, 0x69, 0x28, 0x78, 0x9C, 0x4D, 0x92,
    0x3D, 0x4E, 0xC3, 0x40, 0x14, 0x84, 0x77, 0xC1, 0xE0, 0xF0, 0x23, 0xE3, 0x06, 0x24, 0x44, 0x41,
    0x3A, 0x10, 0x4D, 0x7C, 0x03, 0xB8, 0x01, 0x69, 0xD2, 0xD0, 0x24, 0x37, 0x08, 0x37, 0x80, 0x8A,
    0x96, 0x5C, 0x00, 0x29, 0x17, 0x40, 0xA6, 0x83, 0x2E, 0x9C, 0x00, 0xD2, 0x53, 0x24, 0xCA, 0x05,
    0x2C, 0x22, 0x63, 0x64, 0x63, 0xEF, 0xF0, 0x7E, 0x1C, 0xC3, 0x2B, 0xBC, 0xFB, 0x79, 0xBD, 0xB3,
    0x6F, 0x66, 0x6D, 0xCC, 0x5F, 0x8D, 0xB1, 0xCD, 0x43, 0xF4, 0xE2, 0x92, 0x87, 0x7D, 0x63, 0xD2,
    0xC4, 0x12, 0x75, 0x2B, 0x70, 0x1D, 0x1A, 0x37, 0x24, 0x0A, 0x7F, 0xA0, 0x75, 0x87, 0x5D, 0xC2,
    0x05, 0xCD, 0xDE, 0x3E, 0xE4, 0xC5, 0x1A, 0x2D, 0x3A, 0xE0, 0x84, 0xF6, 0x17, 0xC0, 0x3D, 0x2D,
    0x3E, 0x01, 0x47, 0xAC, 0x77, 0xE1, 0xD0, 0xA7, 0x21, 0xC3, 0x44, 0x8F, 0x49, 0x91, 0xD0, 0xD3,
    0x21, 0x50, 0x24, 0x45, 0xDF, 0x0C, 0x80, 0x0D, 0xA1, 0x2E, 0x49, 0x05, 0x66, 0x8A, 0x99, 0x2E,
    0xCE, 0x91, 0xD3, 0xE6, 0x25, 0x6E, 0x14, 0xF3, 0xC9, 0x1C, 0x31, 0x29, 0x75, 0x84, 0x22, 0x74,
    0x46, 0xA4, 0x95, 0x63, 0x4F, 0x70, 0x0A, 0x9F, 0x64, 0x6C, 0x89, 0x1D, 0xC1, 0xEF, 0x19, 0x7D,
    0x00, 0xCF, 0xA9, 0xA9, 0x36, 0xCE, 0x4D, 0x08, 0x6C, 0x02, 0x5B, 0x46, 0x7A, 0xA3, 0x81, 0x0E,
    0x06, 0x5A, 0x8C, 0x19, 0x77, 0xD4, 0x60, 0xE8, 0xFA, 0x82, 0x2D, 0xC5, 0xB1, 0x08, 0x36, 0x98,
    0xC2, 0xEA, 0xC7, 0x4E, 0xA4, 0x2A, 0x6E, 0x8D, 0x95, 0x2B, 0x3E, 0xE8, 0x56, 0x62, 0x69, 0x93,
    0x9B, 0x92, 0x67, 0x4B, 0xAC, 0x4B, 0x9F, 0xF0, 0x72, 0xB6, 0x5B, 0x72, 0x2C, 0xEC, 0xD5, 0xB2,
    0x85, 0x81, 0x26, 0xC0, 0x16, 0xD8, 0xE0, 0x27, 0x3C, 0x75, 0x1C, 0x9B, 0x57, 0xB2, 0x5F, 0xC4,
    0x75, 0x58, 0x43, 0x73, 0x0D, 0xF4, 0x70, 0x5C, 0x87, 0x15, 0x70, 0x74, 0x74, 0x9C, 0x24, 0x2B,
    0x1D, 0x65, 0xC0, 0xBB, 0x2C, 0x2E, 0xC0, 0x37, 0x46, 0xB1, 0x5F, 0xFE, 0x8B, 0x9D, 0x2F, 0xE5,
    0x94, 0xA8, 0xA8, 0x9D, 0xE7, 0xAB, 0x2B, 0x8B, 0x35, 0x96, 0x55, 0xF9, 0x1A, 0xCB, 0x55, 0x29,
    0x74, 0x26, 0x82, 0x5F, 0x89, 0x8D, 0x9E, 0x2B, 0x3C, 0x1E, 0x08, 0x85, 0xF2, 0x07, 0x34, 0x35,
    0xAA, 0x73, 0xAE, 0xEB, 0x17, 0x19, 0xBB, 0xEF, 0x02, 0x78, 0x9C, 0xED, 0xD2, 0xBF, 0x0E, 0xC1,
    0x50, 0x14, 0xC7, 0xF1, 0x23, 0xA4, 0x41, 0x9A, 0x30, 0xDA, 0x78, 0x01, 0x61, 0xB5, 0x88, 0xD1,
    0x56, 0x6F, 0xA0, 0x4F, 0xC0, 0x23, 0x74, 0xED, 0xE6, 0x15, 0xBC, 0x45, 0x57, 0xBB, 0xC4, 0x68,
    0xAD, 0x78, 0x01, 0x04, 0xA1, 0xD4, 0xFD, 0xEA, 0x9F, 0xAB, 0xED, 0x64, 0x30, 0xFB, 0x0D, 0x37,
    0xBF, 0x4F, 0xCE, 0xC9, 0x9D, 0x8E, 0xC8, 0xC4, 0x75, 0x0D, 0xF9, 0xA4, 0xA9, 0xB0, 0x32, 0xC8,
    0x9E, 0x43, 0x29, 0x43, 0x1F, 0xEA, 0xF9, 0xE8, 0xC2, 0x34, 0x87, 0x5D, 0xDC, 0x93, 0x5B, 0x71,
    0xCF, 0x76, 0x5B, 0xF2, 0x3D, 0x50, 0xD5, 0xED, 0xC8, 0xE2, 0x8F, 0x9F, 0xE0, 0x28, 0x6A, 0x1A,
    0x27, 0xE6, 0x21, 0xA6, 0xC6, 0x19, 0x2B, 0xA0, 0xA1, 0x71, 0xA7, 0x7D, 0xC5, 0xD1, 0x50, 0x98,
    0x3B, 0x28, 0x27, 0x7D, 0x09, 0x86, 0x0D, 0xC3, 0x04, 0x01, 0xBE, 0xC8, 0x13, 0x06, 0xD1, 0x31,
    0x6C, 0xA1, 0x27, 0xB2, 0x02, 0xFC, 0xB5, 0x8A, 0xDE, 0x4A, 0x34, 0x7F, 0x90, 0xA6, 0x1B, 0x2F,
    0x8F, 0xC2, 0xA4, 0xCF, 0xD2, 0x3F, 0x3B, 0xDE, 0x8B, 0xCD, 0x38, 0x6E, 0x6F, 0x59, 0x81, 0xBF,
    0xD8, 0x78, 0x9C, 0x63, 0x60, 0x00, 0x83, 0xC2, 0x8E, 0x0E, 0x26, 0x06, 0x18, 0xF8, 0xF5, 0x7F,
    0x3E, 0x9C, 0x1D, 0xF0, 0xFF, 0x3F, 0x17, 0x9C, 0xF3, 0xF0, 0xFF, 0x7A, 0x38, 0x9B, 0xE1, 0xF7,
    0x7F, 0x6E, 0x38, 0x3B, 0xE1, 0xFF, 0x79, 0x84, 0xC4, 0xC7, 0xFF, 0x3C, 0x08, 0x4E, 0x4B, 0x05,
    0x23, 0x03, 0x7E, 0xF0, 0xFF, 0x3F, 0x07, 0x94, 0xF5, 0xE1, 0x7F, 0xFF, 0x28, 0x87, 0x2C, 0x4E,
    0xFD, 0xBF, 0xFF, 0x9C, 0x50, 0xCE, 0xC7, 0xFF, 0xF9, 0x7F, 0xE0, 0x11, 0xF0, 0xF9, 0xBF, 0xFF,
    0xCF, 0xFF, 0xFC, 0x50, 0xCE, 0x8F, 0xFF, 0xF2, 0x5F, 0xFF, 0xD7, 0x43, 0x39, 0xFF, 0xFE, 0xF3,
    0x3C, 0xF8, 0xFF, 0x9F, 0x19, 0xCC, 0x5E, 0xF0, 0xFF, 0x3F, 0x5B, 0xC2, 0xFF, 0xFF, 0x76, 0x60,
    0xCE, 0xCF, 0xFF, 0xF7, 0x41, 0x71, 0xFB, 0xDF, 0x92, 0x81, 0x41, 0xE0, 0xDA, 0xFF, 0xFF, 0xFA,
    0x0C, 0x0C, 0x07, 0xFE, 0xFF, 0xFF, 0x7F, 0xFF, 0xF4, 0x3F, 0x20, 0xC9, 0xC2, 0x00, 0x4A, 0x1C,
    0x10, 0xA0, 0x0B, 0x52, 0xEC, 0xF0, 0x07, 0xCC, 0xCE, 0x83, 0x98, 0xA9, 0xB0, 0xFD, 0xEF, 0xFF,
    0x73, 0x1E, 0x20, 0x16, 0x00, 0xBA, 0x64, 0xBF, 0x9A, 0x78, 0x9C, 0xED, 0x91, 0x3D, 0x0E, 0x01,
    0x41, 0x18, 0x40, 0x3F, 0x3F, 0x11, 0x92, 0x4D, 0xEC, 0x05, 0xC4, 0x5E, 0x00, 0xB5, 0x46, 0x94,
    0x3A, 0x8E, 0xB0, 0x27, 0xC0, 0x0D, 0x56, 0xA9, 0x73, 0x04, 0x6E, 0xA1, 0xA4, 0x97, 0x28, 0x45,
    0xB7, 0x9C, 0x00, 0x11, 0xB2, 0xCB, 0xEE, 0x3C, 0x6B, 0x76, 0x6C, 0x2D, 0x6A, 0xAF, 0x98, 0xBC,
    0x97, 0x6F, 0xE6, 0x6B, 0x46, 0x24, 0xC1, 0x9D, 0xE6, 0x25, 0x23, 0xA4, 0x99, 0xF9, 0x04, 0x4E,
    0xB9, 0x4F, 0x04, 0xEC, 0xA9, 0x19, 0x1F, 0xE3, 0xD9, 0xB1, 0x6F, 0x46, 0x77, 0xCA, 0x72, 0xC4,
    0xD2, 0x3E, 0x60, 0x2E, 0xE2, 0xA8, 0x95, 0x7C, 0x0D, 0xC9, 0xEB, 0x94, 0x33, 0xB3, 0x7F, 0xFC,
    0x14, 0x9E, 0xA2, 0x62, 0xE2, 0xC2, 0x28, 0x32, 0x7F, 0x21, 0x72, 0xA5, 0x1F, 0x52, 0x35, 0x11,
    0x50, 0xBF, 0xE1, 0x99, 0x50, 0x58, 0x07, 0x28, 0x68, 0x5F, 0x40, 0xC9, 0x85, 0x8E, 0x8E, 0x10,
    0x5F, 0xE4, 0x09, 0x6D, 0x11, 0x7B, 0x07, 0x2D, 0x91, 0x35, 0xE0, 0x6F, 0x54, 0x72, 0x16, 0x93,
    0xF9, 0x83, 0x94, 0xC6, 0xFB, 0x72, 0x37, 0xD2, 0x3E, 0x4C, 0x77, 0x3A, 0xCB, 0x98, 0x6D, 0xEF,
    0x6D, 0x2F, 0xE5, 0x39, 0xC5, 0x64, 0x78, 0x9C, 0xED, 0x91, 0x3D, 0x0E, 0x01, 0x51, 0x14, 0x85,
    0x6F, 0x10, 0x21, 0x99, 0x84, 0x1D, 0x98, 0x05, 0x10, 0xB5, 0x46, 0x94, 0x3A, 0x5B, 0xB0, 0x02,
    0x96, 0x30, 0x4B, 0xB0, 0x05, 0xBB, 0xD0, 0x8A, 0x56, 0x62, 0x3A, 0xED, 0x58, 0xC2, 0x88, 0x48,
    0x0C, 0xCF, 0xFB, 0xDC, 0xF7, 0xD3, 0x88, 0x46, 0xD4, 0x4E, 0x71, 0x72, 0xBE, 0xDC, 0x9F, 0xE6,
    0x88, 0xA4, 0xA6, 0x2F, 0x22, 0xBB, 0xBC, 0xA6, 0x2E, 0x5B, 0x72, 0x75, 0x43, 0xE2, 0xA0, 0x04,
    0x75, 0xE8, 0x7C, 0x4C, 0xDE, 0x6E, 0xBE, 0x12, 0xB4, 0x62, 0x2A, 0x59, 0xFD, 0xE1, 0x27, 0xC8,
    0x2C, 0xED, 0x08, 0x67, 0x96, 0xB1, 0x0A, 0xD5, 0x85, 0x59, 0x15, 0x4A, 0x52, 0xDD, 0xE8, 0x5D,
    0xC9, 0x22, 0x58, 0x92, 0x13, 0xD4, 0x7D, 0x5E, 0x43, 0x73, 0x0E, 0x63, 0x0F, 0x15, 0x85, 0xC8,
    0x03, 0x46, 0x22, 0xDD, 0x23, 0x0C, 0x5D, 0xBF, 0x50, 0xEC, 0xAD, 0x7A, 0x43, 0xE7, 0x77, 0x82,
    0x06, 0x6E, 0x79, 0x62, 0x7C, 0x5E, 0x84, 0x9F, 0xE9, 0xE6, 0xC9, 0x61, 0xEA, 0xD2, 0x0B, 0xF5,
    0xC1, 0xC3, 0x47, 0x78, 0x9C, 0xD5, 0x91, 0xD1, 0x0D, 0x82, 0x30, 0x10, 0x86, 0xCF, 0x68, 0x40,
    0x8D, 0x31, 0x2E, 0x60, 0xE2, 0x06, 0xAE, 0xE0, 0x08, 0x6E, 0x00, 0x1B, 0xE8, 0x04, 0x3A, 0x02,
    0x23, 0xE8, 0x08, 0x6E, 0x20, 0x1B, 0xE8, 0x06, 0xEA, 0x04, 0x68, 0x08, 0xA8, 0x21, 0xF0, 0x7B,
    0xA5, 0x77, 0x52, 0xDE, 0x7C, 0xF5, 0x5E, 0x7A, 0x1F, 0xED, 0x1F, 0xBE, 0x6B, 0x89, 0x6C, 0xC5,
    0x40, 0x9F, 0x9A, 0x7A, 0x62, 0xE7, 0xD0, 0x0C, 0x18, 0x3A, 0x18, 0xE3, 0xE8, 0x10, 0xE5, 0x18,
    0x39, 0x34, 0xC1, 0xC9, 0xDD, 0x3C, 0x60, 0x4A, 0x3F, 0xD4, 0x0D, 0xF0, 0xB4, 0x2F, 0x11, 0xAD,
    0x81, 0xB1, 0xD0, 0xD2, 0xB4, 0x15, 0x56, 0x82, 0x67, 0x73, 0x30, 0x43, 0x22, 0x98, 0xE1, 0x52,
    0xBB, 0x7B, 0x1A, 0x0D, 0x88, 0x16, 0x1A, 0xE6, 0xA8, 0x31, 0x2B, 0x24, 0xCC, 0xD1, 0x2E, 0x2F,
    0xA9, 0x84, 0x33, 0x3B, 0xC5, 0x5E, 0xC2, 0x25, 0xE6, 0x32, 0xAA, 0x09, 0x87, 0xC0, 0xA0, 0x3E,
    0xF5, 0xC2, 0xD6, 0x46, 0x3B, 0xE2, 0x99, 0xD4, 0x13, 0x47, 0xF6, 0x7F, 0xEC, 0xE9, 0x13, 0xDB,
    0xA9, 0xAC, 0xE9, 0xC2, 0x66, 0x94, 0x9C, 0xC3, 0x57, 0x63, 0xA8, 0xEE, 0x09, 0x7F, 0x0A, 0x14,
    0xD9, 0xD3, 0xAF, 0x9C, 0xBB, 0x2B, 0xB0, 0x01, 0x7A, 0x5F, 0x4C, 0x01, 0xF7, 0x9E, 0xD9, 0xD3,
    0x1A, 0xDA, 0x62, 0xCF, 0xD6, 0x9B, 0xBC, 0xD5, 0xD0, 0xD6, 0xA3, 0xF5, 0x7E, 0x74, 0x57, 0xE1,
    0x7F, 0xC4, 0x0F, 0x29, 0x1A, 0x9B, 0x02, 0x78, 0x9C, 0xFB, 0xFF, 0x9F, 0x83, 0x01, 0x06, 0xFE,
    0x53, 0x8D, 0xBD, 0x7F, 0xF7, 0xEE, 0xDD, 0xB3, 0xD4, 0x20, 0x6C, 0x08, 0xC8, 0x45, 0x62, 0xFF,
    0xB7, 0x45, 0x62, 0xFF, 0x67, 0x81, 0xEA, 0x75, 0xFC, 0xF1, 0xFF, 0xBF, 0x3E, 0xCC, 0x1C, 0x85,
    0xBF, 0xFF, 0xF7, 0xC3, 0xCD, 0xBC, 0xF0, 0xFF, 0x3F, 0x33, 0x8C, 0xED, 0x00, 0x64, 0xC0, 0xED,
    0xFA, 0xF7, 0x9F, 0x07, 0xCE, 0xFE, 0xF5, 0x9F, 0x0F, 0xCE, 0xFE, 0xF1, 0x9F, 0x1F, 0xCE, 0xFE,
    0x89, 0xC4, 0xFE, 0xF3, 0x9F, 0x17, 0xC6, 0x56, 0xF8, 0xFF, 0x9F, 0x0B, 0xC6, 0xDE, 0xF0, 0xFF,
    0x3F, 0x2B, 0x8C, 0xFD, 0xE3, 0xFF, 0x7D, 0x98, 0xBD, 0x47, 0xFE, 0xFF, 0xF7, 0x87, 0xFA, 0xE5,
    0x0F, 0xD0, 0x9D, 0xEC, 0x08, 0x37, 0xD7, 0x23, 0xDC, 0xBF, 0x9F, 0x09, 0xC6, 0xBE, 0x5F, 0xCD,
    0x44, 0xD5, 0x30, 0xC4, 0xCE, 0x06, 0x00, 0xF7, 0xCD, 0x9C, 0x9C, 0x78, 0x9C, 0x55, 0xD1, 0x3D,
    0x4E, 0x03, 0x31, 0x10, 0x86, 0xE1, 0x4F, 0x09, 0x0A, 0x49, 0xC4, 0x5F, 0x81, 0x68, 0x69, 0x53,
    0x05, 0x0E, 0x80, 0x44, 0xB8, 0x41, 0x6E, 0xC0, 0x11, 0x28, 0xB8, 0x00, 0xB4, 0x34, 0xE1, 0x06,
    0xC9, 0x0D, 0x48, 0x19, 0x0A, 0x04, 0x27, 0x80, 0x6D, 0xA8, 0x52, 0xC0, 0x05, 0xD0, 0x22, 0xF1,
    0x23, 0x02, 0x0B, 0x2F, 0x63, 0xCF, 0xDA, 0x88, 0x69, 0xFC, 0xC8, 0x9E, 0x19, 0x8F, 0x6C, 0x49,
    0xC7, 0x97, 0x67, 0x5B, 0xF2, 0xB8, 0xC7, 0x62, 0x2F, 0x72, 0x42, 0x8C, 0x76, 0xF0, 0xA7, 0xFB,
    0xC8, 0x38, 0x84, 0x51, 0xE3, 0xA0, 0x82, 0x86, 0x54, 0xC0, 0x52, 0x4C, 0xB4, 0xA4, 0x57, 0x46,
    0x76, 0xBA, 0x01, 0x2B, 0xD2, 0x07, 0xDB, 0xA1, 0xEA, 0x8B, 0x35, 0xA9, 0x0A, 0x1B, 0xD2, 0x82,
    0x75, 0xE9, 0x87, 0xAE, 0xDB, 0xF6, 0xA1, 0xE3, 0x39, 0xAB, 0xC1, 0x6D, 0xAF, 0xED, 0x24, 0x4F,
    0x62, 0x7F, 0xF7, 0x0B, 0x17, 0x4A, 0xAE, 0x62, 0xE7, 0x68, 0x1B, 0xA4, 0x95, 0x3C, 0xA5, 0x54,
    0xF2, 0x23, 0xE3, 0xEC, 0xE7, 0x38, 0x94, 0xBB, 0xE0, 0x3A, 0xDB, 0xDA, 0x37, 0x93, 0x77, 0xA1,
    0x9F, 0xFB, 0x2F, 0x28, 0x9B, 0xC9, 0x37, 0x70, 0x98, 0x6C, 0x73, 0xDA, 0x5A, 0xFB, 0x04, 0xBB,
    0xA2, 0xB6, 0xDE, 0x61, 0x39, 0x79, 0x00, 0x3B, 0xC9, 0x76, 0x30, 0xCE, 0x2E, 0x78, 0xC8, 0x3E,
    0xCF, 0xAF, 0xFA, 0xDF, 0x75, 0xCE, 0x66, 0xF0, 0x9B, 0xD7, 0x7E, 0xF7, 0xA4, 0x53, 0xD8, 0x37,
    0xDB, 0xE3, 0xDC, 0xCE, 0x2D, 0xB9, 0x6B, 0x1E, 0xFA, 0x6F, 0xDC, 0xE9, 0xCF, 0x3E, 0xDB, 0x60,
    0xF6, 0x54, 0x5E, 0xD9, 0x57, 0xFE, 0x02, 0x7C, 0x4C, 0xC5, 0xDC, 0x78, 0x9C, 0x95, 0xD1, 0x3B,
    0x4E, 0x02, 0x51, 0x14, 0xC6, 0xF1, 0x33, 0x05, 0x0C, 0xC6, 0x07, 0x96, 0xEC, 0x82, 0xD9, 0x01,
    0xA5, 0x36, 0x06, 0x96, 0xE0, 0x0A, 0x40, 0x77, 0x60, 0x02, 0xC5, 0x94, 0x84, 0x82, 0xDA, 0x25,
    0x58, 0x58, 0x49, 0xD4, 0x05, 0x10, 0x33, 0xA1, 0xB0, 0x9E, 0xC4, 0x16, 0x0D, 0x21, 0x26, 0x13,
    0xE5, 0x31, 0x7F, 0xCF, 0xB9, 0xDC, 0x4B, 0x62, 0xC9, 0x57, 0xFD, 0x8A, 0xF3, 0xBA, 0x33, 0x22,
    0x2B, 0x5E, 0xC5, 0xE7, 0x01, 0xAA, 0xC1, 0x1B, 0x9A, 0x81, 0x33, 0xB2, 0xC0, 0xF3, 0x92, 0x38,
    0xF8, 0x83, 0x56, 0x60, 0x42, 0x2E, 0x87, 0x67, 0xF0, 0xC9, 0xDB, 0xA5, 0xD3, 0x3B, 0x96, 0xAB,
    0xDD, 0x09, 0x2E, 0xB1, 0x5D, 0x40, 0x3E, 0x2D, 0xA1, 0x27, 0x77, 0xD0, 0x8D, 0x24, 0x59, 0x43,
    0xB4, 0x24, 0x8F, 0xB4, 0x6C, 0xA8, 0x15, 0x05, 0x6D, 0xD7, 0x0C, 0x27, 0xFD, 0xB4, 0xE6, 0xB8,
    0xE2, 0x2C, 0x0C, 0xFF, 0xA1, 0xFE, 0x9F, 0xC9, 0xF8, 0x69, 0x32, 0xC1, 0x38, 0x2A, 0x77, 0x3B,
    0xEA, 0x36, 0x26, 0x70, 0xB3, 0xE7, 0x3D, 0x64, 0x17, 0x91, 0x6B, 0xFB, 0x66, 0x51, 0xF1, 0x13,
    0x7E, 0xFD, 0x36, 0xE5, 0x96, 0xE3, 0x40, 0xA8, 0xF9, 0xAF, 0xA5, 0x3C, 0xF2, 0xE7, 0x68, 0xC1,
    0xA9, 0xA9, 0x83, 0xB5, 0xF5, 0x8C, 0x05, 0x36, 0x8C, 0x86, 0xC8, 0xA3, 0xAE, 0x68, 0xEA, 0x83,
    0x78, 0xFE, 0xB2, 0x6D, 0x2D, 0xBD, 0xD9, 0x92, 0x15, 0x5A, 0x78, 0x6D, 0x5A, 0xC4, 0x4B, 0xFB,
    0x23, 0xB7, 0x73, 0x5E, 0xAA, 0x72, 0x93, 0xA6, 0x7F, 0x3A, 0x94, 0xAA, 0x06, 0x78, 0x9C, 0x95,
    0xCF, 0x31, 0x4E, 0x02, 0x51, 0x10, 0xC6, 0xF1, 0x59, 0x8D, 0x02, 0x51, 0xA0, 0xA5, 0x91, 0x23,
    0x00, 0x37, 0xB0, 0xD4, 0xC6, 0xE0, 0x11, 0x38, 0x01, 0xE0, 0x0D, 0x48, 0xB0, 0xD8, 0x92, 0x50,
    0x50, 0x73, 0x04, 0x0B, 0x2B, 0x89, 0x7A, 0x00, 0x63, 0xA8, 0xA8, 0x39, 0x80, 0x9A, 0x0D, 0x92,
    0x6C, 0x00, 0x17, 0xFE, 0xCC, 0xEC, 0x7B, 0x4B, 0x42, 0xE9, 0x57, 0xFD, 0x92, 0x9D, 0x37, 0xDF,
    0xAC, 0x88, 0xA5, 0x0B, 0x57, 0xE2, 0xF2, 0xCB, 0x3C, 0xF0, 0xDC, 0x52, 0xF5, 0xEA, 0x11, 0x9D,
    0x78, 0x2E, 0xA9, 0xC9, 0xE1, 0xFB, 0xA9, 0xD7, 0x80, 0xA6, 0xFC, 0x3F, 0x8F, 0xDF, 0x7C, 0xDE,
    0xA6, 0x9A, 0x61, 0xB9, 0x53, 0x3D, 0xE1, 0x92, 0x13, 0x49, 0x60, 0xFE, 0xB1, 0x83, 0x8E, 0xD6,
    0xD3, 0x0E, 0xA4, 0xF1, 0x07, 0xC1, 0xC2, 0x9D, 0x37, 0xD0, 0x89, 0xD8, 0x97, 0xC2, 0x65, 0x3F,
    0xCC, 0xA7, 0xDC, 0x50, 0xCA, 0x96, 0xAF, 0x28, 0x1F, 0xB3, 0x31, 0x7A, 0x99, 0x4C, 0x30, 0x0E,
    0x77, 0xAE, 0xA3, 0x6C, 0x6B, 0x32, 0x26, 0x07, 0x8E, 0x61, 0x7A, 0x13, 0xA4, 0xCF, 0x96, 0x44,
    0x67, 0x7E, 0xC3, 0xDA, 0xB7, 0x29, 0xB7, 0x5C, 0x64, 0x04, 0x57, 0x9C, 0x18, 0x0B, 0xFE, 0x1C,
    0x1D, 0x28, 0x9A, 0xEE, 0xB1, 0x67, 0x1D, 0x63, 0x8C, 0x2D, 0xA3, 0x22, 0xF2, 0xAC, 0x15, 0x75,
    0xFD, 0x21, 0x5E, 0x7F, 0xAC, 0xED, 0x5A, 0x6F, 0xB6, 0x4C, 0x63, 0x1D, 0x6C, 0x99, 0xA2, 0xDC,
    0x82, 0x77, 0x91, 0x87, 0x2F, 0xDE, 0xCE, 0xA5, 0x1B, 0x86, 0x7B, 0x3E, 0x36, 0xA9, 0x72, 0x78,
    0x9C, 0x95, 0xD0, 0xBF, 0x2E, 0x04, 0x51, 0x14, 0xC7, 0xF1, 0xDF, 0x04, 0xB3, 0xC4, 0xB0, 0xAD,
    0xB7, 0x30, 0x6F, 0xB0, 0x3A, 0x1A, 0xE1, 0x0D, 0x78, 0x02, 0x4B, 0xA7, 0x5B, 0x09, 0x91, 0x29,
    0x45, 0xA1, 0xDE, 0x47, 0x50, 0xA8, 0x6C, 0xF0, 0x00, 0x22, 0x53, 0xA9, 0x37, 0xD1, 0x22, 0x93,
    0xCD, 0xCA, 0xC4, 0xAE, 0xB1, 0x5F, 0xE7, 0xCC, 0x1F, 0x89, 0xD2, 0xA9, 0x3E, 0xB9, 0x39, 0xE7,
    0xFC, 0xEE, 0xBD, 0x92, 0xB4, 0x41, 0x4F, 0x75, 0x7D, 0x40, 0x58, 0x29, 0x26, 0x63, 0xAF, 0xE2,
    0x98, 0x68, 0xC2, 0x7C, 0x75, 0x98, 0xAA, 0x4F, 0xC7, 0xF9, 0x42, 0x24, 0x4D, 0x99, 0x33, 0x9E,
    0x1F, 0x07, 0xD2, 0x61, 0x12, 0xEA, 0x9F, 0x75, 0xF6, 0xC6, 0xD3, 0x56, 0xA9, 0x67, 0xBC, 0xB6,
    0x4D, 0xD7, 0x54, 0xD5, 0x92, 0x0A, 0x18, 0x3E, 0xCE, 0xA0, 0xAB, 0x13, 0x38, 0x08, 0x14, 0x7F,
    0x41, 0x30, 0x62, 0x68, 0x61, 0xBA, 0xB0, 0x8E, 0x9C, 0x9D, 0x72, 0x18, 0xA2, 0xD3, 0x64, 0xB1,
    0xE4, 0x94, 0xD5, 0x66, 0xF9, 0x27, 0xED, 0xBF, 0x8C, 0xAF, 0x6E, 0x07, 0x03, 0x9C, 0x97, 0xB3,
    0x2A, 0xA3, 0xED, 0x6B, 0x1A, 0x16, 0xBF, 0xEC, 0x43, 0xBA, 0x19, 0x94, 0x63, 0x63, 0xB2, 0x85,
    0x7A, 0xC3, 0xA4, 0x4E, 0x33, 0x7E, 0xB3, 0xDC, 0x10, 0xAA, 0xE0, 0xC2, 0xB9, 0x54, 0x5F, 0xC7,
    0x1A, 0x56, 0x5C, 0xBB, 0xF8, 0x58, 0xD7, 0x99, 0xE3, 0xCB, 0x58, 0x93, 0x6E, 0x2C, 0x62, 0xDD,
    0x1E, 0xC4, 0xDD, 0xBB, 0xA7, 0x75, 0xEC, 0xCE, 0x5E, 0x69, 0x6E, 0x8D, 0xFB, 0xAE, 0xAC, 0x35,
    0xE2, 0x41, 0x3A, 0x7A, 0xE5, 0x3E, 0xB4, 0x5F, 0x4D, 0x7E, 0x00, 0x00, 0xA2, 0xAF, 0x7D, 0x78,
    0x9C, 0x95, 0x8E, 0xB1, 0x4E, 0xC2, 0x60, 0x14, 0x85, 0x4F, 0x09, 0x22, 0xA8, 0x40, 0xDD, 0x1C,
    0x19, 0xD9, 0xEC, 0x60, 0xE2, 0xC8, 0xCA, 0x42, 0xE4, 0x11, 0x7C, 0x02, 0x0B, 0x4F, 0x20, 0x89,
    0x0E, 0xDD, 0x64, 0x30, 0xCE, 0x26, 0x8E, 0xC6, 0xC4, 0xC1, 0x49, 0x62, 0x5C, 0xD8, 0x08, 0xC1,
    0x85, 0x89, 0xA1, 0xBB, 0xC1, 0x54, 0x53, 0xD3, 0x28, 0x14, 0x8F, 0xF7, 0xFE, 0x6D, 0x4D, 0x1C,
    0xB9, 0xC3, 0x9F, 0x2F, 0x7F, 0xEE, 0x39, 0xDF, 0x05, 0x92, 0x39, 0x3E, 0x90, 0xA7, 0xF6, 0xEA,
    0x6F, 0x02, 0x61, 0x20, 0xF8, 0x49, 0x06, 0x75, 0x67, 0x35, 0x01, 0xEC, 0x1F, 0x9A, 0x39, 0x05,
    0x7A, 0x0C, 0x66, 0x8A, 0x65, 0xE0, 0x85, 0x5B, 0x18, 0x92, 0x7E, 0x0E, 0x78, 0xA7, 0x05, 0x5C,
    0xDE, 0x16, 0x24, 0x65, 0xEF, 0x62, 0x8D, 0x39, 0x9F, 0x73, 0xDC, 0x34, 0x34, 0x35, 0x86, 0x96,
    0xD0, 0x7D, 0x22, 0xA3, 0xDC, 0x11, 0x4B, 0xFD, 0x48, 0xE4, 0xAE, 0x78, 0x79, 0x62, 0xC1, 0x59,
    0x92, 0xD6, 0x07, 0x7D, 0xB1, 0xA1, 0x2F, 0x1B, 0x11, 0x8F, 0x4C, 0x98, 0xDC, 0x39, 0xF3, 0x8A,
    0x06, 0x17, 0xAC, 0x64, 0xE5, 0x5F, 0xAC, 0xFE, 0x47, 0xE7, 0xEA, 0x71, 0x30, 0xA0, 0xE2, 0x4D,
    0xEA, 0xA8, 0xE2, 0x9A, 0x19, 0xDA, 0xF1, 0x1F, 0xCA, 0xE7, 0xE4, 0xD0, 0x32, 0xB1, 0x90, 0x41,
    0x3E, 0x6D, 0xF8, 0x66, 0x23, 0x2B, 0x5B, 0x71, 0x3B, 0x43, 0x32, 0x11, 0xC7, 0x8A, 0xA5, 0xF4,
    0x1C, 0x59, 0x28, 0x2B, 0xB5, 0xA9, 0x31, 0x57, 0x31, 0xA2, 0x96, 0x71, 0x0F, 0x78, 0x10, 0xC5,
    0xBE, 0x9C, 0xCF, 0xA7, 0x37, 0xB5, 0x35, 0xB0, 0x34, 0xD6, 0x8B, 0x48, 0x16, 0x3B, 0x4A, 0x7E,
    0x3E, 0xE4, 0x33, 0xD0, 0x9D, 0xF3, 0x6E, 0x03, 0x3D, 0xCF, 0xFB, 0x05, 0xAB, 0x08, 0xBB, 0x85,
    0x78, 0x9C, 0x95, 0x8E, 0xBD, 0x0E, 0x01, 0x51, 0x10, 0x85, 0xE7, 0xB2, 0x09, 0x62, 0xFD, 0x94,
    0xDE, 0x82, 0x37, 0x50, 0xD2, 0x08, 0x4F, 0x82, 0x37, 0x40, 0x28, 0xB6, 0x14, 0x85, 0x4E, 0xE2,
    0x11, 0x14, 0x2A, 0x1B, 0x91, 0x68, 0x45, 0xB6, 0x52, 0xEF, 0x0B, 0x10, 0x41, 0x88, 0x9F, 0xE5,
    0xB8, 0x73, 0xEF, 0x5D, 0xD9, 0xD6, 0x14, 0x27, 0x5F, 0x26, 0x67, 0xCE, 0x19, 0xA2, 0xB5, 0x17,
    0x23, 0x2D, 0x14, 0xC0, 0x36, 0x42, 0x40, 0xCE, 0x48, 0x74, 0x1B, 0xF1, 0xFE, 0x35, 0x83, 0x3D,
    0xB6, 0x55, 0x45, 0x3B, 0xF0, 0xD4, 0x24, 0xCD, 0xA0, 0x27, 0xC1, 0xE1, 0xF0, 0x37, 0x1F, 0xA0,
    0x45, 0x5D, 0xA0, 0x29, 0xA8, 0xF4, 0x02, 0xC4, 0x09, 0xBE, 0x90, 0xB6, 0xA1, 0x74, 0xDC, 0x50,
    0x57, 0xC7, 0x80, 0xDD, 0x77, 0x92, 0x0A, 0x9F, 0xC8, 0x86, 0xE1, 0x77, 0xF5, 0x65, 0x04, 0x4B,
    0xE3, 0x85, 0xEB, 0xAA, 0xDF, 0x47, 0x1F, 0xDD, 0x91, 0xE3, 0x18, 0x83, 0xF9, 0xE0, 0x87, 0x53,
    0xC0, 0xAB, 0x08, 0x75, 0x76, 0xC1, 0xD1, 0x32, 0x09, 0x0F, 0x94, 0xC3, 0xB0, 0x37, 0xD2, 0x21,
    0x02, 0xBA, 0x38, 0x60, 0x4C, 0x99, 0x77, 0xA4, 0x21, 0xC3, 0xD4, 0x00, 0x9F, 0xB5, 0x18, 0x6F,
    0xE0, 0x30, 0x14, 0x88, 0xE6, 0xB2, 0xA2, 0xC8, 0xBD, 0xCB, 0x03, 0xF0, 0x96, 0xA1, 0x2F, 0xD5,
    0xDA, 0xB9, 0x4A, 0x63, 0x9B, 0xC9, 0x8B, 0x9F, 0xB1, 0x22, 0xEA, 0xED, 0x31, 0xB1, 0xA8, 0xEB,
    0x38, 0x5F, 0x3C, 0xF2, 0xAB, 0xB9, 0x78, 0x9C, 0x8D, 0x91, 0xCD, 0x4A, 0x42, 0x51, 0x14, 0x85,
    0x97, 0x0A, 0x66, 0x50, 0xD4, 0xAC, 0x08, 0xA4, 0x86, 0x41, 0x13, 0xDF, 0x20, 0x9A, 0x45, 0x93,
    0x1C, 0x37, 0xEA, 0x09, 0x4A, 0xF0, 0x01, 0xAE, 0x21, 0xC1, 0x9D, 0xD9, 0x1B, 0xE8, 0xB4, 0x51,
    0x0E, 0x9C, 0x89, 0xE4, 0xA0, 0x59, 0x50, 0x0F, 0x20, 0x74, 0x7D, 0x81, 0x10, 0x15, 0xEC, 0x47,
    0xAF, 0xAB, 0xBD, 0xCF, 0x3E, 0x27, 0x1B, 0xB6, 0x26, 0xF7, 0xE3, 0x70, 0xF6, 0xF9, 0x16, 0xFB,
    0x02, 0x92, 0xED, 0x0C, 0x42, 0x2E, 0x53, 0xEE, 0x05, 0x9E, 0x93, 0xA3, 0xAC, 0x61, 0x85, 0x3B,
    0x27, 0xE9, 0xA6, 0xF1, 0x30, 0x02, 0x26, 0xE7, 0xC6, 0xE3, 0x7D, 0xA0, 0x1D, 0xAD, 0xB8, 0xEF,
    0x79, 0xD8, 0x00, 0xA6, 0xC7, 0x61, 0xF6, 0xAC, 0xCA, 0x0D, 0xFF, 0xE6, 0x37, 0x99, 0x04, 0x5B,
    0x79, 0x91, 0xAC, 0xE1, 0xFF, 0xA9, 0x0F, 0xF8, 0x76, 0x61, 0xB3, 0x4F, 0xD4, 0x34, 0x14, 0x5B,
    0xB4, 0x14, 0xAD, 0x70, 0xF2, 0xBC, 0x24, 0x5F, 0x81, 0x1A, 0x79, 0x95, 0x41, 0x49, 0x4E, 0x0A,
    0x18, 0x9B, 0xF2, 0x8E, 0xDC, 0xC2, 0x8C, 0xD6, 0x9C, 0xF2, 0xAD, 0xC7, 0x05, 0xDF, 0xE9, 0xFA,
    0x57, 0xF2, 0xC9, 0xE8, 0x0F, 0x3B, 0xC3, 0xC1, 0xED, 0x7D, 0xB7, 0x6B, 0xB6, 0x9B, 0x94, 0xC1,
    0x5C, 0xF3, 0x5E, 0xE5, 0xF9, 0x8A, 0x45, 0x92, 0x9C, 0x66, 0x6D, 0x76, 0x4A, 0xE6, 0xC3, 0x3B,
    0x5F, 0xDE, 0xAB, 0x9C, 0xFA, 0x6D, 0x28, 0x6B, 0x3F, 0xCD, 0xC2, 0xF1, 0xBA, 0xEF, 0xA6, 0x77,
    0xDC, 0xB6, 0xCB, 0x74, 0xB3, 0xAE, 0xDF, 0x8C, 0x6C, 0x62, 0x42, 0xEE, 0x02, 0x1D, 0x71, 0x3D,
    0xC8, 0x62, 0xC9, 0xDE, 0xBB, 0x7A, 0x1F, 0x21, 0x97, 0x5C, 0x3E, 0x38, 0x92, 0xA9, 0xA5, 0xE2,
    0x51, 0x9F, 0xCC, 0xC9, 0x1F, 0x1D, 0xF0, 0xE5, 0x10, 0xA5, 0x38, 0xCE, 0xFD, 0x00, 0x6C, 0xC9,
    0xBF, 0xA3, 0x78, 0x9C, 0x5D, 0x52, 0xBB, 0x4A, 0x03, 0x51, 0x10, 0x3D, 0x89, 0xC4, 0x2C, 0x3E,
    0x60, 0xFF, 0x60, 0xF3, 0x03, 0x42, 0x4A, 0x8B, 0x80, 0xB6, 0x16, 0x7E, 0x80, 0x95, 0x1F, 0x20,
    0x24, 0xFE, 0x41, 0x84, 0x7C, 0x40, 0x8A, 0x24, 0xB5, 0x11, 0x04, 0x4B, 0x11, 0x0B, 0x8B, 0x0D,
    0x44, 0x0B, 0x3B, 0x89, 0xA0, 0xBD, 0x11, 0x1B, 0x9B, 0x48, 0x50, 0x90, 0xB8, 0x89, 0x7B, 0x8F,
    0x33, 0xF7, 0xDE, 0x5D, 0x30, 0xA7, 0x98, 0x39, 0xF7, 0xEC, 0x30, 0xF7, 0xCC, 0xDC, 0x05, 0xD0,
    0x9D, 0x70, 0xB4, 0x07, 0x20, 0xBC, 0x49, 0x5F, 0x8E, 0x0A, 0x50, 0xBC, 0x53, 0xB1, 0x8F, 0x30,
    0xD1, 0x7C, 0xAA, 0xE2, 0x1D, 0x1D, 0xCA, 0x6F, 0x2E, 0x6F, 0x89, 0x96, 0x92, 0xD3, 0x07, 0x09,
    0x6D, 0x43, 0x8E, 0x26, 0x72, 0x28, 0xA0, 0x2F, 0xA7, 0x22, 0x2A, 0x0B, 0x2D, 0xA9, 0x01, 0xD7,
    0xE4, 0x1A, 0x3E, 0xC9, 0x15, 0xA9, 0xEE, 0x6B, 0x2B, 0xED, 0x9E, 0x70, 0x07, 0xDF, 0x6C, 0x2A,
    0x0D, 0x45, 0xDB, 0x50, 0xF2, 0xCA, 0x4B, 0xDC, 0x9B, 0xC8, 0xDE, 0xBE, 0x70, 0xF5, 0x38, 0xE6,
    0x54, 0xA2, 0x73, 0x94, 0xF0, 0xD1, 0xE6, 0x2A, 0x59, 0x84, 0xC7, 0x9C, 0x0D, 0xF8, 0x26, 0xA5,
    0x4C, 0x4B, 0xA5, 0xB7, 0x05, 0xB9, 0x0A, 0x54, 0x2E, 0x3E, 0xF8, 0x0F, 0x65, 0xEC, 0xA6, 0x5C,
    0x42, 0x80, 0x64, 0x59, 0x62, 0x70, 0x22, 0x61, 0x3C, 0x88, 0x63, 0x72, 0x18, 0x7B, 0x94, 0xBE,
    0xC8, 0xBA, 0xBA, 0x31, 0x8C, 0xB2, 0xEB, 0x72, 0x5F, 0xF9, 0xBD, 0x96, 0x47, 0xDE, 0x5F, 0x33,
    0xD7, 0x74, 0x0F, 0x8A, 0x1F, 0x5F, 0xEF, 0xB4, 0xC0, 0x6B, 0x6E, 0x5E, 0xD8, 0xDE, 0xEB, 0xFE,
    0x9B, 0xDB, 0x8B, 0xCE, 0x3F, 0x77, 0xBD, 0x9F, 0x45, 0x1B, 0x5A, 0xE9, 0x6C, 0x53, 0xF6, 0xA7,
    0xF3, 0x9D, 0x5B, 0xB3, 0x6A, 0xAA, 0xC3, 0x43, 0xDC, 0x0A, 0x1F, 0xFC, 0x4A, 0xD8, 0x36, 0x6A,
    0x5E, 0xD8, 0x18, 0xA1, 0x71, 0x03, 0x35, 0xF0, 0xE4, 0x47, 0xAB, 0x03, 0x57, 0xCC, 0x9E, 0x75,
    0x66, 0x59, 0x5B, 0xA7, 0x6A, 0xC9, 0x6F, 0x70, 0x60, 0x97, 0xDD, 0x53, 0x26, 0xF9, 0x0F, 0x56,
    0x3D, 0x0A, 0x0B, 0x78, 0x9C, 0x7D, 0x90, 0x2B, 0x0E, 0xC2, 0x40, 0x10, 0x86, 0x27, 0x60, 0x78,
    0x24, 0xA4, 0x0A, 0x14, 0x09, 0x06, 0x09, 0xF4, 0x06, 0xBD, 0x01, 0xA9, 0x26, 0x41, 0x62, 0x08,
    0x09, 0xB8, 0x5A, 0x04, 0x9E, 0x23, 0x94, 0x1B, 0x80, 0x6F, 0x08, 0x27, 0x20, 0x20, 0x08, 0x02,
    0x53, 0x85, 0x6E, 0x8A, 0x20, 0xD0, 0x36, 0xFD, 0xD9, 0xD9, 0xDD, 0x3E, 0x14, 0x63, 0xF6, 0x13,
    0xB3, 0xFF, 0x63, 0x88, 0xC8, 0x7E, 0xC0, 0x9F, 0x13, 0x8F, 0x9D, 0x42, 0xCC, 0x92, 0x31, 0x82,
    0x9C, 0x26, 0xD1, 0x41, 0x3C, 0xE7, 0x04, 0x38, 0x11, 0x7D, 0x80, 0x0E, 0xD1, 0x13, 0xA8, 0x99,
    0xC0, 0x50, 0x6C, 0x19, 0x09, 0x46, 0x3B, 0xA0, 0xCA, 0x3F, 0x42, 0x6C, 0x43, 0xEC, 0xA5, 0xCE,
    0x1A, 0x97, 0x37, 0x2C, 0x89, 0x26, 0x82, 0x2F, 0x5A, 0x12, 0xC9, 0x71, 0x12, 0x16, 0x54, 0x93,
    0xA2, 0x9E, 0xA1, 0xD0, 0xFB, 0x8F, 0xA5, 0xDD, 0x92, 0x42, 0xAE, 0x4B, 0x94, 0xB9, 0x19, 0x9E,
    0x17, 0xC2, 0x55, 0x5D, 0xE0, 0x8B, 0x64, 0x15, 0xC6, 0x2B, 0x5C, 0x91, 0x77, 0xA0, 0x6A, 0x59,
    0xDC, 0xA2, 0x4D, 0x74, 0x83, 0x10, 0xE5, 0x6E, 0x47, 0xD1, 0x8D, 0x63, 0xC7, 0xAA, 0x71, 0x23,
    0xBF, 0xC3, 0x58, 0xE9, 0x44, 0xF0, 0x27, 0xDA, 0xE6, 0x15, 0x50, 0xE1, 0xB8, 0x28, 0x72, 0xA0,
    0xAB, 0xB1, 0x77, 0xD7, 0x17, 0x60, 0x46, 0xB1, 0x0D, 0x64, 0xB4, 0x82, 0xAF, 0x69, 0x13, 0xAB,
    0x4B, 0xCB, 0x52, 0xD2, 0x56, 0xE1, 0x34, 0x5B, 0x9D, 0xF5, 0xE5, 0xF3, 0x03, 0x07, 0x36, 0x8D,
    0xC1, 0x78, 0x9C, 0x9D, 0x90, 0x3F, 0x0E, 0x41, 0x41, 0x10, 0xC6, 0x27, 0x11, 0x0F, 0x21, 0xA1,
    0xD4, 0x71, 0x03, 0x6E, 0xC0, 0x01, 0x14, 0x6A, 0x0D, 0x37, 0xE0, 0x06, 0xAE, 0xE0, 0x02, 0x12,
    0x37, 0xA0, 0x53, 0x88, 0x28, 0x95, 0x2F, 0x12, 0x9D, 0x04, 0x51, 0x4B, 0x04, 0x2F, 0xC8, 0xF3,
    0xDE, 0x7E, 0x66, 0x76, 0xD7, 0xB3, 0xB5, 0xAF, 0xD8, 0xF9, 0x6D, 0x32, 0x7F, 0xBE, 0x19, 0xA2,
    0x10, 0x3E, 0x7D, 0x35, 0x03, 0x32, 0xC9, 0x27, 0x42, 0x2D, 0xE1, 0x8D, 0x93, 0x54, 0x52, 0x4E,
    0xD2, 0xC9, 0x49, 0xAA, 0xE3, 0x40, 0x7F, 0xAA, 0xBA, 0x56, 0xFB, 0x8E, 0xC5, 0x10, 0xAC, 0xBE,
    0xE6, 0x00, 0x5A, 0x79, 0xC6, 0x1E, 0xC7, 0xE5, 0x19, 0x58, 0x31, 0xDF, 0x81, 0x32, 0xD1, 0x16,
    0xF0, 0x88, 0x14, 0x1A, 0xE2, 0x29, 0x42, 0x85, 0x06, 0x40, 0x5A, 0xAA, 0x6E, 0x5C, 0x7D, 0xB4,
    0x86, 0x47, 0x1C, 0x03, 0x74, 0x35, 0x37, 0x01, 0x7A, 0xA1, 0x68, 0x96, 0x00, 0x52, 0x11, 0x0A,
    0x66, 0x24, 0x37, 0x8A, 0x91, 0x28, 0xA3, 0x1C, 0xFE, 0x21, 0xB2, 0x3C, 0x7C, 0x61, 0x95, 0x56,
    0xC8, 0x25, 0xE6, 0x63, 0x6D, 0xD0, 0x28, 0xB4, 0xFD, 0x45, 0x0F, 0x3B, 0x57, 0x74, 0x75, 0x0E,
    0x38, 0xF9, 0x5E, 0x39, 0xF0, 0xA8, 0x0A, 0x0C, 0x05, 0xDB, 0x98, 0x4A, 0x01, 0x5A, 0x6C, 0xF3,
    0x2D, 0x4B, 0x8E, 0x78, 0xA2, 0xBF, 0xE3, 0x47, 0x3C, 0x3E, 0x8D, 0x83, 0x95, 0xBE, 0xF2, 0x5B,
    0xF0, 0xE2, 0x99, 0x63, 0xCD, 0xE3, 0xCB, 0x58, 0x96, 0xFE, 0x00, 0xBF, 0x4D, 0xA5, 0x47, 0x78,
    0x9C, 0x9D, 0x90, 0x4D, 0x0E, 0xC1, 0x50, 0x14, 0x85, 0x2F, 0xA2, 0x48, 0x25, 0x0C, 0x4D, 0xD0,
    0x15, 0x88, 0x1D, 0xB0, 0x00, 0x09, 0x63, 0x13, 0x76, 0xC0, 0x0E, 0x58, 0x42, 0x37, 0x20, 0xB1,
    0x03, 0x43, 0x03, 0x11, 0x43, 0xC3, 0x4E, 0xCC, 0x24, 0x58, 0x80, 0xA4, 0xF1, 0x13, 0x44, 0xB5,
    0xC7, 0xBD, 0xEF, 0xBD, 0x62, 0xEC, 0x1B, 0xB4, 0x5F, 0x5E, 0xDA, 0x7B, 0xEE, 0x79, 0x44, 0xC2,
    0x10, 0x28, 0x93, 0xE1, 0x8C, 0x7D, 0x22, 0xF6, 0x10, 0x95, 0x58, 0xC7, 0xF0, 0x93, 0xB1, 0x5F,
    0x50, 0xA3, 0xEF, 0x27, 0xA9, 0x58, 0x5D, 0xB4, 0xE9, 0x4F, 0x9C, 0x75, 0xB4, 0xEB, 0x1A, 0x7D,
    0x82, 0x19, 0x28, 0xBF, 0x42, 0x61, 0xB3, 0xF6, 0xF9, 0xBD, 0x3C, 0x02, 0x2B, 0x95, 0x8F, 0x12,
    0xD1, 0x06, 0xB0, 0x88, 0x22, 0x34, 0xF8, 0xA4, 0xF8, 0x42, 0x55, 0x5A, 0xA4, 0x75, 0x83, 0x01,
    0x1D, 0xE0, 0x99, 0x9D, 0x3C, 0x9E, 0xD2, 0x53, 0xDE, 0x04, 0xE8, 0x81, 0x82, 0xF2, 0x22, 0x90,
    0x7A, 0x21, 0xAF, 0x23, 0x79, 0x50, 0x88, 0x0F, 0x99, 0xE8, 0xC7, 0xBF, 0x8A, 0x2C, 0x87, 0x2F,
    0x0C, 0xE9, 0x08, 0xB9, 0x9F, 0x2B, 0xB0, 0x3F, 0xFE, 0x34, 0xF3, 0x85, 0x9B, 0xC9, 0x15, 0x4E,
    0x66, 0x1F, 0x61, 0xCA, 0x73, 0x75, 0x3D, 0x8B, 0x1C, 0x60, 0x24, 0xDA, 0xC1, 0x4C, 0x7E, 0x40,
    0x8B, 0xD7, 0x0C, 0xA4, 0xA4, 0xCB, 0x89, 0xDE, 0x96, 0x1F, 0xB2, 0xE3, 0x5D, 0x6F, 0x20, 0xDD,
    0xA9, 0x1E, 0x88, 0xFA, 0x96, 0xBE, 0xAC, 0x79, 0xE8, 0x4F, 0xA4, 0xF4, 0x1B, 0xA9, 0x85, 0xA4,
    0xB2, 0x78, 0x9C, 0x9D, 0x90, 0x3D, 0x4E, 0xC3, 0x40, 0x10, 0x85, 0x1F, 0x4A, 0x6C, 0x88, 0x62,
    0x09, 0x97, 0x14, 0x91, 0xF0, 0x11, 0xB8, 0x41, 0x7C, 0x80, 0x14, 0xD4, 0x34, 0xE1, 0x06, 0xA4,
    0xA4, 0xA3, 0x43, 0x94, 0xBE, 0x40, 0x24, 0xDF, 0x80, 0x92, 0x02, 0x21, 0x97, 0x29, 0xDD, 0xA4,
    0x8B, 0x84, 0x90, 0x68, 0x91, 0x2C, 0x82, 0xC5, 0x8F, 0x13, 0xEF, 0x63, 0x66, 0x77, 0x63, 0x52,
    0xF3, 0x8A, 0xDD, 0xAF, 0x99, 0x99, 0x6F, 0x06, 0x00, 0x52, 0xDE, 0x60, 0x97, 0x9A, 0x0C, 0x3D,
    0xA6, 0xAC, 0x38, 0xF5, 0xFC, 0xC1, 0xE8, 0x87, 0x7D, 0x8B, 0x67, 0x2C, 0x91, 0x73, 0x6C, 0xF9,
    0x95, 0x23, 0xA0, 0x61, 0x4F, 0xF9, 0xF6, 0xFA, 0x00, 0x98, 0xDD, 0x85, 0xF8, 0x4F, 0x92, 0x85,
    0x79, 0xBE, 0xF0, 0xD8, 0x50, 0x72, 0xB5, 0xB3, 0xD1, 0x0C, 0x05, 0x2F, 0xE5, 0x7F, 0x7A, 0x23,
    0x0B, 0x6B, 0xC3, 0x13, 0x60, 0x69, 0x55, 0x8D, 0x55, 0x89, 0xB7, 0x3C, 0xC5, 0x8C, 0x0C, 0xB4,
    0x6A, 0x2D, 0xD5, 0x2F, 0x62, 0xA9, 0xC9, 0xE4, 0xAF, 0xFD, 0x1A, 0x29, 0x89, 0x6F, 0x1E, 0x5B,
    0x8E, 0xC9, 0xDE, 0x96, 0x91, 0x1B, 0x29, 0x8D, 0x5A, 0x76, 0x39, 0x34, 0x7B, 0xFC, 0x87, 0x3C,
    0x92, 0xE1, 0x8F, 0x3E, 0x81, 0xE1, 0xA0, 0x93, 0x6F, 0xAD, 0xA0, 0x4B, 0xE3, 0xFB, 0x6B, 0x3E,
    0xBB, 0xF3, 0x01, 0xEF, 0xDE, 0x47, 0x93, 0x4B, 0x5F, 0xB7, 0x5E, 0x88, 0x84, 0xEE, 0xF8, 0xE7,
    0xBC, 0xD7, 0x02, 0x4E, 0x44, 0x73, 0xA3, 0x4B, 0x66, 0x32, 0xB1, 0x5C, 0xC9, 0xA3, 0x8E, 0x5F,
    0xCE, 0xA0, 0xB0, 0xF7, 0xDF, 0x28, 0x56, 0xEE, 0xCE, 0xC9, 0x43, 0x5B, 0xCD, 0x75, 0xE9, 0x5F,
    0x6D, 0xB7, 0xAA, 0xDE, 0x78, 0x9C, 0x95, 0x90, 0x3D, 0x6A, 0x42, 0x41, 0x14, 0x85, 0x0F, 0xCF,
    0xBC, 0xA7, 0xA2, 0xC4, 0x57, 0xDA, 0xE9, 0x12, 0x52, 0xDB, 0xC4, 0x1D, 0xD8, 0xDB, 0xE8, 0x0E,
    0xD4, 0x95, 0xE8, 0x02, 0x04, 0xDD, 0x41, 0x48, 0x65, 0x11, 0x42, 0x20, 0x4D, 0x9A, 0x10, 0x1B,
    0x4B, 0x51, 0x17, 0x20, 0x88, 0xFA, 0x48, 0x44, 0x7D, 0x73, 0x72, 0xE7, 0x87, 0x51, 0x4B, 0x4F,
    0x71, 0xE7, 0x63, 0x98, 0x3B, 0xF3, 0xDD, 0x01, 0x3E, 0xA7, 0x01, 0x6C, 0x01, 0xCE, 0x2C, 0xBA,
    0x02, 0x90, 0x25, 0x57, 0x6E, 0xF7, 0xAF, 0xCF, 0xDF, 0x9D, 0xEA, 0x97, 0x5A, 0x34, 0x1D, 0x1E,
    0x29, 0xE9, 0x18, 0x4E, 0x68, 0x52, 0x10, 0x6C, 0xCB, 0xFA, 0xBE, 0x26, 0x3F, 0x84, 0xF7, 0x64,
    0x19, 0x98, 0x91, 0x11, 0xA0, 0xF8, 0x2C, 0x3B, 0xF1, 0x99, 0x15, 0x74, 0xC9, 0x50, 0x77, 0xED,
    0xA4, 0x7B, 0xC5, 0xA9, 0xB9, 0x61, 0x20, 0x6B, 0xC2, 0x96, 0xE1, 0x3A, 0x89, 0x83, 0x15, 0x47,
    0x4C, 0x66, 0x9C, 0xB8, 0x9E, 0x26, 0x4A, 0xE9, 0x93, 0x55, 0x57, 0x7C, 0x41, 0xE6, 0xE4, 0xF1,
    0x37, 0x97, 0x50, 0x31, 0xEF, 0xE5, 0x53, 0x23, 0x68, 0x73, 0xE4, 0xA3, 0xE7, 0x5F, 0x36, 0x3C,
    0x6F, 0x9D, 0x8F, 0xCE, 0xD8, 0x88, 0x4B, 0xBE, 0x03, 0x54, 0x69, 0xE5, 0x5E, 0xD9, 0xD7, 0x0D,
    0xAC, 0x01, 0x3D, 0xC5, 0x91, 0x16, 0x27, 0x7F, 0xE6, 0x6E, 0xF8, 0x3F, 0x6B, 0xF0, 0xA2, 0x4F,
    0x3E, 0x9D, 0x34, 0x2E, 0x43, 0xFB, 0x59, 0x93, 0x74, 0x33, 0x7C, 0x10, 0xF8, 0x07, 0xE3, 0xE8,
    0xA7, 0x12, 0x78, 0x9C, 0x2B, 0xE8, 0xE8, 0x60, 0x62, 0x60, 0x48, 0xF8, 0xFF, 0x9F, 0x97, 0x81,
    0x81, 0xE1, 0xFB, 0xFF, 0x7E, 0x20, 0x39, 0xE1, 0xFF, 0x7F, 0x66, 0x20, 0xF5, 0x0B, 0x2C, 0xB4,
    0x01, 0x2C, 0xC4, 0xF0, 0x17, 0x2C, 0x54, 0xD8, 0xC1, 0xCA, 0x80, 0x0D, 0xFC, 0xFF, 0xCF, 0x31,
    0x98, 0x49, 0x00, 0x46, 0x50, 0x46, 0xE7, 0x78, 0x9C, 0x63, 0x60, 0x70, 0xE8, 0xE8, 0x60, 0x63,
    0x60, 0xF8, 0xF4, 0xFF, 0x3D, 0x13, 0x03, 0xC3, 0x9F, 0xFF, 0xF6, 0x0C, 0x0C, 0x05, 0xFF, 0xFF,
    0xB3, 0x80, 0x04, 0xFC, 0x19, 0x40, 0x02, 0xAC, 0x20, 0x81, 0x7C, 0x20, 0xB3, 0xA0, 0x03, 0xC8,
    0xC4, 0x02, 0x3E, 0xFC, 0xEF, 0x1F, 0xE4, 0x24, 0x00, 0xC4, 0xB7, 0x53, 0x4A, 0x78, 0x9C, 0x63,
    0x60, 0x60, 0x68, 0xAA, 0x60, 0x00, 0x01, 0x81, 0xBF, 0xFF, 0xB9, 0x40, 0xF4, 0xC5, 0xFF, 0xFF,
    0xE7, 0x83, 0xB9, 0xEF, 0xBF, 0xFF, 0x67, 0x67, 0x60, 0x38, 0xF0, 0x5F, 0x2F, 0xE1, 0x7F, 0x3E,
    0x03, 0xC3, 0x9F, 0xF7, 0xCC, 0x0C, 0xDF, 0xFE, 0xB3, 0x6E, 0xF8, 0x6F, 0xCF, 0xC0, 0x50, 0xF0,
    0x3F, 0x9E, 0x81, 0x30, 0xF8, 0xFF, 0x9F, 0x63, 0xF8, 0xD1, 0x00, 0x5F, 0xFB, 0x4C, 0x79, 0x78,
    0x9C, 0x3B, 0x74, 0x9E, 0x89, 0x81, 0x41, 0xE1, 0x8F, 0xCE, 0x9F, 0xFF, 0x3C, 0x0C, 0x0C, 0x07,
    0xFE, 0x9F, 0xFF, 0xFF, 0x9F, 0x9F, 0x81, 0xE1, 0xC3, 0xFF, 0xFF, 0x30, 0xFE, 0x21, 0xA8, 0x3C,
    0x03, 0x41, 0xD0, 0xF0, 0xFF, 0xFF, 0x30, 0xA4, 0x01, 0x70, 0xFA, 0x57, 0x26, 0x78, 0x9C, 0x45,
    0x90, 0x3D, 0x4E, 0xC3, 0x40, 0x10, 0x85, 0x97, 0x04, 0x30, 0x3F, 0xC1, 0x4E, 0x89, 0x44, 0xE3,
    0x1B, 0x40, 0x41, 0x83, 0x84, 0x84, 0x1B, 0x6A, 0xB8, 0x01, 0xB4, 0x48, 0x48, 0xE1, 0x06, 0xA6,
    0xA2, 0x43, 0xA2, 0xA2, 0x0D, 0x35, 0x0D, 0x50, 0x50, 0x43, 0x4B, 0x01, 0x41, 0xE2, 0x00, 0x69,
    0xE8, 0xAD, 0x50, 0xC4, 0x26, 0xB0, 0xFE, 0x98, 0x59, 0xAF, 0x97, 0x91, 0x2D, 0x7F, 0xD6, 0xEE,
    0x9B, 0x99, 0xF7, 0x8C, 0xD9, 0x36, 0xFF, 0x65, 0x87, 0xF3, 0x2D, 0x6E, 0xC1, 0x78, 0x41, 0xBE,
    0x17, 0xF2, 0x9E, 0x03, 0xA3, 0xAE, 0x79, 0x40, 0x4E, 0xCF, 0x6A, 0xF9, 0xC9, 0x0F, 0x6B, 0x7A,
    0x7A, 0xE9, 0x1B, 0xAD, 0xA1, 0x53, 0xF4, 0x2B, 0xC1, 0xC2, 0x37, 0x48, 0x2D, 0x6C, 0xFA, 0x56,
    0x99, 0x48, 0xC6, 0x9E, 0x9D, 0x60, 0xC5, 0xE1, 0x07, 0xC5, 0x3E, 0x1C, 0x39, 0xAE, 0xD8, 0x30,
    0x25, 0x85, 0xE3, 0xE7, 0x81, 0x31, 0xF7, 0x10, 0xB9, 0x36, 0x1D, 0xE9, 0x0B, 0x71, 0xD8, 0xB0,
    0x6A, 0x04, 0xE9, 0xF5, 0xED, 0xC9, 0xDC, 0x84, 0x27, 0xDD, 0xE1, 0x57, 0x37, 0xB8, 0x01, 0x77,
    0xAA, 0x75, 0x89, 0x2C, 0x7A, 0x45, 0x5B, 0x91, 0x74, 0xE6, 0xB4, 0x93, 0x3E, 0xEA, 0xE4, 0x14,
    0x06, 0xDA, 0xE0, 0x13, 0x7A, 0xA2, 0x59, 0xF4, 0x56, 0xE3, 0x09, 0xA3, 0x66, 0x00, 0x24, 0x53,
    0x0E, 0x1A, 0x9E, 0x91, 0xC8, 0xD3, 0x0E, 0x4E, 0x2C, 0xAB, 0x81, 0x6B, 0x96, 0x03, 0xC3, 0x52,
    0x6B, 0x2E, 0x0E, 0x3C, 0x63, 0xCD, 0x7A, 0xA3, 0x46, 0x84, 0x3F, 0xDE, 0x83, 0x98, 0x89, 0x4A,
    0xF6, 0x1C, 0x1F, 0x43, 0xF7, 0x8B, 0x3B, 0xC7, 0xEF, 0x92, 0x90, 0x98, 0xD6, 0xC4, 0xCD, 0x94,
    0x5C, 0x77, 0xD2, 0x25, 0x32, 0xE7, 0x5D, 0x6C, 0xAD, 0x9B, 0x7E, 0xA9, 0xB6, 0xF4, 0x12, 0xAF,
    0x12, 0x6E, 0x1E, 0xD2, 0xF4, 0x51, 0x65, 0x56, 0x71, 0xD7, 0x47, 0xFE, 0x52, 0xBF, 0xED, 0x28,
    0xFC, 0x01, 0x73, 0x34, 0xC4, 0x0A, 0x78, 0x9C, 0xD5, 0x8E, 0xB1, 0x11, 0x01, 0x51, 0x14, 0x45,
    0xCF, 0xDA, 0xC1, 0x06, 0x06, 0x25, 0x6C, 0x07, 0x4A, 0xB0, 0xD1, 0x66, 0x86, 0x44, 0xA6, 0x07,
    0x42, 0x33, 0xBA, 0x31, 0x62, 0xAB, 0x03, 0x0D, 0x18, 0x91, 0x06, 0x14, 0x60, 0x7E, 0x28, 0xB1,
    0xFF, 0x7A, 0xEF, 0x53, 0x80, 0xD4, 0x0D, 0xDE, 0x3B, 0xC9, 0xBB, 0xE7, 0xC1, 0x27, 0x75, 0x6E,
    0x63, 0x1F, 0x57, 0x50, 0x6A, 0x08, 0x95, 0xA4, 0x19, 0x27, 0x0D, 0xE0, 0x6E, 0xA8, 0x6B, 0x54,
    0x01, 0x4F, 0xDF, 0x52, 0xC8, 0xE0, 0x75, 0x66, 0x61, 0x3C, 0xB7, 0xAB, 0x38, 0x81, 0x4D, 0x7B,
    0xF4, 0x82, 0x65, 0x97, 0x5F, 0x23, 0x2B, 0x3C, 0x3C, 0xC2, 0x2E, 0x4B, 0x78, 0x73, 0xC9, 0xDA,
    0x71, 0xAB, 0x94, 0x3E, 0x3E, 0xC3, 0xC5, 0x1C, 0x53, 0xC7, 0xA6, 0x43, 0xD5, 0xAA, 0x71, 0x74,
    0x87, 0x3D, 0x45, 0x3A, 0x30, 0xB5, 0x94, 0x4B, 0x23, 0xC7, 0x52, 0xEA, 0xC9, 0x7F, 0x86, 0xB1,
    0x55, 0xB8, 0xE2, 0xAB, 0xFA, 0x63, 0x7C, 0x03, 0xAB, 0x90, 0xA1, 0x42, 0x78, 0x9C, 0x95, 0x50,
    0xBB, 0x0D, 0xC2, 0x30, 0x14, 0x7C, 0xD0, 0x10, 0x10, 0x02, 0x46, 0xC8, 0x1C, 0x2C, 0x91, 0x11,
    0x18, 0x01, 0x7A, 0x9A, 0x6C, 0x10, 0x46, 0x88, 0x60, 0x08, 0x4A, 0xE8, 0xE8, 0x08, 0x1B, 0x38,
    0x03, 0x20, 0x01, 0x52, 0xB0, 0x40, 0xC4, 0x1C, 0xFE, 0xEB, 0xA5, 0xE4, 0x0A, 0xFB, 0xEC, 0x77,
    0x7A, 0xEF, 0xEE, 0x11, 0x49, 0xDC, 0x7A, 0xE4, 0xB1, 0x02, 0x46, 0x81, 0xD3, 0x1B, 0x8B, 0xC8,
    0x4B, 0x26, 0xA2, 0x96, 0x89, 0x2E, 0x4C, 0x34, 0xFB, 0x32, 0xD1, 0x7F, 0x48, 0x4F, 0x4A, 0xAC,
    0xFB, 0x8E, 0x7E, 0xA0, 0x71, 0xB0, 0x0F, 0x09, 0x8B, 0xA5, 0xB3, 0x86, 0xF3, 0x55, 0x1F, 0x03,
    0xA2, 0x06, 0x98, 0x13, 0xED, 0x80, 0x4C, 0xCF, 0xB4, 0x55, 0x9B, 0x22, 0xB7, 0x45, 0x22, 0x73,
    0xD7, 0x10, 0xAE, 0xB3, 0xC2, 0xA4, 0x09, 0x1E, 0x25, 0xB2, 0x17, 0xA6, 0x8E, 0x3F, 0x50, 0xB4,
    0x18, 0x87, 0x10, 0x95, 0x0A, 0x99, 0x4A, 0x08, 0x20, 0x71, 0x7C, 0x63, 0x86, 0x7B, 0x9E, 0x33,
    0xAE, 0xFF, 0x15, 0x86, 0x51, 0x1F, 0xFB, 0x1C, 0x51, 0xC5, 0xFE, 0x77, 0x14, 0x7C, 0x6E, 0x8D,
    0x2A, 0xFA, 0x09, 0x3E, 0x75, 0xA4, 0x44, 0xFB, 0xB7, 0xA2, 0xA7, 0x59, 0xB0, 0xCB, 0xB5, 0x35,
    0xB9, 0x3A, 0x79, 0xF9, 0x1E, 0x3A, 0xFB, 0xA1, 0x74, 0xEF, 0xF7, 0xF6, 0x03, 0x17, 0x1F, 0x9E,
    0x38, 0x78, 0x9C, 0x9D, 0x90, 0x41, 0x0E, 0xC1, 0x40, 0x14, 0x86, 0x1F, 0x22, 0x4A, 0x04, 0x27,
    0x90, 0x9E, 0xC0, 0x01, 0xAC, 0xDC, 0xA0, 0x6E, 0xE0, 0x08, 0xEC, 0x6D, 0x7A, 0x83, 0x3A, 0x82,
    0x70, 0x08, 0x4B, 0x76, 0x76, 0xEA, 0x06, 0xAD, 0xBD, 0xA4, 0x24, 0xD5, 0x88, 0x1A, 0xBF, 0x99,
    0xBE, 0x99, 0xD1, 0x6E, 0xFD, 0x8B, 0x79, 0xDF, 0xCC, 0xBC, 0xBC, 0xF7, 0xBF, 0x47, 0xA4, 0x34,
    0x01, 0x86, 0xA4, 0x75, 0x41, 0x52, 0x37, 0xFC, 0xC2, 0xC8, 0xE0, 0x14, 0x68, 0xFC, 0x52, 0x3C,
    0x83, 0x94, 0xA3, 0xF9, 0x4B, 0x99, 0xD3, 0x9F, 0x72, 0x8F, 0x22, 0x5A, 0x72, 0x5B, 0x37, 0x87,
    0xD4, 0xBE, 0xB8, 0x64, 0x28, 0xA4, 0xCA, 0x2E, 0x64, 0x3C, 0x5D, 0xE5, 0xD1, 0x22, 0x4A, 0x81,
    0x31, 0xD1, 0x16, 0xD2, 0xC6, 0xE0, 0xC3, 0x4D, 0x33, 0x24, 0x35, 0xBF, 0xF8, 0x24, 0x52, 0x31,
    0x46, 0xC4, 0x95, 0x05, 0x7A, 0x29, 0x66, 0xCC, 0x19, 0xBC, 0x27, 0xFA, 0xCC, 0x77, 0x04, 0x6F,
    0x74, 0x99, 0xCF, 0x08, 0x05, 0x3A, 0xCC, 0x6B, 0x44, 0x80, 0xC3, 0xBC, 0x52, 0xCD, 0x35, 0xFB,
    0x25, 0x96, 0xEF, 0x02, 0x6D, 0x9B, 0x6F, 0xEB, 0x1C, 0x10, 0xDA, 0xFA, 0x37, 0x04, 0xE5, 0xBE,
    0x31, 0x42, 0xEB, 0xC7, 0xF8, 0x94, 0x23, 0x39, 0xD2, 0x7F, 0x91, 0xF4, 0x90, 0xFE, 0xF5, 0x5C,
    0x1B, 0x35, 0x57, 0x65, 0xDE, 0xF2, 0x1E, 0x2A, 0xFB, 0x21, 0x77, 0xA7, 0xF7, 0xF6, 0x05, 0x80,
    0xC7, 0x9D, 0x55, 0x78, 0x9C, 0x9D, 0x90, 0x4F, 0x0E, 0xC1, 0x50, 0x10, 0xC6, 0xC7, 0x9F, 0x50,
    0x22, 0x38, 0x81, 0xF4, 0x04, 0x0E, 0xE0, 0x12, 0x8E, 0xC0, 0x0D, 0x74, 0x6F, 0xA1, 0x0B, 0x8B,
    0xEE, 0xEA, 0x06, 0x84, 0x43, 0x58, 0xB2, 0xB3, 0x53, 0x4E, 0xD0, 0xC6, 0x5A, 0x52, 0x12, 0xA4,
    0x09, 0xAF, 0x9F, 0xE9, 0x7B, 0xAF, 0x2F, 0xB5, 0x35, 0x8B, 0x37, 0xBF, 0x37, 0x33, 0x99, 0xF9,
    0x66, 0x88, 0x88, 0xEC, 0x74, 0x49, 0xB9, 0x5D, 0x00, 0x4B, 0x63, 0x57, 0xC4, 0x98, 0x69, 0x3E,
    0xA3, 0xF7, 0x42, 0x2D, 0x0F, 0x97, 0x1D, 0x8C, 0x24, 0xEF, 0xD1, 0x27, 0x4A, 0x50, 0xCD, 0x78,
    0xEE, 0x55, 0x88, 0xC6, 0x5E, 0x9D, 0xFE, 0x31, 0xFB, 0x20, 0xC2, 0x69, 0x59, 0xE1, 0x1B, 0x6C,
    0x3B, 0xF9, 0x79, 0x41, 0xDA, 0x84, 0xD1, 0x61, 0x7F, 0xBC, 0xF2, 0xC3, 0x03, 0x1E, 0xC0, 0x80,
    0x68, 0x03, 0x0C, 0xA9, 0x9B, 0xCA, 0x2C, 0x57, 0xC6, 0x25, 0x57, 0x26, 0x89, 0x32, 0x1F, 0x21,
    0x54, 0x9D, 0x05, 0xDA, 0x0F, 0xAD, 0x96, 0x8B, 0x86, 0x09, 0x3A, 0x8A, 0xEF, 0xF0, 0x3F, 0x68,
    0x29, 0x3E, 0x21, 0x10, 0x68, 0x2A, 0x5E, 0x21, 0x34, 0x27, 0x58, 0x64, 0xC3, 0x35, 0xBB, 0x05,
    0xE6, 0xB8, 0x40, 0xC3, 0xD4, 0x9B, 0x3E, 0x7B, 0x04, 0xA6, 0xFF, 0x0D, 0x7E, 0x71, 0x6E, 0x84,
    0xC0, 0xE8, 0xC9, 0x75, 0xF2, 0x4A, 0x16, 0xEB, 0x97, 0x45, 0x4F, 0xD6, 0xAF, 0xF7, 0x5A, 0x67,
    0x7B, 0xFD, 0xEC, 0x5B, 0xBC, 0xC3, 0xCF, 0x7D, 0xC8, 0xDE, 0xEA, 0xBB, 0x7D, 0x01, 0x41, 0x3B,
    0xA3, 0x7E, 0x78, 0x9C, 0x95, 0x90, 0x31, 0x6E, 0xC2, 0x40, 0x10, 0x45, 0xC7, 0x14, 0xD8, 0x89,
    0x20, 0x90, 0x1B, 0xB8, 0xA4, 0xA4, 0xA0, 0xE2, 0x12, 0x3E, 0x42, 0xB8, 0x81, 0xD3, 0x53, 0xE0,
    0x1B, 0x90, 0x22, 0x07, 0x88, 0x92, 0x92, 0x03, 0x50, 0x86, 0x02, 0x89, 0x0E, 0xBB, 0x4F, 0xB1,
    0xAE, 0x11, 0x92, 0x1D, 0x05, 0xAC, 0x48, 0xC9, 0xE6, 0x67, 0x66, 0xC7, 0xB1, 0x4C, 0x99, 0x29,
    0x76, 0xDF, 0xEE, 0xCE, 0xCE, 0xFC, 0x3F, 0x44, 0x1A, 0xB3, 0x89, 0xAC, 0xE1, 0xC1, 0xF8, 0x44,
    0x1F, 0x85, 0xF0, 0x09, 0x28, 0x46, 0x63, 0x9B, 0x32, 0x0E, 0x7F, 0xE0, 0x62, 0xC1, 0x9C, 0xA0,
    0x78, 0x13, 0xEE, 0x33, 0x67, 0xB8, 0xA6, 0x2D, 0x60, 0x3A, 0xCC, 0x25, 0x3C, 0xA2, 0xC7, 0x55,
    0x57, 0xBE, 0x0E, 0x6F, 0xE9, 0x9F, 0x11, 0xEE, 0xAC, 0x99, 0x77, 0x14, 0xBF, 0xA4, 0xFC, 0xAB,
    0x3B, 0x54, 0xDA, 0x37, 0x66, 0xBC, 0xE7, 0x7D, 0x7F, 0xE4, 0xC5, 0x77, 0xD2, 0xA6, 0x44, 0x2F,
    0x40, 0x24, 0xD2, 0x62, 0xCD, 0x2C, 0xBC, 0xC4, 0x3D, 0x8A, 0x44, 0xF8, 0x39, 0x8C, 0x56, 0xB6,
    0xB8, 0x39, 0xE1, 0x4E, 0xB9, 0x42, 0xF4, 0x89, 0x81, 0xF2, 0x3B, 0x96, 0xDF, 0xE8, 0x29, 0x67,
    0x48, 0x2D, 0x5B, 0x71, 0xF1, 0x04, 0x03, 0x04, 0xCA, 0x0F, 0xD2, 0xBC, 0xE6, 0xA4, 0xC5, 0x7C,
    0x6F, 0x71, 0xD5, 0xE4, 0x37, 0x75, 0x36, 0x48, 0x9B, 0xFA, 0x25, 0x96, 0xED, 0xBE, 0x39, 0xD2,
    0x46, 0xCF, 0x9F, 0x4E, 0xB6, 0x14, 0xB0, 0x7E, 0x97, 0x74, 0x66, 0xFD, 0xB5, 0xAF, 0x67, 0xF1,
    0x75, 0xE1, 0xB7, 0x3D, 0x87, 0x8B, 0xF9, 0x50, 0xB8, 0xAE, 0xE7, 0xF6, 0x0B, 0xD6, 0x3B, 0xAF,
    0xDA, 0x78, 0x9C, 0x95, 0x50, 0xB1, 0x0D, 0xC2, 0x40, 0x0C, 0x3C, 0xD2, 0x10, 0x10, 0x02, 0x46,
    0xC8, 0x00, 0x4C, 0xC0, 0x12, 0x19, 0x81, 0x11, 0xA0, 0xA7, 0xC9, 0x06, 0x61, 0x04, 0x04, 0x43,
    0x50, 0x82, 0x68, 0xE8, 0x08, 0x1B, 0x24, 0x03, 0x20, 0x11, 0xA4, 0x10, 0x21, 0x91, 0xE7, 0xF0,
    0xFF, 0x87, 0xE8, 0x43, 0xC7, 0x15, 0xEF, 0x7B, 0xDB, 0xB2, 0xCF, 0x07, 0x1C, 0x13, 0x0F, 0x08,
    0xAA, 0x09, 0x04, 0x15, 0x07, 0xC0, 0x81, 0x89, 0xE6, 0xE4, 0x08, 0xC8, 0xC9, 0xDF, 0xBC, 0xDB,
    0xFF, 0x37, 0x82, 0x93, 0x4A, 0x97, 0x9E, 0xA5, 0x2F, 0x0A, 0xF6, 0xE6, 0x53, 0xD2, 0x60, 0x2E,
    0x74, 0x21, 0xF1, 0x7C, 0x95, 0xA7, 0x0B, 0x14, 0xE4, 0x14, 0xD8, 0x92, 0x21, 0xC6, 0x6F, 0x53,
    0x95, 0xCE, 0x5B, 0x27, 0x32, 0x45, 0x40, 0xC7, 0x8C, 0xA9, 0x9D, 0xAC, 0x38, 0x2C, 0x38, 0xB3,
    0xBC, 0x64, 0xF8, 0xD4, 0xEA, 0x35, 0xEE, 0x8C, 0x8D, 0x7A, 0x8D, 0x0B, 0x13, 0xC5, 0xBE, 0xE5,
    0x6B, 0xA6, 0xA4, 0x6F, 0xF9, 0x4A, 0x2F, 0xAF, 0x79, 0xE4, 0x70, 0xC9, 0x2B, 0xF6, 0x9A, 0xFE,
    0x66, 0x8E, 0x38, 0xD1, 0xCC, 0xCF, 0x19, 0xBB, 0x7B, 0x33, 0x6B, 0x92, 0xD1, 0xF3, 0xD5, 0x29,
    0x27, 0xF9, 0xA2, 0xDF, 0x34, 0x3D, 0x44, 0x7F, 0x7D, 0xD7, 0x46, 0xDF, 0xD5, 0xBA, 0xD7, 0xF5,
    0xA1, 0xE5, 0x0F, 0x82, 0x5D, 0xED, 0xDB, 0x07, 0x68, 0xA6, 0xA1, 0x9F, 0x78, 0x9C, 0x63, 0x60,
    0x60, 0x60, 0x10, 0x78, 0xB5, 0x8E, 0x91, 0x01, 0x0A, 0x36, 0xFC, 0xFF, 0xCF, 0x0D, 0x63, 0x7F,
    0xF8, 0xFF, 0x9F, 0x1F, 0x9B, 0xB8, 0xC0, 0x6B, 0x84, 0x7A, 0x72, 0xC1, 0x7F, 0x0A, 0x00, 0xA5,
    0x76, 0x93, 0xEC, 0x5F, 0xA8, 0x7A, 0x00, 0x00, 0xFC, 0x53, 0x48, 0x78, 0x9C, 0x55, 0x90, 0x41,
    0x4E, 0x02, 0x51, 0x10, 0x44, 0x6B, 0x90, 0x44, 0x10, 0x82, 0x1E, 0xC1, 0x1B, 0xE8, 0xDA, 0x0D,
    0xDE, 0x60, 0xB8, 0x01, 0xDC, 0x00, 0xF6, 0x9A, 0xE0, 0x0D, 0x86, 0x1B, 0x60, 0xBC, 0x80, 0xEE,
    0x58, 0xC2, 0x8E, 0x9D, 0xC3, 0x0D, 0x66, 0x12, 0xB6, 0x26, 0x62, 0x80, 0x09, 0x09, 0x7C, 0xCA,
    0xAE, 0x06, 0x27, 0xB1, 0x16, 0xFF, 0xBF, 0xF4, 0xAF, 0x74, 0x77, 0x7D, 0xE0, 0xAC, 0xDD, 0x10,
    0xA5, 0x78, 0x5D, 0xE2, 0x80, 0x35, 0x5D, 0xB7, 0x93, 0x90, 0x3D, 0x2D, 0x19, 0x09, 0xF7, 0x94,
    0x12, 0x95, 0x0B, 0x47, 0x0E, 0xDD, 0x48, 0x7E, 0x7E, 0xD9, 0x71, 0x09, 0x6C, 0xC8, 0x07, 0x60,
    0x4D, 0xC6, 0xB8, 0x39, 0xB2, 0x7F, 0x32, 0x7E, 0x47, 0x03, 0x7F, 0xC4, 0x71, 0x6C, 0x77, 0xCE,
    0xCC, 0xB0, 0xC7, 0x7A, 0x60, 0x6B, 0xC3, 0xAE, 0x71, 0xCE, 0xA8, 0x60, 0xBC, 0xF3, 0xD9, 0xC5,
    0x18, 0x3F, 0x4C, 0x0E, 0x6C, 0x1A, 0x87, 0x3B, 0x2C, 0x98, 0x06, 0x5E, 0x01, 0x1D, 0x3B, 0x5E,
    0x99, 0x51, 0x3B, 0x2D, 0x58, 0xC1, 0x48, 0xC3, 0x8D, 0xB7, 0xEF, 0xC0, 0xCB, 0x99, 0xCD, 0xAE,
    0x7A, 0x60, 0xDD, 0xED, 0xF2, 0xAB, 0x8F, 0xEC, 0x98, 0x31, 0x55, 0x7F, 0xD9, 0xB1, 0x62, 0xA2,
    0xB9, 0x87, 0xB6, 0x6F, 0x17, 0xE7, 0x4C, 0x1F, 0xD9, 0xD0, 0x38, 0xB6, 0xAC, 0xD5, 0x9C, 0x17,
    0x1E, 0xA9, 0x66, 0xFB, 0x73, 0x6A, 0xE5, 0xAD, 0xED, 0xAF, 0x5C, 0x16, 0xE6, 0x4D, 0xB9, 0xFE,
    0xE5, 0xFD, 0xFB, 0x07, 0x25, 0x55, 0x6C, 0xD3, 0xB4, 0x22, 0xDE, 0xF7, 0xED, 0xDF, 0x9E, 0x1D,
    0xEF, 0x3D, 0xCC, 0x49, 0x1F, 0xAC, 0x96, 0xBC, 0x4E, 0x4B, 0xFC, 0x05, 0x9D, 0x3D, 0xB4, 0x48,
    0x78, 0x9C, 0x63, 0x58, 0xF0, 0xFF, 0x3F, 0x37, 0x03, 0x14, 0xFC, 0xFE, 0x9F, 0x0F, 0x63, 0x1E,
    0xF8, 0xFF, 0x9F, 0x09, 0xCA, 0x14, 0xF8, 0xFB, 0x9F, 0x07, 0x26, 0xFC, 0xE8, 0x7F, 0x3D, 0x8C,
    0x69, 0x80, 0x50, 0xC1, 0xF0, 0x05, 0xA1, 0x82, 0x58, 0xF0, 0xFF, 0x3F, 0x07, 0x98, 0xFE, 0xF1,
    0x9F, 0x7F, 0xA8, 0x32, 0x7F, 0xFE, 0xE7, 0xFF, 0xF7, 0x9F, 0x13, 0xCC, 0xFC, 0xFB, 0x9F, 0x1F,
    0x16, 0x4A, 0xFF, 0xFF, 0xF3, 0xFF, 0xFA, 0x2F, 0x0F, 0x62, 0x39, 0x00, 0x99, 0xDF, 0xFE, 0xCF,
    0x87, 0x04, 0xD0, 0x7F, 0xFE, 0x0F, 0xFF, 0xFF, 0x4B, 0x32, 0x30, 0x34, 0xFD, 0x07, 0x32, 0x0B,
    0x80, 0xC4, 0x9E, 0x37, 0xFF, 0x41, 0x4C, 0x60, 0xA0, 0x83, 0xC0, 0x7D, 0xA0, 0x61, 0x0C, 0x0D,
    0x60, 0x26, 0x27, 0xD0, 0x0A, 0xA0, 0xBA, 0x37, 0xFF, 0xF7, 0xAA, 0x83, 0x6C, 0x03, 0x00, 0xFF,
    0x9B, 0x90, 0xE5, 0x78, 0x9C, 0x63, 0x60, 0x00, 0x81, 0x1F, 0xFF, 0xCF, 0x33, 0x40, 0x80, 0xC1,
    0xFF, 0xFF, 0xB2, 0x50, 0xE6, 0x85, 0xFF, 0xF7, 0x19, 0xA1, 0xCC, 0x9F, 0xFF, 0xF5, 0xA0, 0x2C,
    0x87, 0xFF, 0xEF, 0x99, 0xA0, 0xCC, 0x07, 0xFF, 0xED, 0x19, 0xE0, 0xF2, 0xCC, 0x0C, 0x24, 0x82,
    0xFF, 0xFF, 0x39, 0xA0, 0x56, 0xF3, 0x0F, 0x55, 0xE6, 0xCF, 0xFF, 0xFC, 0xFF, 0xFE, 0x73, 0x82,
    0x99, 0x7F, 0xFF, 0xF3, 0xFF, 0xFD, 0xCF, 0x03, 0xF5, 0x18, 0xFF, 0xAF, 0xFF, 0xF2, 0x90, 0xB0,
    0xFA, 0xCF, 0xFF, 0xED, 0xFF, 0x7C, 0x10, 0xF3, 0x0B, 0x90, 0xF9, 0xE1, 0xFF, 0x7F, 0x49, 0x06,
    0x86, 0xA6, 0xFF, 0x40, 0x66, 0x01, 0x90, 0xD8, 0xF3, 0xE6, 0x3F, 0x88, 0xC9, 0xF0, 0x1B, 0x44,
    0xFD, 0xBF, 0x0F, 0x34, 0x8C, 0xA1, 0x01, 0xCC, 0xE4, 0x04, 0x5A, 0x01, 0x54, 0xF7, 0xE6, 0xFF,
    0x5E, 0x75, 0x90, 0x6D, 0x00, 0x70, 0x11, 0x90, 0x9B, 0x78, 0x9C, 0x63, 0x60, 0x60, 0x60, 0xF8,
    0xFA, 0x9F, 0x8D, 0x01, 0x02, 0x1C, 0xFE, 0xFF, 0x8F, 0x87, 0x32, 0xBF, 0xFC, 0xFF, 0xF7, 0x9F,
    0x05, 0xCC, 0x32, 0xF8, 0xBF, 0x7F, 0xC1, 0x7F, 0x7F, 0x30, 0xF3, 0xF3, 0x7F, 0x1E, 0x86, 0x5F,
    0xFF, 0x99, 0x41, 0x82, 0xFF, 0xCE, 0x33, 0x30, 0x2C, 0xF8, 0xAF, 0x07, 0x64, 0x26, 0x74, 0x88,
    0x03, 0xC9, 0xF6, 0x0C, 0x06, 0x92, 0xC0, 0xFF, 0xFF, 0x1C, 0x60, 0xFA, 0xC7, 0x7F, 0xFE, 0xA1,
    0xCA, 0xFC, 0xF9, 0x9F, 0xFF, 0xDF, 0x7F, 0x4E, 0x30, 0xF3, 0xEF, 0x7F, 0xFE, 0xBF, 0xC0, 0xB0,
    0x81, 0x78, 0x8C, 0xFF, 0xD7, 0x7F, 0x79, 0x68, 0x68, 0xF2, 0x7F, 0xFB, 0x3F, 0x1F, 0x12, 0x9A,
    0xFF, 0xF9, 0x3F, 0xFC, 0xFF, 0x2F, 0xC9, 0xC0, 0xD0, 0xF4, 0x1F, 0xC8, 0x2C, 0x00, 0x12, 0x7B,
    0xDE, 0xFC, 0x07, 0x31, 0x19, 0x7E, 0x83, 0xA8, 0xFF, 0xF7, 0x81, 0x86, 0x31, 0x34, 0x80, 0x99,
    0x9C, 0x40, 0x2B, 0x80, 0xEA, 0xDE, 0xFC, 0xDF, 0xAB, 0x0E, 0xB2, 0x0D, 0x00, 0x12, 0x7D, 0x96,
    0x85, 0x78, 0x9C, 0x63, 0x50, 0xF8, 0xA3, 0xC3, 0xC0, 0x00, 0x26, 0x18, 0x0E, 0xFC, 0x3F, 0x0F,
    0x25, 0x18, 0x3E, 0xFC, 0xFF, 0x0F, 0x25, 0x90, 0x45, 0x91, 0xD4, 0x92, 0x00, 0xFE, 0xFF, 0xE7,
    0x00, 0xD3, 0x3F, 0xFE, 0xF3, 0x0F, 0x55, 0xE6, 0xCF, 0xFF, 0xFC, 0xFF, 0xFE, 0x73, 0x82, 0x99,
    0x7F, 0xFF, 0xF3, 0xFF, 0xFD, 0xCF, 0x03, 0xF5, 0x18, 0xFF, 0xAF, 0xFF, 0xF2, 0x20, 0x96, 0x03,
    0x90, 0xF9, 0xED, 0xFF, 0x7C, 0x10, 0xF3, 0x0B, 0x90, 0xF9, 0xF1, 0xFF, 0x7F, 0x49, 0x06, 0x86,
    0xA6, 0xFF, 0x40, 0x66, 0x03, 0x90, 0xD8, 0xF3, 0xE6, 0xFF, 0xFF, 0x7F, 0xFF, 0xF9, 0x19, 0xFE,
    0xFC, 0x07, 0x81, 0x7A, 0xA0, 0xB9, 0x0C, 0x13, 0x40, 0xAC, 0xF7, 0xAC, 0x20, 0x26, 0x43, 0xD3,
    0x9B, 0xF7, 0x6B, 0x59, 0x41, 0xB6, 0x01, 0x00, 0xE4, 0xB9, 0x95, 0x0A, 0x78, 0x9C, 0x8D, 0x91,
    0xCD, 0x51, 0x02, 0x41, 0x10, 0x46, 0xDB, 0x1F, 0x54, 0xD4, 0x55, 0x32, 0xD0, 0x08, 0xD4, 0x83,
    0x77, 0xCC, 0x40, 0x33, 0xD0, 0x2A, 0x0F, 0x72, 0x93, 0x0C, 0xE4, 0x62, 0x79, 0x84, 0x0C, 0x30,
    0x03, 0xC9, 0x40, 0x33, 0x90, 0x0C, 0x96, 0x0C, 0x70, 0x29, 0x8B, 0x1F, 0x95, 0x79, 0x4E, 0x6F,
    0x6F, 0x0F, 0x1E, 0xED, 0xD3, 0x9B, 0xA9, 0xA9, 0xAF, 0xBB, 0xDF, 0x88, 0x94, 0xF5, 0xC5, 0x8B,
    0x54, 0x75, 0x01, 0xFB, 0xCE, 0x23, 0xF2, 0x35, 0xE7, 0x05, 0x27, 0x8E, 0x67, 0xB0, 0xE1, 0xFC,
    0xC6, 0xA5, 0xA3, 0xCC, 0xD8, 0x4A, 0xFC, 0xD4, 0x92, 0xFF, 0xD6, 0xA7, 0x37, 0x0F, 0x64, 0x23,
    0xC6, 0xDE, 0x62, 0xA7, 0x07, 0x9B, 0xCA, 0x9D, 0xD8, 0x2E, 0x9E, 0xEB, 0xCA, 0x43, 0x72, 0x91,
    0x25, 0x07, 0xCA, 0x13, 0xBA, 0x22, 0x73, 0xEB, 0x3F, 0xE3, 0x54, 0x2F, 0xFA, 0xCA, 0x3F, 0x64,
    0xFA, 0x50, 0x83, 0x1A, 0xB0, 0x2D, 0xD2, 0x2E, 0x83, 0x6E, 0x60, 0xBD, 0xBC, 0x89, 0x41, 0xCF,
    0xBC, 0xDB, 0xCB, 0x18, 0xF4, 0xC1, 0x83, 0xF2, 0x94, 0xA6, 0x8E, 0x72, 0xA4, 0x5C, 0x68, 0xD0,
    0xC2, 0x3C, 0x0C, 0x34, 0x28, 0xD8, 0x66, 0x57, 0x36, 0x89, 0x39, 0x89, 0x13, 0x76, 0x78, 0x75,
    0x7F, 0xD9, 0x90, 0x7B, 0x5F, 0xA7, 0x59, 0x58, 0x8C, 0x0A, 0xEC, 0x4E, 0xD9, 0x33, 0xEE, 0x91,
    0x7F, 0x53, 0x4B, 0x06, 0xC1, 0xF7, 0x5F, 0xB2, 0xB2, 0x3F, 0x87, 0x6B, 0xE7, 0x09, 0x1C, 0xAE,
    0x34, 0xB3, 0xEB, 0xDC, 0xAE, 0xBC, 0x68, 0x1D, 0x57, 0xBE, 0x6C, 0xBA, 0x7E, 0xE2, 0xC1, 0x9F,
    0x6F, 0x29, 0x4C, 0x97, 0x98, 0xA7, 0xBA, 0x63, 0x23, 0xA8, 0x0F, 0x8F, 0xAF, 0x16, 0x91, 0xF3,
    0xC7, 0xA0, 0x2A, 0xAB, 0x0D, 0x4B, 0x7D, 0xCE, 0x29, 0x3D, 0x30, 0xAE, 0x39, 0xDF, 0xDE, 0xA5,
    0x59, 0x7E, 0x01, 0x62, 0x20, 0x9C, 0xA1, 0x78, 0x9C, 0xC5, 0x91, 0xBD, 0x0D, 0xC2, 0x30, 0x10,
    0x85, 0x93, 0x88, 0x9F, 0x08, 0x04, 0x64, 0x13, 0x56, 0xC8, 0x06, 0x8C, 0xC0, 0x00, 0x14, 0x30,
    0x01, 0xAC, 0xC0, 0x06, 0xB0, 0x41, 0x3A, 0x44, 0x47, 0x5A, 0xC4, 0x10, 0x1E, 0x81, 0x82, 0x02,
    0x8A, 0xC0, 0xC7, 0xF9, 0x2C, 0x3B, 0x46, 0xA2, 0xCF, 0x55, 0x9F, 0xAC, 0xD3, 0xBB, 0xF7, 0x9E,
    0x21, 0x4F, 0xFC, 0xD0, 0x1D, 0x17, 0xA7, 0xB7, 0x59, 0xA5, 0x8E, 0x9F, 0xC8, 0xAC, 0x95, 0xCF,
    0xE8, 0x8C, 0x2D, 0x83, 0xB9, 0x7D, 0xA0, 0x52, 0xDE, 0xA5, 0x49, 0xD9, 0x40, 0x5F, 0xD8, 0x64,
    0xB2, 0x7A, 0x84, 0xA9, 0xF0, 0x5C, 0xF5, 0x1A, 0x96, 0xC2, 0x33, 0xE5, 0x07, 0x97, 0x70, 0xAB,
    0x86, 0xC0, 0x1B, 0xC8, 0x3C, 0x97, 0x22, 0xE4, 0xB9, 0x80, 0x41, 0xF0, 0x06, 0xC3, 0x88, 0xF3,
    0x7F, 0xEF, 0xF1, 0x7E, 0xAC, 0x13, 0xEB, 0xD7, 0xDC, 0x13, 0xEB, 0xCF, 0xF9, 0xA9, 0x22, 0x9F,
    0x0B, 0xEF, 0x7F, 0x0F, 0x13, 0x9B, 0x6B, 0xEB, 0x72, 0xF5, 0xDA, 0xBC, 0x07, 0x7B, 0xEE, 0xEA,
    0x7A, 0x18, 0xA9, 0x8D, 0x57, 0xDB, 0xCF, 0x4F, 0x6F, 0x9D, 0xFC, 0xDD, 0x17, 0x96, 0x3D, 0xC1,
    0xC0, 0x78, 0x9C, 0x95, 0x91, 0xCB, 0x4D, 0x03, 0x41, 0x0C, 0x86, 0x87, 0xF0, 0x08, 0x8F, 0x08,
    0xB8, 0x70, 0xE1, 0x90, 0x9D, 0x02, 0x90, 0x90, 0x68, 0x00, 0x4A, 0x80, 0x0A, 0xE0, 0xC0, 0x9D,
    0xBD, 0x71, 0x4C, 0x3A, 0x80, 0x0E, 0x92, 0x0E, 0x92, 0x0E, 0x82, 0xD2, 0xC0, 0xD2, 0x01, 0xE9,
    0x20, 0x01, 0x02, 0x01, 0x76, 0xA3, 0x0F, 0xDB, 0x33, 0xBB, 0x59, 0x71, 0xC3, 0x07, 0xEB, 0xD3,
    0xD8, 0xFE, 0xFD, 0x18, 0xE7, 0x7C, 0x71, 0xE2, 0x9C, 0x1B, 0x67, 0x0D, 0xF1, 0x4F, 0x64, 0xE2,
    0x0B, 0x5A, 0xE2, 0x67, 0x20, 0x1E, 0x0E, 0xFE, 0xBC, 0xD7, 0xF3, 0xFF, 0x67, 0xCF, 0xB0, 0x66,
    0xF0, 0x4E, 0xA7, 0x0B, 0x5B, 0xC6, 0x5F, 0x24, 0x1E, 0xF6, 0x8C, 0x97, 0xD2, 0x60, 0x49, 0xA2,
    0xE8, 0x35, 0xBE, 0xE0, 0x4E, 0x39, 0xD5, 0xBA, 0x37, 0x46, 0xCE, 0x26, 0x19, 0xA9, 0x33, 0xA1,
    0x57, 0x0D, 0xA7, 0x41, 0xE8, 0x53, 0xCB, 0x0E, 0xB1, 0x09, 0x73, 0x93, 0x2B, 0x4C, 0x08, 0x36,
    0x2D, 0x2A, 0x99, 0x97, 0xB6, 0x90, 0x54, 0xC9, 0x2E, 0x7D, 0x06, 0xCA, 0x43, 0x15, 0x9A, 0x70,
    0xAD, 0x7C, 0x03, 0x4D, 0x37, 0xB7, 0x75, 0xB5, 0xAC, 0x25, 0x93, 0xED, 0x18, 0xE7, 0x9C, 0xCA,
    0x54, 0x1B, 0xC6, 0x1F, 0x74, 0x3C, 0xD3, 0xB0, 0xCE, 0x8C, 0x2C, 0xA5, 0x17, 0xB8, 0x0F, 0x63,
    0xCE, 0x03, 0x4B, 0x9F, 0x6F, 0xF6, 0xE3, 0xCE, 0x88, 0x6D, 0x47, 0xFE, 0x11, 0x5E, 0x8F, 0x3C,
    0x87, 0x97, 0xF2, 0x2E, 0x13, 0x78, 0x28, 0xF9, 0x11, 0xE9, 0x16, 0xED, 0x82, 0x4A, 0x46, 0x85,
    0x9A, 0x35, 0xAE, 0x8E, 0xEF, 0xED, 0x67, 0x82, 0x75, 0xC3, 0xB9, 0xA2, 0x66, 0x52, 0xF1, 0x82,
    0xDD, 0x9A, 0x64, 0x9C, 0xE0, 0xEC, 0x36, 0x0F, 0x37, 0xB0, 0x04, 0x68, 0xAF, 0x78, 0xDA, 0x58,
    0xF1, 0x71, 0x59, 0x79, 0x75, 0x7F, 0x54, 0xE2, 0x2F, 0x19, 0xB2, 0xA1, 0x17,
};
const GFXglyph RobotoGlyphs[] = {
    { 0, 0, 12, 0, 0, 8, 0 }, //  
    { 5, 36, 13, 4, 36, 30, 8 }, // !
    { 10, 12, 16, 3, 38, 57, 38 }, // "
    { 27, 36, 31, 3, 36, 206, 95 }, // #
    { 23, 47, 28, 3, 42, 265, 301 }, // $
    { 32, 36, 37, 3, 36, 265, 566 }, // %
    { 29, 36, 31, 2, 36, 286, 831 }, // &
    { 3, 12, 9, 3, 38, 13, 1117 }, // '
    { 13, 53, 17, 3, 41, 190, 1130 }, // (
    { 14, 53, 17, 0, 41, 188, 1320 }, // )
    { 22, 21, 22, 0, 36, 145, 1508 }, // *
    { 25, 27, 29, 2, 30, 44, 1653 }, // +
    { 8, 13, 10, 0, 5, 49, 1697 }, // ,
    { 12, 4, 14, 1, 17, 14, 1746 }, // -
    { 6, 5, 14, 4, 5, 23, 1760 }, // .
    { 20, 39, 21, 0, 36, 158, 1783 }, // /
    { 23, 36, 28, 3, 36, 209, 1941 }, // 0
    { 14, 36, 28, 4, 36, 56, 2150 }, // 1
    { 24, 36, 28, 2, 36, 207, 2206 }, // 2
    { 23, 36, 28, 2, 36, 245, 2413 }, // 3
    { 26, 36, 28, 1, 36, 142, 2658 }, // 4
    { 23, 36, 28, 4, 36, 222, 2800 }, // 5
    { 23, 36, 28, 3, 36, 250, 3022 }, // 6
    { 24, 36, 28, 2, 36, 156, 3272 }, // 7
    { 23, 36, 28, 3, 36, 270, 3428 }, // 8
    { 23, 36, 28, 2, 36, 246, 3698 }, // 9
    { 6, 27, 12, 3, 27, 29, 3944 }, // :
    { 8, 34, 11, 1, 27, 65, 3973 }, // ;
    { 20, 23, 26, 2, 27, 128, 4038 }, // <
    { 20, 14, 27, 4, 24, 23, 4166 }, // =
    { 21, 23, 26, 3, 27, 124, 4189 }, // >
    { 20, 36, 24, 2, 36, 179, 4313 }, // ?
    { 40, 47, 45, 3, 36, 485, 4492 }, // @
    { 32, 36, 33, 1, 36, 251, 4977 }, // A
    { 24, 36, 31, 4, 36, 192, 5228 }, // B
    { 28, 36, 32, 3, 36, 222, 5420 }, // C
    { 26, 36, 32, 4, 36, 176, 5642 }, // D
    { 23, 36, 28, 4, 36, 43, 5818 }, // E
    { 22, 36, 28, 4, 36, 38, 5861 }, // F
    { 28, 36, 34, 3, 36, 255, 5899 }, // G
    { 27, 36, 35, 4, 36, 34, 6154 }, // H
    { 5, 36, 13, 4, 36, 14, 6188 }, // I
    { 23, 36, 27, 1, 36, 116, 6202 }, // J
    { 28, 36, 31, 4, 36, 193, 6318 }, // K
    { 22, 36, 27, 4, 36, 29, 6511 }, // L
    { 36, 36, 44, 4, 36, 228, 6540 }, // M
    { 28, 36, 36, 4, 36, 132, 6768 }, // N
    { 29, 36, 34, 3, 36, 237, 6900 }, // O
    { 26, 36, 31, 4, 36, 141, 7137 }, // P
    { 29, 42, 35, 3, 36, 268, 7278 }, // Q
    { 26, 36, 30, 4, 36, 190, 7546 }, // R
    { 26, 36, 30, 2, 36, 267, 7736 }, // S
    { 28, 36, 30, 1, 36, 36, 8003 }, // T
    { 26, 36, 32, 3, 36, 126, 8039 }, // U
    { 32, 36, 32, 0, 36, 245, 8165 }, // V
    { 43, 36, 44, 1, 36, 384, 8410 }, // W
    { 30, 36, 31, 1, 36, 260, 8794 }, // X
    { 30, 36, 30, 0, 36, 180, 9054 }, // Y
    { 27, 36, 31, 2, 36, 149, 9234 }, // Z
    { 9, 49, 14, 4, 41, 27, 9383 }, // [
    { 20, 39, 21, 1, 36, 157, 9410 }, // <backslash>
    { 10, 49, 13, 0, 41, 33, 9567 }, // ]
    { 19, 18, 21, 1, 36, 121, 9600 }, // ^
    { 22, 4, 24, 1, 0, 14, 9721 }, // _
    { 11, 7, 15, 1, 37, 42, 9735 }, // `
    { 22, 27, 28, 3, 27, 194, 9777 }, // a
    { 23, 38, 28, 3, 38, 168, 9971 }, // b
    { 22, 27, 26, 2, 27, 181, 10139 }, // c
    { 23, 38, 28, 2, 38, 171, 10320 }, // d
    { 23, 27, 26, 2, 27, 201, 10491 }, // e
    { 16, 38, 17, 1, 38, 79, 10692 }, // f
    { 23, 38, 28, 2, 27, 240, 10771 }, // g
    { 21, 37, 27, 3, 37, 97, 11011 }, // h
    { 5, 36, 11, 3, 36, 30, 11108 }, // i
    { 10, 47, 12, -2, 36, 65, 11138 }, // j
    { 22, 38, 25, 3, 38, 162, 11203 }, // k
    { 5, 38, 12, 4, 38, 14, 11365 }, // l
    { 37, 27, 43, 3, 27, 140, 11379 }, // m
    { 21, 27, 27, 3, 27, 91, 11519 }, // n
    { 24, 27, 28, 2, 27, 179, 11610 }, // o
    { 23, 37, 28, 3, 27, 166, 11789 }, // p
    { 23, 37, 28, 2, 27, 172, 11955 }, // q
    { 13, 27, 16, 3, 27, 56, 12127 }, // r
    { 21, 27, 25, 2, 27, 203, 12183 }, // s
    { 15, 34, 17, 1, 34, 72, 12386 }, // t
    { 21, 27, 27, 3, 27, 96, 12458 }, // u
    { 24, 27, 24, 0, 27, 184, 12554 }, // v
    { 36, 27, 38, 1, 27, 279, 12738 }, // w
    { 23, 27, 25, 1, 27, 200, 13017 }, // x
    { 24, 38, 24, 0, 27, 237, 13217 }, // y
    { 21, 27, 25, 2, 27, 121, 13454 }, // z
    { 15, 48, 17, 2, 39, 179, 13575 }, // {
    { 4, 43, 12, 4, 36, 14, 13754 }, // |
    { 16, 50, 17, 0, 40, 155, 13768 }, // }
    { 28, 10, 34, 3, 20, 120, 13923 }, // ~
    { 0, 0, 12, 0, 0, 8, 14043 }, //  
    { 5, 36, 11, 3, 27, 30, 14051 }, // ¡
    { 22, 39, 28, 3, 33, 192, 14081 }, // ¢
    { 25, 36, 29, 2, 36, 166, 14273 }, // £
    { 31, 33, 35, 2, 32, 301, 14439 }, // ¤
    { 27, 36, 25, -1, 36, 161, 14740 }, // ¥
    { 5, 43, 12, 4, 36, 21, 14901 }, // ¦
    { 26, 48, 30, 2, 36, 356, 14922 }, // §
    { 16, 5, 21, 2, 36, 38, 15278 }, // ¨
    { 35, 37, 39, 2, 36, 328, 15316 }, // ©
    { 16, 20, 23, 4, 36, 133, 15644 }, // ª
    { 20, 20, 23, 2, 24, 151, 15777 }, // «
    { 21, 11, 28, 3, 20, 30, 15928 }, // ¬
    { 12, 4, 14, 1, 17, 14, 15958 }, // ­
    { 35, 37, 39, 2, 36, 347, 15972 }, // ®
    { 16, 4, 22, 3, 36, 14, 16319 }, // ¯
    { 12, 13, 18, 3, 37, 76, 16333 }, // °
    { 23, 31, 27, 2, 31, 56, 16409 }, // ±
    { 15, 20, 19, 2, 36, 123, 16465 }, // ²
    { 15, 20, 19, 2, 36, 137, 16588 }, // ³
    { 11, 7, 16, 3, 37, 43, 16725 }, // ´
    { 21, 37, 29, 4, 27, 80, 16768 }, // µ
    { 19, 36, 25, 2, 36, 89, 16848 }, // ¶
    { 6, 5, 14, 4, 20, 23, 16937 }, // ·
    { 8, 11, 13, 3, 0, 55, 16960 }, // ¸
    { 11, 20, 19, 2, 36, 45, 17015 }, // ¹
    { 17, 20, 23, 3, 36, 145, 17060 }, // º
    { 20, 20, 23, 2, 24, 147, 17205 }, // »
    { 34, 36, 37, 2, 36, 231, 17352 }, // ¼
    { 35, 36, 39, 1, 36, 266, 17583 }, // ½
    { 35, 36, 39, 3, 36, 309, 17849 }, // ¾
    { 20, 36, 24, 2, 27, 174, 18158 }, // ¿
    { 32, 46, 33, 1, 46, 287, 18332 }, // À
    { 32, 46, 33, 1, 46, 286, 18619 }, // Á
    { 32, 46, 33, 1, 46, 304, 18905 }, // Â
    { 32, 46, 33, 1, 46, 305, 19209 }, // Ã
    { 32, 44, 33, 1, 44, 283, 19514 }, // Ä
    { 32, 48, 33, 1, 48, 303, 19797 }, // Å
    { 47, 36, 47, -1, 36, 270, 20100 }, // Æ
    { 28, 47, 33, 3, 36, 285, 20370 }, // Ç
    { 23, 46, 28, 4, 46, 85, 20655 }, // È
    { 23, 46, 28, 4, 46, 86, 20740 }, // É
    { 23, 46, 28, 4, 46, 106, 20826 }, // Ê
    { 23, 44, 28, 4, 44, 76, 20932 }, // Ë
    { 11, 46, 13, -2, 46, 59, 21008 }, // Ì
    { 11, 46, 13, 3, 46, 55, 21067 }, // Í
    { 15, 46, 13, -1, 46, 73, 21122 }, // Î
    { 16, 44, 14, -1, 44, 48, 21195 }, // Ï
    { 30, 36, 33, 1, 36, 189, 21243 }, // Ð
    { 28, 46, 36, 4, 46, 212, 21432 }, // Ñ
    { 29, 46, 34, 3, 46, 272, 21644 }, // Ò
    { 29, 46, 34, 3, 46, 268, 21916 }, // Ó
    { 29, 46, 34, 3, 46, 276, 22184 }, // Ô
    { 29, 46, 34, 3, 46, 290, 22460 }, // Õ
    { 29, 44, 34, 3, 44, 258, 22750 }, // Ö
    { 23, 23, 27, 2, 28, 172, 23008 }, // ×
    { 29, 39, 34, 3, 37, 333, 23180 }, // Ø
    { 26, 46, 32, 3, 46, 168, 23513 }, // Ù
    { 26, 46, 32, 3, 46, 168, 23681 }, // Ú
    { 26, 46, 32, 3, 46, 173, 23849 }, // Û
    { 26, 44, 32, 3, 44, 157, 24022 }, // Ü
    { 30, 45, 30, 0, 45, 212, 24179 }, // Ý
    { 23, 36, 29, 4, 36, 132, 24391 }, // Þ
    { 24, 39, 29, 3, 39, 240, 24523 }, // ß
    { 22, 38, 28, 3, 38, 226, 24763 }, // à
    { 22, 38, 28, 3, 38, 226, 24989 }, // á
    { 22, 38, 28, 3, 38, 240, 25215 }, // â
    { 22, 38, 28, 3, 38, 257, 25455 }, // ã
    { 22, 36, 28, 3, 36, 214, 25712 }, // ä
    { 23, 41, 28, 3, 41, 268, 25926 }, // å
    { 39, 27, 42, 2, 27, 305, 26194 }, // æ
    { 22, 38, 26, 2, 27, 222, 26499 }, // ç
    { 23, 38, 26, 2, 38, 222, 26721 }, // è
    { 23, 38, 26, 2, 38, 226, 26943 }, // é
    { 23, 38, 26, 2, 38, 243, 27169 }, // ê
    { 23, 36, 26, 2, 36, 222, 27412 }, // ë
    { 11, 38, 13, -2, 38, 53, 27634 }, // ì
    { 12, 38, 13, 3, 38, 54, 27687 }, // í
    { 16, 38, 13, -2, 38, 66, 27741 }, // î
    { 16, 36, 12, -2, 36, 46, 27807 }, // ï
    { 23, 40, 29, 3, 40, 281, 27853 }, // ð
    { 21, 38, 27, 3, 38, 150, 28134 }, // ñ
    { 24, 38, 28, 2, 38, 197, 28284 }, // ò
    { 24, 38, 28, 2, 38, 210, 28481 }, // ó
    { 24, 38, 28, 2, 38, 223, 28691 }, // ô
    { 24, 38, 28, 2, 38, 239, 28914 }, // õ
    { 24, 36, 28, 2, 36, 203, 29153 }, // ö
    { 24, 25, 28, 2, 29, 47, 29356 }, // ÷
    { 24, 33, 28, 2, 30, 245, 29403 }, // ø
    { 21, 38, 27, 3, 38, 131, 29648 }, // ù
    { 21, 38, 27, 3, 38, 134, 29779 }, // ú
    { 21, 38, 27, 3, 38, 152, 29913 }, // û
    { 21, 36, 27, 3, 36, 123, 30065 }, // ü
    { 24, 49, 24, 0, 38, 267, 30188 }, // ý
    { 23, 48, 29, 4, 38, 170, 30455 }, // þ
    { 24, 47, 24, 0, 36, 268, 30625 }, // ÿ
};
const UnicodeInterval RobotoIntervals[] = {
    { 0x20, 0x7E, 0x0 },
    { 0xA0, 0xFF, 0x5F },
};
const GFXfont Roboto = {
    (uint8_t*)RobotoBitmaps,
    (GFXglyph*)RobotoGlyphs,
    (UnicodeInterval*)RobotoIntervals,
    2,
    1,
    59,
    47,
    -13,
};
